time_from_present_myr,ra_deg,dec_deg,distance_kpc,galactocentric_radius_kpc,pm_ra_cosdec_masyr,pm_dec_masyr,radial_velocity_kms
-1000.0,270.1891525614845,-18.983851564203384,9.79205207274258,2.3387244719866285,-0.44674601010660286,-6.549563360732489,97.44661074109537
-999.7082282627016,270.3595559613771,-19.14893212308494,9.837651258767984,2.3630079507041124,-0.44866441030451815,-6.590112552884156,94.5629622698448
-999.4164565254032,270.528272489409,-19.318413349526384,9.882303893419571,2.387078884986366,-0.45226018722610917,-6.628447037846169,91.70277947391749
-999.1246847881048,270.69519565216484,-19.49206648631263,9.926010877116411,2.4109274887685346,-0.4576372919629977,-6.664597654729328,88.86749860390788
-998.8329130508064,270.86020766127757,-19.669666273986522,9.96877366764628,2.4345441995511017,-0.4649286489303584,-6.698575067348385,86.05816877052382
-998.5411413135079,271.02317675845046,-19.850989000858156,10.010594156337431,2.457919487004374,-0.47429996713585443,-6.730364558467733,83.27549722422404
-998.2493695762095,271.18395404698293,-20.035810265580857,10.051474550612243,2.481043641813865,-0.48596005102896656,-6.759921167801034,80.51971512806236
-997.957597838911,271.342369103414,-20.223902235685568,10.091417207024264,2.5039064818951706,-0.5001741972048964,-6.787163386829146,77.7905022770683
-997.6658261016127,271.4982248682114,-20.41503046385329,10.130424441375036,2.5264969972558315,-0.517269383750297,-6.811968565208418,75.08684092960985
-997.3740543643142,271.65129256284956,-20.60895082174324,10.168498302065753,2.5488028983568287,-0.5376215487116782,-6.834182025714507,72.40690349861384
-997.0822826270158,271.8013101174409,-20.805408241711685,10.205640317054302,2.5708100976803236,-0.5615502447354972,-6.853676684855504,69.74802050894131
-996.7905108897174,271.94800589340736,-21.00414884860118,10.241851297375034,2.59250230991782,-0.5888761663266197,-6.870597929975973,67.10720882891594
-996.498739152419,272.09113860733567,-21.20493993406451,10.2771313519673,2.613861285747141,-0.619146788235034,-6.885233372383167,64.48183505479079
-996.2069674151205,272.23050464047327,-21.407572765571594,10.311480004939934,2.634867389871733,-0.6519314027206887,-6.897848579884087,61.86964126109093
-995.9151956778221,272.3659341979003,-21.611859804874516,10.344896317280172,2.6555001302345054,-0.6868578989315985,-6.908670971602308,59.26881464013388
-995.6234239405237,272.49728664785084,-21.817631732082127,10.377378991194062,2.6757385805251235,-0.7236096979150933,-6.917894157397535,56.67789351949687
-995.3316522032253,272.624444880966,-22.02473426013681,10.408926467013089,2.6955616913918217,-0.7619322805450087,-6.925674214554674,54.09561548491721
-995.0398804659269,272.74731214160045,-22.233026255812668,10.439536967126529,2.714948514695007,-0.8015928518784414,-6.932158024035992,51.52094805683181
-994.7481087286285,272.8658087931843,-22.442378272338782,10.469208579198245,2.7338783872224903,-0.842415419733414,-6.9374634558827974,48.95311538795274
-994.4563369913301,272.97986836134277,-22.652670434288453,10.497939289744508,2.7523310346433374,-0.8842442561623591,-6.941695737889875,46.3913906719494
-994.1645652540317,273.089437170548,-22.86379227462403,10.525727033414254,2.7702867098452533,-0.9269285019139186,-6.944962748806932,43.83535501683289
-993.8727935167333,273.194472434203,-23.07564212355769,10.552569770648518,2.7877262952807333,-0.9703583982440469,-6.947353598764521,41.28475332528486
-993.5810217794349,273.29493847846373,-23.288125282409766,10.57846549540828,2.8046312938664886,-1.0144539815831095,-6.948940370059575,38.73928529612023
-993.2892500421365,273.39080634321294,-23.501153706143132,10.603412248194342,2.82098388440839,-1.0591253779847984,-6.949802326299675,36.1988586908877
-992.9974783048381,273.4820542949565,-23.714646378667045,10.627408178390315,2.8367670284509363,-1.104286359555191,-6.950019031156405,33.663550045228746
-992.7057065675397,273.56866649881084,-23.92852890694581,10.650451572957044,2.8519644913145625,-1.1498787679878004,-6.949658435972209,31.133487925131046
-992.4139348302411,273.6506299207528,-24.142732004894416,10.672540844377828,2.8665607725761686,-1.1958773614613758,-6.948769715876713,28.608705840418374
-992.1221630929427,273.72793321542883,-24.357190829333618,10.693674515656738,2.8805410765762276,-1.2422515164536778,-6.947404260571595,26.08931502804203
-991.8303913556443,273.8005675101851,-24.57184523600297,10.713851241354279,2.89389136995679,-1.2889646715024559,-6.945616010318797,23.575461100231305
-991.5386196183459,273.86852653340446,-24.78663989867543,10.733069810263116,2.9065983977456478,-1.3359836241859693,-6.943458920564221,21.067314350901952
-991.2468478810475,273.9318060581431,-25.001524010261356,10.751329142731976,2.9186496751332203,-1.383284494576951,-6.940981030208724,18.565041797186357
-990.955076143749,273.99040257472006,-25.21645064678013,10.768628280624105,2.9300334385228513,-1.430864046661295,-6.938220196644793,16.068746172917578
-990.6633044064506,274.04431170547105,-25.43137579445359,10.784966354451663,2.940738564237198,-1.4787319006713204,-6.93520369695376,13.57843288418492
-990.3715326691522,274.0935277669662,-25.646257993939688,10.800342563455994,2.950754530862931,-1.5268945895525732,-6.931960337474448,11.094107250936482
-990.0797609318538,274.1380441751912,-25.86105840777361,10.81475616843647,2.9600714247974307,-1.575357346955129,-6.9285185645440395,8.615753440917203
-989.7879891945554,274.177853426124,-26.075740794109134,10.828206489758681,2.9686799332574396,-1.624125208865971,-6.924905937020893,6.143333391907836
-989.4962174572569,274.2129470149342,-26.290271286497685,10.84069288599946,2.9765713226301704,-1.673206845629113,-6.921147015515958,3.676786196192412
-989.2044457199585,274.2433151542282,-26.504618134447067,10.852214748634111,2.9837374211431165,-1.7226136798794807,-6.917262847557008,1.215998853889163
-988.9126739826601,274.2689463691046,-26.718751370038305,10.862771478345676,2.990170578251552,-1.7723627702856353,-6.913270452589395,-1.2391874666155722
-988.6209022453617,274.28982708791415,-26.93264249095244,10.872362458505396,2.9958636191372334,-1.822475762636641,-6.9091829562799045,-3.6890388416698063
-988.3291305080631,274.30594127845274,-27.146264127380586,10.880987042948846,3.0008098142090525,-1.8729774575567275,-6.9050097899838265,-6.133804002087701
-988.0373587707647,274.31727014382005,-27.359589767429892,10.888644544240835,3.0050028502986073,-1.923896686433942,-6.9007579414643,-8.573777555556651
-987.7455870334663,274.32379197320273,-27.57259358255824,10.895334220345651,3.008436807168909,-1.9752607177659929,-6.896433013385773,-11.009293981110508
-987.4538152961679,274.32548224855935,-27.78525036664486,10.901055264453184,3.0111061505336383,-2.0270986530882364,-6.8920390600131265,-13.440703951820856
-987.1620435588695,274.3223134366388,-27.997535336951334,10.905806803704177,3.0130057198177713,-2.07944019681011,-6.887578556372369,-15.868336110940064
-986.870271821571,274.3142550304667,-28.20942397230823,10.909587881278677,3.0141307142733442,-2.1323158291950137,-6.8830512737445835,-18.292620036911636
-986.5785000842726,274.3012733439614,-28.42089186527546,10.912397449884185,3.0144766773812353,-2.1857585968144715,-6.878456106528273,-20.713957873851605
-986.2867283469742,274.2833312970257,-28.631914520045076,10.91423435967976,3.0140394772530943,-2.239803779467148,-6.87378857007772,-23.132805933488903
-985.9949566096758,274.2603883653385,-28.84246712860614,10.915097349199929,3.0128152998368622,-2.2944868658556437,-6.869041350991046,-25.54962323124827
-985.7031848723773,274.232400383759,-29.05252436497606,10.914985047186802,3.0108006452972527,-2.3498460058299417,-6.86420619854323,-27.96486203105127
-985.4114131350789,274.1993194449683,-29.262060250003316,10.913895954120658,3.00799231156644,-2.405920322959351,-6.859271517143684,-30.379070967510515
-985.1196413977805,274.1610937412148,-29.471047883316317,10.911828436644152,3.004387388738481,-2.4627508751086475,-6.854224455866922,-32.79273931045604
-984.8278696604821,274.117667450385,-29.67945937062453,10.908780724112953,2.999983259513192,-2.5203795661999076,-6.849048954146372,-35.20643273995209
-984.5360979231837,274.06898059298044,-29.88726549264454,10.904750904288985,2.9947775987057064,-2.578850619669132,-6.843727040839545,-37.620672950773574
-984.2443261858851,274.0149689300951,-30.09443558753682,10.89973691523844,2.988768373496945,-2.6382086982070425,-6.838237791727504,-40.03603845527147
-983.9525544485867,273.9555638562509,-30.30093733286646,10.893736541656528,2.981953849521043,-2.698499727140436,-6.832559073358083,-42.45309468628449
-983.6607827112883,273.89069229976405,-30.50673652250541,10.886747410483721,2.9743325986447804,-2.7597715971967793,-6.826664747722659,-44.8724559662069
-983.3690109739899,273.8202765706176,-30.711796882496213,10.878766989634999,2.9659035098102695,-2.822073583318838,-6.820527232408059,-47.29466993717499
-983.0772392366914,273.7442342208486,-30.916079768339305,10.869792592479328,2.9566658071366994,-2.885455611752257,-6.814113971777377,-49.72033103396237
-982.785467499393,273.66247802697103,-31.1195439024853,10.85982136223009,2.9466190577585154,-2.94996924452515,-6.807390630110963,-52.150070246033394
-982.4936957620946,273.5749157465903,-31.322145127540054,10.848850279998164,2.9357631938068742,-3.0156681638424487,-6.800318884277116,-54.5844433618291
-982.2019240247962,273.4814500878751,-31.523836115266032,10.836876173848704,2.9240985483917252,-3.0826066381249637,-6.7928565535929,-57.02405163510964
-981.9101522874978,273.3819785648042,-31.72456597452147,10.823895706064206,2.911625866027534,-3.150840561584467,-6.784956903592781,-59.469488284156775
-981.6183805501993,273.2763934113255,-31.924279934763494,10.809905379939547,2.898346338925889,-3.2204266396028363,-6.776569324852501,-61.921359258125264
-981.3266088129009,273.16458149476745,-32.12291897528273,10.794901551896627,2.884261650588211,-3.291423456688432,-6.767637752845336,-64.38015313835733
-981.0348370756025,273.0464242070544,-32.320419357514126,10.778880434988247,2.8693740110861885,-3.3638899843723484,-6.758100738594311,-66.84643851164986
-980.7430653383041,272.9217974474107,-32.516712174317995,10.76183811221083,2.853686209562047,-3.437886001191988,-6.747891091988255,-69.32073013415987
-980.4512936010057,272.7905716229089,-32.71172292827725,10.74377053477225,2.837201658046458,-3.5134715401819294,-6.736935852901518,-71.80348988148937
-980.1595218637071,272.6526116597919,-32.905370919110055,10.72467355278778,2.8199244642749366,-3.590706529401166,-6.725154461376421,-74.29515115914096
-979.8677501264087,272.50777704775965,-33.09756872246032,10.704542924135689,2.8018594918427033,-3.669650713627579,-6.712459825171122,-76.7960780553445
-979.5759783891103,272.3559219503314,-33.28822154769656,10.683374343184331,2.7830124418962687,-3.7503633326394477,-6.6987562768387745,-79.30656543199966
-979.2842066518119,272.19689541889477,-33.47722657304548,10.661163469070873,2.76338994151728,-3.8329011985019257,-6.683939577121636,-81.82680089143733
-978.9924349145134,272.03054164477203,-33.664472205026776,10.637905957491187,2.742999637482766,-3.917318864974539,-6.66789710332865,-84.35691076526683
-978.700663177215,271.85670037590654,-33.8498373883993,10.613597498119052,2.7218503075900444,-4.003666693945651,-6.650505939306578,-86.89687238939953
-978.4088914399166,271.67520745349873,-34.03319076443241,10.588233871422611,2.6999519914383665,-4.091989957018006,-6.631633736004954,-89.446487388539
-978.1171197026182,271.48589545523265,-34.214389823503524,10.561810999980151,2.6773161218528547,-4.1823277340455824,-6.611136695562685,-92.00542528317581
-977.8253479653198,271.2885944860241,-34.393280003472704,10.53432501291213,2.653955673144214,-4.274712367147127,-6.5888601901809585,-94.57312205622655
-977.5335762280213,271.0831331035078,-34.56969380209505,10.505772323736274,2.6298853284112225,-4.369165864405054,-6.564637409220283,-97.14877921001563
-977.2418044907229,270.8693395078144,-34.74344970172658,10.476149716825226,2.60512165367977,-4.465699442553417,-6.538289140653073,-99.73139986270854
-976.9500327534245,270.6470428577533,-34.91435120912934,10.445454413757458,2.579683261146197,-4.564312667611058,-6.509623485991141,-102.31972198732154
-976.6582610161261,270.41607473903366,-35.08218578598581,10.413684178950042,2.5535910045431005,-4.66498994336199,-6.478435618258458,-104.91224583968187
-976.3664892788275,270.1762709354159,-35.246723793748004,10.380837407152802,2.526868162226358,-4.767699547779815,-6.444508217824095,-107.50714206786172
-976.0747175415291,269.92747351694265,-35.40771753499415,10.346913251409026,2.499540664675808,-4.872388025485578,-6.40761239578135,-110.10224746035063
-975.7829458042307,269.6695334262359,-35.56490040756697,10.311911732402525,2.471637314522174,-4.978977398184286,-6.367510601076736,-112.69504560747697
-975.4911740669323,269.40231348680936,-35.71798620033083,10.275833890064174,2.443190049718696,-5.087359153466377,-6.323957732435135,-115.2826077185797
-975.1994023296339,269.1256920603184,-35.86666874467365,10.238681928138801,2.414234218957944,-5.197386509438498,-6.276708274427793,-117.86150383300267
-974.9076305923354,268.8395677599497,-36.01062201322909,10.200459391117148,2.3848089125611973,-5.308863881959787,-6.225520566882713,-120.4278716046324
-974.615858855037,268.54386490632885,-36.14950071270613,10.161171306400991,2.354957272779322,-5.42154754598015,-6.170161311272891,-122.97752700531758
-974.3240871177386,268.2385375001138,-36.28294033690334,10.120824259546435,2.3247266317317936,-5.535168760826473,-6.110392854276635,-125.50627764179463
-974.0323153804402,267.92357187729954,-36.4105568071231,10.079426410783697,2.294168504136784,-5.649434819898455,-6.045976662849032,-128.00999866078607
-973.7405436431418,267.59898998733297,-36.53194681892993,10.03698752495197,2.2633386196418916,-5.7640179758003205,-5.976685928921253,-130.48447015016262
-973.4487719058433,267.264853985378,-36.64668927459158,9.99351905001886,2.2322970561723214,-5.878541795305355,-5.902319637450578,-132.9253080733785
-973.1570001685449,266.921272159348,-36.75434788956717,9.94903420104851,2.201108426088072,-5.992568580370348,-5.822718617170055,-135.3279514418144
-972.8652284312465,266.56840595214504,-36.854475038869865,9.90354800582399,2.1698420600339277,-6.105587770559081,-5.73777820362314,-137.68798271564683
-972.5734566939481,266.20647811643767,-36.94661658826988,9.857077212243956,2.1385720571395628,-6.217011882116919,-5.647459235603279,-140.00176478249836
-972.2816849566495,265.8357771813799,-37.03031563081789,9.809639978253555,2.107376934683285,-6.326256908894143,-5.551746768196391,-142.266964772475
-971.9899132193511,265.45665537196834,-37.10511403562742,9.76125560803896,2.0763390637351806,-6.432752572270722,-5.45066081462798,-144.4817793929976
-971.6981414820527,265.06953015111674,-37.17055704024635,9.711944537486426,2.0455445487355792,-6.535886642991832,-5.344302471575239,-146.6442700719515
-971.4063697447543,264.674889781649,-37.22620078663686,9.661728359197976,2.015083293043481,-6.6349813323765225,-5.232877600076209,-148.75284685772993
-971.1145980074559,264.2732988490639,-37.27161992223544,9.610629556762193,1.9850486795295055,-6.729328947143951,-5.1166671748964445,-150.8074502195952
-970.8228262701574,263.86539528800074,-37.306410888588985,9.558671082076778,1.9555366962442844,-6.818282079213023,-4.995983748119026,-152.80876469672185
-970.531054532859,263.45188662821585,-37.33019731723291,9.505876541356157,1.9266457152713758,-6.901182670751684,-4.871250407565033,-154.75598675688303
-970.2392827955606,263.03355122566416,-37.342638542628436,9.452270472202915,1.8984764374036711,-6.977362827073405,-4.742970921833085,-156.64847873096522
-969.9475110582622,262.61123676126715,-37.343433819259026,9.397878125693616,1.8711309053754457,-7.046157726725244,-4.611709616983228,-158.48580956396455
-969.6557393209637,262.1858593815576,-37.33233013519571,9.342725906494707,1.8447121810708318,-7.106919844134879,-4.478137618501793,-160.2651095684136
-969.3639675836653,261.7583972726766,-37.30912636339791,9.286841744245029,1.8193235671953192,-7.159021750328716,-4.3429601890783465,-161.98333284670844
-969.0721958463669,261.32989570528446,-37.27368140102255,9.230255326562382,1.7950674846090384,-7.201776006919764,-4.207012747500058,-163.63566065879795
-968.7804241090685,260.9014610849858,-37.22591839427336,9.172998485064065,1.7720441496296138,-7.234524926230797,-4.071164015390777,-165.21666237849547
-968.4886523717701,260.47426575928563,-37.16583241796841,9.115105326341157,1.7503496794267295,-7.256565241626371,-3.9363739541032507,-166.7204116887346
-968.1968806344715,260.04954531002903,-37.09349411709774,9.056612227010346,1.7300736989261842,-7.26717387942111,-3.8036543899405024,-168.14132619107653
-967.9051088971731,259.6285926152091,-37.00905036265524,8.99755759162787,1.7112965187573448,-7.2658510720492115,-3.6738929068246664,-169.4748865204193
-967.6133371598747,259.2126981987406,-36.91269413811897,8.937981553433833,1.6940867193859572,-7.252908378986699,-3.547431898564306,-170.71701222400864
-967.3215654225763,258.80309038479095,-36.804633477192546,8.877925961415645,1.6785004912359391,-7.228895173834213,-3.4244655120888527,-171.86334433672388
-967.0297936852778,258.40092867342133,-36.68508941151099,8.817434363172334,1.6645817040248563,-7.194356989166607,-3.3051990142094896,-172.90978208250667
-966.7380219479794,258.00730205124194,-36.5542961320143,8.756551846916052,1.652362077023778,-7.149830180741989,-3.1898504938481613,-173.85285910701026
-966.446250210681,257.6232314530994,-36.41250264613954,8.695324731910981,1.641861311512545,-7.095862434959735,-3.0786221383667174,-174.6901394321483
-966.1544784733826,257.2496675086543,-36.259971342516785,8.633800255260835,1.6330874765054761,-7.0329836023762,-2.971720946008453,-175.42018853532946
-965.8627067360842,256.8874930002079,-36.096978256075026,8.572026198163291,1.6260373875789922,-6.9617262251965615,-2.8693284316631806,-176.04266800666838
-965.5709349987857,256.53752209384254,-35.923811029376964,8.510050587985715,1.6206972667595732,-6.882617497896672,-2.77160865275,-176.5580008646232
-965.2791632614873,256.2005024388449,-35.740768025928546,8.447921427699917,1.617043469209079,-6.796165742485167,-2.6787047265373194,-176.96738825346688
-964.9873915241889,255.87711695562976,-35.54815640027868,8.385686470792336,1.6150433055203077,-6.702865833999045,-2.590731307364695,-177.27254822810434
-964.6956197868905,255.56798619563924,-35.346290355521106,8.323393049487725,1.6146559652922583,-6.603189996366337,-2.50777967377234,-177.47564381487447
-964.4038480495919,255.27367152944453,-35.13548949446661,8.261087939233619,1.6158334566796217,-6.497581877517574,-2.4299169215068748,-177.57907293435252
-964.1120763122935,254.99467863540397,-34.916077064024144,8.198817274226961,1.6185215581805152,-6.386456630127669,-2.3571830960348263,-177.5854096415711
-963.8203045749951,254.73146113175068,-34.68837815246512,8.136626494756602,1.6226607664525792,-6.2701979431496495,-2.2895955839542945,-177.4972305291804
-963.5285328376967,254.48442438806683,-34.45271827984669,8.074560336549629,1.6281872373850552,-6.1491585909482795,-2.227151618314641,-177.3170207275839
-963.2367611003983,254.2539293264917,-34.20942220421576,8.01266284692855,1.6350336920439332,-6.0236595203341405,-2.169831585048158,-177.04714219432165
-962.9449893630998,254.0402961219002,-33.95881285097022,7.950977410236513,1.6431302681450415,-5.89399237193861,-2.117599295248931,-176.68976639642185
-962.6532176258014,253.8438076895914,-33.701210328684994,7.88954678110425,1.6524053141233945,-5.760420034999276,-2.0704049818926937,-176.24695841747095
-962.361445888503,253.66471304765446,-33.436931368316344,7.828413097587733,1.6627861252735268,-5.62317968322307,-2.028190074649842,-175.7206788645785
-962.0696741512046,253.50323035670831,-33.1662888457653,7.767617883579121,1.6741996204573635,-5.482483478648392,-1.9908869123170732,-175.11288967268797
-961.7779024139061,253.35954968115993,-32.889591465084465,7.707202024599639,1.6865729614197484,-5.338524203223395,-1.958420842255646,-174.42563513281198
-961.4861306766077,253.23383545970515,-32.607143467851564,7.647205731191701,1.6998341138712416,-5.191473820359555,-1.9307108981826087,-173.66100570390233
-961.1943589393093,253.12622887130004,-32.31924436757272,7.58766852078402,1.7139123299557377,-5.041487473968484,-1.9076691156720629,-172.82111758318908
-960.9025872020109,253.03684989299865,-32.026188812090716,7.528629190208589,1.7287385836146358,-4.888703020994688,-1.8892040430369892,-171.90813512358
-960.6108154647125,252.96579932122452,-31.728266561678954,7.47012582107956,1.7442459231985825,-4.733243457205423,-1.8752210133749572,-170.92410015726637
-960.3190437274139,252.91316051493584,-31.4257626670592,7.412195812987989,1.7603697675075183,-4.575218401436304,-1.8656261821880795,-169.87086746337854
-960.0272719901155,252.87900101062147,-31.118957904841384,7.354875935891789,1.7770481305131565,-4.414725008860392,-1.86032789870632,-168.75006083327065
-959.7355002528171,252.8633738553214,-30.808129215690382,7.298202399031649,1.7942217877734956,-4.251851720467485,-1.859237463375709,-167.56300418086389
-959.4437285155187,252.8663186237355,-30.493550324321404,7.242210941215645,1.811834392705877,-4.086679674965767,-1.86227129579461,-166.3106644187591
-959.1519567782203,252.88786229552503,-30.175492405292992,7.186936922145128,1.829832532566973,-3.919285920774328,-1.8693494445636127,-164.99363244295043
-958.8601850409218,252.92801974862982,-29.854224772322866,7.132415414246168,1.8481657559518936,-3.749744321396751,-1.8803983397316935,-163.6122213015762
-958.5684133036234,252.9867942127193,-29.530015526592425,7.07868128597707,1.8667865483634365,-3.578127709100344,-1.8953469439231432,-162.1663680268949
-958.276641566325,253.06417744893008,-29.203132169763865,7.025769266650969,1.8856502934495312,-3.404510041832448,-1.9141287653829802,-160.65582250751507
-957.9848698290266,253.16014978979186,-28.87384211398971,6.97371400082344,1.9047152123727198,-3.228967021756633,-1.9366785909085338,-159.08006907812717
-957.6930980917282,253.27468016112584,-28.542413177409845,6.922550092874026,1.923942277938323,-3.0515763323978637,-1.962933632433632,-157.4384429020627
-957.4013263544297,253.4077259070684,-28.209113934259094,6.872312130542343,1.94329513429548,-2.872419703311828,-1.992830884775656,-155.73013302508906
-957.1095546171313,253.5592327135527,-27.874214084020988,6.823034693400858,1.9627399992296242,-2.691581497749445,-2.026308261744282,-153.9542812427367
-956.8177828798329,253.72913438131036,-27.537984723612915,6.774752357199581,1.9822455721806471,-2.509150569287447,-2.06330271204684,-152.1099406519239
-956.5260111425345,253.91735258231685,-27.200698634396424,6.727499686009085,2.0017829432522,-2.325220409017453,-2.103752060616003,-150.196128133708
-956.2342394052359,254.12379652417945,-26.862630594733293,6.681311222911111,2.021325505674735,-2.1398903268467855,-2.147593523435911,-148.2118339202979
-955.9424676679375,254.3483626098027,-26.52405765310141,6.636221475634516,2.0408488693518687,-1.953265927648462,-2.1947652969044937,-146.15599789983108
-955.6506959306391,254.59093398350893,-26.18525946776016,6.592264900668761,2.0603307811799674,-1.7654589263252614,-2.2452068414207025,-144.02756185010875
-955.3589241933407,254.85138003316106,-25.846518677061653,6.54947587576966,2.079751053732932,-1.5765908170031064,-2.298858823470517,-141.82548014957595
-955.0671524560423,255.12955572205243,-25.508121263023217,6.507888677460378,2.0990915013953364,-1.3867929302666988,-2.3556647805444,-139.54867532498676
-954.7753807187438,255.42530083941003,-25.170357089812736,6.467537455138067,2.1183358756530306,-1.1962069333025194,-2.4155734662463604,-137.19607851064563
-954.4836089814454,255.73843924473908,-24.833520433173348,6.42845620179146,2.137469797942951,-1.0049881777104999,-2.4785367348202945,-134.76665202615993
-954.191837244147,256.0687778186534,-24.49791044004318,6.390678703944141,2.156480723019259,-0.8133054294396357,-2.544511219383803,-132.259413571327
-953.9000655068486,256.4161054873154,-24.163831744114635,6.354238504797819,2.1753578750089,-0.6213442553275126,-2.613460172047722,-129.6734162373294
-953.6082937695501,256.7801921234565,-23.831595053458706,6.319168841585548,2.1940922017262645,-0.4293055431568005,-2.685353067558673,-127.00786070704348
-953.3165220322517,257.1607873694411,-23.501517669170312,6.28550257240875,2.2126763340701356,-0.2374080031444873,-2.7601646067504215,-124.26206405198006
-953.0247502949533,257.5576195617866,-23.173923938771892,6.253272094734874,2.2311045386554853,-0.04588774800929545,-2.83787469204339,-121.43554397942016
-952.7329785576549,257.9703981197154,-22.849144675735076,6.222509484865372,2.249372369222903,0.1450023607789609,-2.9184713229732817,-118.52806443699464
-952.4412068203565,258.3987983600893,-22.5275218504522,6.193245419277923,2.2674778697830353,0.3349878675437606,-3.0019452875105106,-115.53972247193856
-952.1494350830579,258.84248161083747,-22.20940230529332,6.165510473350521,2.2854196789820653,0.5237821210619115,-3.088293441441324,-112.47089764170667
-951.8576633457595,259.30108029907194,-21.895142293304502,6.139334035296426,2.3031982307260197,0.7110786126505376,-3.1775147844959877,-109.32236447297844
-951.5658916084611,259.7742003490889,-21.58510608268562,6.114744400495094,2.320815421406355,0.8965476763440487,-3.26960590961954,-106.09521922940965
-951.2741198711627,260.2614193327293,-21.279665375150625,6.09176862675434,2.3382746134199635,1.0798286393628207,-3.364559125645106,-102.79091569976018
-950.9823481338642,260.76228476854135,-20.979198659438488,6.07043240247511,2.3555805960221448,1.2605361091883944,-3.4623647228369334,-99.41128538231963
-950.6905763965658,261.27631312468134,-20.684090821544793,6.050759872864468,2.372739516031396,1.4382713675600545,-3.5630162217795105,-95.95869610659372
-950.3988046592674,261.80298996655193,-20.39473300512031,6.032773414026333,2.3897587850211646,1.6126304139709495,-3.666511043564328,-92.43624318643205
-950.107032921969,262.3417702831055,-20.111522217423303,6.016493395021025,2.4066469942199658,1.7832025806133243,-3.7728461900918635,-88.84768411644465
-949.8152611846706,262.89207828026133,-19.834860230326928,6.001937964043102,2.4234138454396428,1.9495566684166343,-3.882006020529729,-85.1973033158649
-949.5234894473721,263.4533052253365,-19.56515119808958,5.98912289580253,2.440070110356903,2.1112096632411665,-3.9939452371024218,-81.48971322210862
-949.2317177100737,264.02480441265675,-19.30279784992256,5.978061497268995,2.456627604450496,2.2675929939948505,-4.108569713644235,-77.72979698869851
-948.9399459727753,264.6058847644134,-19.04819624107372,5.968764382697909,2.4730992649991577,2.4180795919264795,-4.225737599992637,-73.9237323455856
-948.6481742354769,265.1958134711703,-18.801734165834354,5.961238901304019,2.4894991163534583,2.562126947953738,-4.3453281724224455,-70.07981316832063
-948.3564024981783,265.7938225244067,-18.563791080915205,5.955488670119245,2.5058420451796404,2.69920285751805,-4.467205112688708,-66.20703552420734
-948.0646307608799,266.3991049408302,-18.33473377555009,5.951513591780608,2.5221435007581365,2.828670382549881,-4.591168530359624,-62.31381255082245
-947.7728590235815,267.0108067983856,-18.114910118701868,5.949309973282607,2.538419128547052,2.9498269645878112,-4.716963600404656,-58.408824339203
-947.4810872862831,267.6280316291504,-17.904646240149916,5.948870001722909,2.5546846148321025,3.062104381017037,-4.844326551804408,-54.504039973109315
-947.1893155489847,268.2498456905494,-17.7042398455761,5.950180871134617,2.5709560787766867,3.1648046414407576,-4.9728340402534315,-50.612833075782994
-946.8975438116862,268.8752547794261,-17.51394383912948,5.95322508494713,2.587249874145169,3.256924639804932,-5.101908232028645,-46.74615366728688
-946.6057720743878,269.50320535308435,-17.333966804961683,5.95798086310828,2.603581190282031,3.3378837255506157,-5.2311792865691045,-42.91613965406523
-946.3140003370894,270.13262233820205,-17.164483186979353,5.964421203757427,2.6199636663496753,3.4070409483942634,-5.360081582610145,-39.13815676842817
-946.022228599791,270.76234093017695,-17.0055882710777,5.972514133850754,2.6364101569343554,3.4627907471218102,-5.4875189746964805,-35.42379468505436
-945.7304568624925,271.39112292574094,-16.857307802583918,5.982223269653246,2.6529305387784285,3.504719766488018,-5.6130217573278225,-31.78649863860988
-945.4386851251941,272.0176718048295,-16.719596924239266,5.993507394868029,2.6695311824350587,3.531003744977925,-5.735240177686224,-28.238543191200584
-945.1469133878957,272.6405649050839,-16.59230178825106,6.006321235515952,2.6862139631710575,3.5406662098082404,-5.8533018209017715,-24.791409015279882
-944.8551416505973,273.2582960010074,-16.475178832107453,6.020615505708138,2.7029743723836566,3.5318439739307896,-5.965788179091478,-21.455738680885055
-944.5633699132989,273.8692433783605,-16.367874972144953,6.036337400690696,2.7198001829238776,3.5033488243653705,-6.071636205510695,-18.24144348402154
-944.2715981760003,274.47169697249,-16.269939862211604,6.053430889833147,2.7366698647302674,3.4540464377968183,-6.169778513712244,-15.157585298163088
-943.9798264387019,275.06392151128074,-16.18085609256024,6.071836787816181,2.7535518648415485,3.3842603215864493,-6.259900000006143,-12.212273908143867
-943.6880547014035,275.64432670215973,-16.100123009820393,6.091494514204327,2.7704046134280405,3.296298580061164,-6.342694056449916,-9.41098961431121
-943.3962829641051,276.21156545522575,-16.027303403371402,6.11234143377292,2.7871800606011967,3.1931135532939874,-6.419132556753758,-6.7559816933366434
-943.1045112268067,276.7645481781415,-15.962025945251925,6.134314935422355,2.8038260129352803,3.077747645093481,-6.490188317472979,-4.246700047417881
-942.8127394895082,277.3024444474918,-15.903986606663114,6.1573530020782465,2.820289048571225,2.952532914434336,-6.556480450330184,-1.8810491269954048
-942.5209677522098,277.82463008694805,-15.852922900090702,6.181394693520943,2.8365165027449395,2.8202008302851542,-6.618852210098246,0.3453467459802536
-942.2291960149114,278.33068611519957,-15.808620539240232,6.206380727839525,2.8524580513641555,2.6822801484921177,-6.677615157097676,2.436787002625683
-941.937424277613,278.8203143032591,-15.7708752905939,6.232253487078525,2.8680660391718487,2.5404158557564704,-6.733155981664876,4.398787577109679
-941.6456525403145,279.2933678791319,-15.73951894752121,6.258957668336729,2.8832963642018625,2.396074963789935,-6.7859035260408005,6.237538298637761
-941.3538808030161,279.74978375265755,-15.714381311113613,6.286439641306158,2.8981090507210907,2.249813861302486,-6.835864906129823,7.957904492954239
-941.0621090657177,280.18955683485683,-15.695300882527139,6.314648141886898,2.9124663406139093,2.1025215616165362,-6.883255521703082,9.566113913494595
-940.7703373284193,280.6127594710469,-15.682127567776178,6.3435341295581535,2.926334340182328,1.9549595930748593,-6.9283231024927,11.068289814388645
-940.4785655911209,281.0195091473849,-15.67471776533281,6.373050645028576,2.93968200821303,1.8074252811411835,-6.971134600146412,12.469378342577993
-940.1867938538223,281.40994383665304,-15.67292499762374,6.403152641530523,2.952480606400517,1.6601818669630917,-7.0117472189529515,13.774519165703312
-939.8950221165239,281.78422830612,-15.676605168790054,6.433797130650811,2.964703808135535,1.5135672037217078,-7.050288245553633,14.989238737629151
-939.6032503792255,282.1425527142818,-15.68561974390583,6.464943157456553,2.9763275598095924,1.3678432747818745,-7.0868914847431554,16.118564393570818
-939.3114786419271,282.48512375001627,-15.69983495725018,6.496551619885146,2.987329736422207,1.2231575408258595,-7.121657117821034,17.166982771632032
-939.0197069046287,282.8121555842009,-15.719119369823758,6.528585131603051,2.9976897899165778,1.0795829940546011,-7.154659746255588,18.13873353379117
-938.7279351673302,283.1238673715072,-15.743343496966228,6.561008003465075,3.0073886069822042,0.9372023310794273,-7.185979648589967,19.038171113083717
-938.4361634300318,283.4204836825716,-15.77238087132666,6.593786246849701,3.0164084631896393,0.7960927235960545,-7.2157044552120695,19.869529569482044
-938.1443916927334,283.70223273735775,-15.806108576330592,6.626887494929206,3.0247328836007252,0.6563051638158414,-7.243919831699268,20.63682540966376
-937.852619955435,283.969344086098,-15.844407166230196,6.660280917840224,3.0323464923957464,0.5178666158799967,-7.270704762824541,21.34377259653241
-937.5608482181365,284.22204675357307,-15.887160455629152,6.693937124882938,3.0392348947143817,0.38078806211870214,-7.296133537377507,21.99384216237044
-937.2690764808381,284.46056804247974,-15.934255441735349,6.727828097126857,3.045384578972753,0.24506993769461607,-7.3202776301228765,22.590439444632555
-936.9773047435397,284.6851329756631,-15.985582415417984,6.761927161841122,3.050782840008914,0.11071201983798444,-7.343205915149617,23.136880480828054
-936.6855330062413,284.89596400680443,-16.041034999190313,6.796208951108243,3.055417735155614,-0.02229252078960521,-7.364984727225483,23.636404290500646
-936.3937612689429,285.0932802574178,-16.10051001057882,6.830649365920731,3.0592780126490617,-0.1539600623661092,-7.385676424325042,24.092170153658394
-936.1019895316443,285.27729677126734,-16.163907338346853,6.865225515459844,3.062353043951114,-0.28431341938815197,-7.405337225231116,24.507127834848877
-935.8102177943459,285.44822390602803,-16.231129766203242,6.899915661967657,3.064632766597306,-0.4133827648022809,-7.424020552304166,24.8841331579928
-935.5184460570475,285.60626679421534,-16.30208288580639,6.934699163581012,3.0661076240343035,-0.5412035750495,-7.44177688214742,25.225868931270764
-935.2266743197491,285.75162498604254,-16.3766749705943,6.969556431189444,3.0667685193432788,-0.6678144861282621,-7.458652585202929,25.53496574917806
-934.9349025824506,285.88449222698824,-16.4548169826667,7.00446888824272,3.0666067701106634,-0.7932550868397178,-7.474691417203279,25.813917862544482
-934.6431308451522,286.005056426893,-16.536422404957,7.039418920628111,3.06561409568222,-0.9175672112221178,-7.489936314631413,26.065135359985774
-934.3513591078538,286.1134994825731,-16.62140743366684,7.074389858571565,3.0637825595622243,-1.0407942356363427,-7.504428660601572,26.291010696814887
-934.0595873705554,286.2099972790298,-16.709690813330496,7.109365932304763,3.061104560403537,-1.1629778617507336,-7.518206800485137,26.493795689361605
-933.767815633257,286.2947197233882,-16.801193770217605,7.144332236175292,3.057572818244614,-1.284161999319964,-7.531306518106966,26.675692318782023
-933.4760438959585,286.3678305733913,-16.89583996926031,7.179274699331628,3.0531803397970245,-1.4043938298472374,-7.543761514624166,26.83880085064534
-933.1842721586601,286.4294871952299,-16.993555366726717,7.214180038830379,3.0479203869285505,-1.5237215009498868,-7.555602161123539,26.985125632098338
-932.8925004213617,286.4798404814474,-17.094268064851352,7.249035729808706,3.0417864577125946,-1.6421965675299335,-7.5668567848200405,27.116625115199966
-932.6007286840633,286.5190347589497,-17.19790828265295,7.283829977986889,3.0347722583919285,-1.7598697267877077,-7.577552306783842,27.235148523501124
-932.3089569467647,286.5472078016745,-17.304408260144072,7.318551671284375,3.0268716929711337,-1.8767936029655856,-7.5877128552848605,27.342467104654833
-932.0171852094663,286.56449072009326,-17.413702121967976,7.353190353851942,3.0180788421594684,-1.9930218739464678,-7.597359634986538,27.440265866275123
-931.7254134721679,286.5710079915283,-17.525725787009325,7.3877362059127405,3.008387953500541,-2.1086079566222318,-7.606513748080177,27.530209747106362
-931.4336417348695,286.5668774411967,-17.640417002262332,7.422180000192951,2.997793420103277,-2.223606187221491,-7.615194073636367,27.61386442129126
-931.1418699975711,286.55221025688996,-17.75771519405643,7.456513092289963,2.986289775511432,-2.3380712627632994,-7.623418306983469,27.69273722514102
-930.8500982602726,286.5271110154564,-17.877561431841322,7.490727375198552,2.973871684654655,-2.4520586437802128,-7.63120240767891,27.768269021657122
-930.5583265229742,286.49167758111486,-17.999898369433968,7.524815257188964,2.96053392340347,-2.565623791688391,-7.638560350246602,27.841824185122075
-930.2665547856758,286.4460012736831,-18.12467010976325,7.558769642341147,2.9462713931603655,-2.6788220044050925,-7.645505698820044,27.914740469818852
-929.9747830483774,286.3901667800129,-18.251822242547895,7.592583899536768,2.9310790984697626,-2.7917101401114137,-7.6520497585653775,27.988272402809706
-929.6830113110789,286.3242521741217,-18.38130172090384,7.6262518426078705,2.914952149346944,-2.9043441458269164,-7.658204021599404,28.063622644085804
-929.3912395737805,286.2483289368892,-18.513056787721702,7.659767698805925,2.897885761963238,-3.0167815641879914,-7.663976347029764,28.14196037178982
-929.0994678364821,286.1624619158279,-18.64703692154154,7.693126097835505,2.8798752541551424,-3.1290800139621977,-7.669375808564706,28.22436074094917
-928.8076960991837,286.0667093406117,-18.78319283969979,7.726322030325348,2.860916044428691,-3.2412973864958796,-7.674409500470814,28.311845689591753
-928.5159243618853,285.9611228110082,-18.921476337160016,7.759350836684541,2.841003663609328,-3.353492054727819,-7.679082712423437,28.405386192964496
-928.2241526245867,285.8457473026995,-19.061840294699074,7.792208174578723,2.8201337583443666,-3.4657235070120924,-7.683400484587835,28.505911235994837
-927.9323808872883,285.72062107789304,-19.20423863560523,7.824890007706809,2.7983020926233455,-3.5780519565140785,-7.687367610957715,28.61429691063276
-927.6406091499899,285.58577570489103,-19.348626251769367,7.85739257578479,2.7755045662099875,-3.6905365567917774,-7.69098641452488,28.731325969458993
-927.3488374126915,285.4412360650463,-19.494958921171893,7.889712367815332,2.751737236707125,-3.8032394585241294,-7.694258811726949,28.85776817051673
-927.0570656753931,285.2870202091583,-19.64319328432688,7.9218461062008325,2.7269963266144823,-3.916222561095773,-7.697186429645021,28.99428327005638
-926.7652939380946,285.1231393869347,-19.79328683926355,7.953790713308555,2.7012782518919143,-4.029549242759781,-7.699770089891699,29.141503157368913
-926.4735222007962,284.949597829815,-19.94519784553994,7.985543292535133,2.6745796374756696,-4.14328451930125,-7.702009163913773,29.30000291627295
-926.1817504634978,284.7663927417797,-20.098885312126832,8.017101105527313,2.6468973562634694,-4.257494498006722,-7.70390364822743,29.470271536079412
-925.8899787261994,284.5735141911989,-20.25430898818188,8.048461538328356,2.6182285637537013,-4.372246291969699,-7.705451183663595,29.652721969084777
-925.598206988901,284.37094504324205,-20.41142927146896,8.079622075367517,2.5885707530499995,-4.487608116814778,-7.70665131024005,29.847700421292444
-925.3064352516025,284.1586607501004,-20.570207283119913,8.11058027315328,2.5579217924998368,-4.603651439603964,-7.707500780037045,30.05548619763581
-925.0146635143041,283.9366292227078,-20.730604745408638,8.141333734324666,2.5262799988842763,-4.7204487844877505,-7.707997620329019,30.27626590802455
-924.7228917770057,283.70481063966184,-20.892584063648403,8.17188006051392,2.4936441993993133,-4.838075370055213,-7.7081389999430385,30.510105651710823
-924.4311200397073,283.4631572907064,-21.056108223250103,8.202216826852288,2.4600138300724064,-4.956607930877526,-7.707921903766253,30.757001755886648
-924.1393483024087,283.2116133821604,-21.221140897362357,8.232341542877885,2.425389031518127,-5.07612613675418,-7.707343146267558,31.01684650016475
-923.8475765651103,282.9501147803807,-21.387646322319124,8.262251607441264,2.389770774839458,-5.196712348533512,-7.706399134341646,31.28932585870609
-923.5558048278119,282.6785887754285,-21.55558937934233,8.29194424734611,2.3531609968745153,-5.318451808654012,-7.7050871932273095,31.574035735881647
-923.2640330905135,282.3969538131543,-21.724935596251605,8.321416480843995,2.3155627720477217,-5.441433539566691,-7.7034032606869225,31.870401144531378
-922.9722613532151,282.1051191269509,-21.89565110913885,8.350665045080584,2.2769805030797463,-5.565749888130732,-7.701344945910917,32.17762536342656
-922.6804896159166,281.8029844460715,-22.06770277742182,8.379686330029473,2.23742015150575,-5.691497150470973,-7.6989095330941755,32.4947067682211
-922.3887178786182,281.4904396495683,-22.241058215806625,8.408476298270468,2.1968895129583506,-5.81877468395128,-7.696095698742373,32.82038522065904
-922.0969461413198,281.16736450841955,-22.415685797338412,8.437030398127426,2.1553985600501355,-5.947685267712693,-7.692901795732492,33.15311337363859
-921.8051744040214,280.8336283097228,-22.591554767248695,8.465343455745792,2.1129598264807634,-6.078335820801245,-7.689328232773879,33.49098969008473
-921.5134026667229,280.489089532723,-22.7686353488064,8.493409561008853,2.0695888766283725,-6.210836041938878,-7.685376530692366,33.83173191072119
-921.2216309294245,280.13359551474525,-22.94689890226498,8.521221925230675,2.025304858762215,-6.345300787079467,-7.681051066623231,34.17257129287927
-920.9298591921261,279.76698201671707,-23.126318062673022,8.548772723313137,1.9801311585449615,-6.481847292365972,-7.6763579477691035,34.51021059416895
-920.6380874548277,279.38907306615306,-23.306866986800216,8.57605290817484,1.9340962060427807,-6.620594857466394,-7.671306922531894,34.840736151653346
-920.3463157175293,278.9996807513798,-23.488521575335792,8.603052009455324,1.887234439261636,-6.76166459970676,-7.665911201293313,35.15953392024796
-920.0545439802307,278.5986051262929,-23.671259849575456,8.629757885054453,1.8395874528398561,-6.905176649533866,-7.660190090711014,35.46114277701003
-919.7627722429323,278.1856342587349,-23.85506240250204,8.656156446835292,1.791205387413602,-7.051250346396123,-7.654169284356537,35.73917626727991
-919.4710005056339,277.76054441091014,-24.03991291615576,8.682231341406895,1.7421485997290762,-7.200001432848365,-7.647882205328305,35.986115593114604
-919.1792287683355,277.32310051545676,-24.22579876011063,8.707963591446612,1.6924896889706673,-7.3515365033759785,-7.6413706414243805,36.1932646504559
-918.887457031037,276.87305719051335,-24.412711670877528,8.733331196191529,1.6423159716987428,-7.505947631753448,-7.634686890424837,36.350536815193095
-918.5956852937386,276.4101603295897,-24.6006485788517,8.758308682978736,1.591732476118729,-7.663306412791822,-7.627895460861135,36.44631205983983
-918.3039135564402,275.93414907033116,-24.789612529235786,8.782866605417746,1.5408655182820996,-7.82365737664941,-7.621074525030801,36.46725276755517
-918.0121418191418,275.44475886682346,-24.979613768833367,8.806970985361865,1.4898670183724574,-7.987002243047021,-7.614318419832601,36.398102307634375
-917.7203700818434,274.9417261960928,-25.170671066297988,8.830582713079975,1.4389196906643598,-8.153278592825176,-7.607742719448263,36.22160014586657
-917.4285983445449,274.4247954367651,-25.36281342552249,8.853656900892556,1.3882431936357253,-8.322334017966046,-7.601488266431724,35.91826549876752
-917.1368266072465,273.89372795554584,-25.556081968704646,8.876142183072773,1.3381012262772516,-8.49390274732974,-7.595721663250716,35.46618943758307
-916.8450548699481,273.3483141429231,-25.750531805340078,8.897979966306588,1.2888095018759695,-8.66755952486248,-7.590638145365873,34.84100709352021
-916.5532831326497,272.7883906422753,-25.946234328585223,8.919103712289775,1.2407444494469257,-8.842654818981263,-7.586468651710628,34.016000064508475
-916.2615113953511,272.2138637903107,-26.143279876055498,8.939438273621827,1.1943519708906178,-9.018245591166298,-7.583481193184291,32.96233993214331
-915.9697396580527,271.6247395160194,-26.341779906456885,8.9588993753737,1.1501550186585692,-9.19301770894176,-7.581970195014992,31.649915657494525
-915.6779679207543,271.0211619969139,-26.541868155622915,8.97739353594277,1.1087582654049868,-9.36517656943914,-7.582244107889576,30.04920776891712
-915.3861961834559,270.40346215383374,-26.743700430224717,8.994818670605826,1.0708469882065457,-9.532346479136525,-7.584603835212368,28.133928479651644
-915.0944244461575,269.7722150400837,-26.947451755738868,9.011065779661433,1.0371763448737736,-9.691489464463084,-7.589296599732508,25.885571554334508
-914.802652708859,269.1283015525865,-27.153308770457418,9.026022249229598,1.0085467636479,-9.83889616007938,-7.5964536566413,23.29915933680366
-914.5108809715606,268.47296774659964,-27.36145730106173,9.039577138734202,0.9857619197834232,-9.970285871979156,-7.606022833406337,20.390443421132012
-914.2191092342622,267.8078660495943,-27.572064286463593,9.05162860403487,0.9695686843595007,-10.081102258379541,-7.617708069801004,17.202250530398256
-913.9273374969638,267.1350611985248,-27.78525664291353,9.062092902654687,0.9605841084956469,-10.167003230843537,-7.630948667909439,13.80782975082574
-913.6355657596653,266.4569809575387,-28.00109904879871,9.070913568381105,0.9592215966873561,-10.224635678610044,-7.644858741471847,10.308391790872694
-913.3437940223669,265.77628174663994,-28.219561087721527,9.078069091158044,0.9656347231803212,-10.25249674321982,-7.658120948418361,6.8258113986178355
-913.0520222850685,265.09568603683016,-28.440498588984664,9.083577610236846,0.9796959624596187,-10.250755116942184,-7.669391873286593,3.4887459110737766
-912.76025054777,264.4178325023599,-28.663663607035627,9.087495816913624,1.0010141339930891,-10.221041250038237,-7.677516857018151,0.41447423549916734
-912.4684788104717,263.74516775400696,-28.888724707481064,9.089914381631388,1.0289857249297518,-10.166083656405146,-7.681620985876951,-2.3049448169371916
-912.1767070731731,263.0798562006665,-29.11529334996149,9.090948096378442,1.0628630807613548,-10.089261329275265,-7.681142252961149,-4.610034393713039
-911.8849353358747,262.42373931422253,-29.342950127618742,9.090726386988786,1.1018264046940873,-9.994221758165775,-7.675835636922097,-6.474097327927595
-911.5931635985763,261.7783329066391,-29.571268542633543,9.08938473942295,1.14504568579621,-9.884623849692032,-7.665736739757693,-7.899302525460687
-911.3013918612779,261.14481580521414,-29.79983895089519,9.087054934466783,1.1917264167665813,-9.76393807115279,-7.651118875880437,-8.910507535886953
-911.0096201239795,260.5240645835951,-30.028283569805005,9.083860441926353,1.2411398847794433,-9.635330277731125,-7.632428004948949,-9.548063653649308
-910.717848386681,259.9166809356916,-30.256268396624655,9.07991214221816,1.2926386932004232,-9.501571075229302,-7.610212641854296,-9.860897820742403
-910.4260766493826,259.3230337807785,-30.483506519545237,9.075307198233364,1.345661909223514,-9.365003133136293,-7.585065336726698,-9.90058868583026
-910.1343049120842,258.74329148646234,-30.70976340055406,9.070127431300067,1.3997325946692634,-9.2274933292037,-7.55757391388104,-9.717060725863993
-909.8425331747858,258.17747256051706,-30.934851607211538,9.064441078544673,1.454451041738257,-9.090485584202215,-7.5282876969762516,-9.355857240047476
-909.5507614374874,257.62547786059906,-31.15862589008017,9.058304536185277,1.5094866122081205,-8.95505190240064,-7.4976940640064,-8.856487601587917
-909.2589897001889,257.08712395524867,-31.38098064261645,9.051762944523462,1.5645675569879443,-8.821932391883061,-7.466223120865755,-8.252083704503907
-908.9672179628905,256.5621711453946,-31.60184294874282,9.04485277233597,1.6194723744370063,-8.691600846669225,-7.434243701925795,-7.569917353805801
-908.675446225592,256.0503445692602,-31.82116851764936,9.037603155333683,1.6740213821677437,-8.564327136123593,-7.402065973065438,-6.83208230233276
-908.3836744882937,255.55135397824972,-32.03893445818374,9.03003742459396,1.7280690881678789,-8.440228441454716,-7.369940169850318,-6.056120758382898
-908.0919027509951,255.06490118400086,-32.25513813111787,9.022174064603277,1.781498415577087,-8.319313863996898,-7.33806977605794,-5.256059252717661
-907.8001310136967,254.59069205331625,-32.469791113782534,9.01402778463771,1.834215155899205,-8.201512823860728,-7.306614277911492,-4.442977488204496
-907.5083592763983,254.12844177164754,-32.682916505535644,9.005610281974311,1.8861437454636767,-8.086702219916907,-7.275696825491801,-3.6257022729044723
-907.2165875390999,253.67787985864152,-32.894545783242926,8.996930645688698,1.9372234935256867,-7.974727243533375,-7.245409046306646,-2.8112084304029534
-906.9248158018015,253.23875099502376,-33.104716877809395,8.9879961302172,1.9874060540580734,-7.8654154922629385,-7.2158179714540225,-2.005063733641884
-906.633044064503,252.81081725678965,-33.31347200722183,8.978812328806915,2.036652875841349,-7.758587714191859,-7.186970225097941,-1.211702335209341
-906.3412723272046,252.39385833831037,-33.52085628205223,8.969383524998708,2.0849333885761445,-7.654063887340026,-7.158897240440549,-0.43468211408473223
-906.0495005899062,251.98767134391167,-33.72691652595644,8.95971292725712,2.1322235071497584,-7.551669787055755,-7.131618415608033,0.32313949694419897
-905.7577288526078,251.59207023565372,-33.9317004103472,8.949802857459272,2.1785044313701585,-7.451237738079571,-7.105144702223438,1.0594437956910612
-905.4659571153093,251.20688592771185,-34.1352551860812,8.9396551000419,2.2237616559940014,-7.352610783522867,-7.0794786876925855,1.7724584624909638
-905.1741853780109,250.83196206830982,-34.337629546626914,8.929270280165147,2.2679842966375907,-7.255641426713439,-7.054621238469964,2.4605725798367772
-904.8824136407125,250.4671591460992,-34.53886983127825,8.918649055575587,2.311164298567708,-7.160191271507384,-7.030567760504857,3.122643417431185
-904.590641903414,250.1123503128912,-34.73902200690343,8.90779150155992,2.3532960362706103,-7.066133056172308,-7.007311444735177,3.7577502910780853
-904.2988701661156,249.76741992613813,-34.93813188743708,8.896697151963147,2.3943759753097376,-6.97334684463304,-6.984845132198519,4.365132422629533
-904.0070984288171,249.4322683998136,-35.13624127509471,8.885365855267917,2.434401911675033,-6.88172189395202,-6.963157275025996,4.944269815318862
-903.7153266915187,249.1068031092328,-35.333393310589464,8.873796653751766,2.4733733101867466,-6.7911544301841476,-6.9422385749486075,5.494773665451555
-903.4235549542203,248.7909433172165,-35.529628870273,8.861988612236459,2.511290666190134,-6.7015481533513395,-6.9220787309670575,6.016376309514129
-903.1317832169219,248.4846181059288,-35.72498739569176,8.84994066456554,2.5481554245092233,-6.612813336900839,-6.902666560668953,6.50893695670596
-902.8400114796234,248.1877659480335,-35.919506790240284,8.837651650910535,2.583969807077969,-6.524864278004089,-6.88399000135987,6.972424769804498
-902.548239742325,247.90033418457477,-36.11322342087726,8.82512035542023,2.618736689583641,-6.437621945829915,-6.866038121588684,7.406922441833989
-902.2564680050266,247.62227861171075,-36.30617209527311,8.812345546055612,2.6524594947436326,-6.351010384471796,-6.84879857628721,7.81258462462044
-901.9646962677282,247.3535631580405,-36.49838600067342,8.799325982371894,2.6851420853890935,-6.264957191815257,-6.832259314184565,8.18960454662532
-901.6729245304298,247.09415955758115,-36.68989668679731,8.786060455306046,2.7167886938443067,-6.1793945604148375,-6.816407908457039,8.53828737850845
-901.3811527931313,246.84404711547486,-36.880734045095465,8.77254780693441,2.747403850693394,-6.094255347326076,-6.801231879085205,8.85899410867423
-901.0893810558329,246.60321243375347,-37.0709262525118,8.7587869516805,2.776992331812151,-6.00947698940001,-6.7867178004763264,9.152104591083074
-900.7976093185345,246.37164922032966,-37.26049972479442,8.744776891206293,2.8055591075061344,-5.92499808766755,-6.7728530190378216,9.418078490412354
-900.505837581236,246.1493581275424,-37.449479099579634,8.730516731855328,2.8331093022349596,-5.840759241011844,-6.759623335345612,9.657393727795615
-900.2140658439375,245.9363465822719,-37.63788714926233,8.716005708427309,2.859648163687464,-5.7567034993904524,-6.74701459689333,9.870592649317809
-899.9222941066391,245.73262855368455,-37.825744772550436,8.701243194263323,2.885181045434252,-5.672775068238849,-6.7350125207243385,10.058249149365931
-899.6305223693407,245.53822458000818,-38.01307091164884,8.686228719714757,2.909713369069414,-5.588919499868424,-6.723601936297496,10.220954439749553
-899.3387506320423,245.353161575114,-38.19988246423425,8.670961975715318,2.93325061009434,-5.505083331791628,-6.712765926191391,10.359339668963552
-899.0469788947439,245.1774726851447,-38.38619420003311,8.655442837640226,2.9557982913765746,-5.421216006447288,-6.702488400677117,10.474066815344681
-898.7552071574454,245.01119725548003,-38.57201871845844,8.639671367358323,2.9773619643292286,-5.337265510480604,-6.6927517804231895,10.56579829233342
-898.463435420147,244.85438074057384,-38.75736636446173,8.623647826351277,2.9979472020948217,-5.2531824224722214,-6.683537461057104,10.63524104986654
-898.1716636828486,244.70707465682463,-38.94224502610968,8.607372695285479,3.0175595876092176,-5.168917421104664,-6.674825376586334,10.683128000402787
-897.8798919455502,244.56933644296498,-39.126660172300625,8.590846667814606,3.036204718458075,-5.084422397123399,-6.666596034289491,10.710189155643612
-897.5881202082517,244.4412295118507,-39.31061467078445,8.574070680625582,3.0538881953825086,-4.9996482930249195,-6.658826971721047,10.717218977671877
-897.2963484709533,244.3228232042556,-39.49410866217001,8.55704590662385,3.070615613970641,-4.9145484063194775,-6.651495973896875,10.704970343694704
-897.0045767336549,244.21419265038895,-39.67713951890756,8.539773773328198,3.086392580824366,-4.829075625359373,-6.644579322567157,10.674256971904942
-896.7128049963565,244.11541875206757,-39.859701639078885,8.522255965786833,3.1012247050728345,-4.743183752131219,-6.638051094465198,10.625874566891767
-896.421033259058,244.02658819426682,-40.041786306415425,8.50449443553646,3.115117594207126,-4.656826091110475,-6.631885064363445,10.560648271411129
-896.1292615217595,243.9477934384314,-40.223381634420655,8.486491411221085,3.1280768586404837,-4.569955904673773,-6.62605329096772,10.479414617702927
-895.8374897844611,243.87913262990995,-40.40447234578759,8.468249404793712,3.140108115108288,-4.482528136293434,-6.620526021857593,10.383025333600198
-895.5457180471627,243.8207094533053,-40.58503959201962,8.44977122641183,3.151217000617616,-4.394498269400648,-6.615270860879678,10.272348114052585
-895.2539463098643,243.77263316271,-40.765060762912206,8.431059983753334,3.1614091646090725,-4.30582131758769,-6.610254424915591,10.148251031469814
-894.9621745725659,243.73501843913272,-40.94450925760124,8.412119097925107,3.1706902809280084,-4.216453773068078,-6.605439999823043,10.011663522612613
-894.6704028352674,243.70798528789155,-41.12335430867866,8.392952319125335,3.179066058809132,-4.12635258064557,-6.6007887272371715,9.863473938810225
-894.378631097969,243.691658866426,-41.3015606727357,8.373563719235289,3.1865422456458767,-4.035476098266408,-6.596258846746496,9.704622297036655
-894.0868593606706,243.68616935029678,-41.479088393294845,8.353957718684624,3.1931246393327455,-3.943783429246241,-6.591805741637217,9.536062307677081
-893.7950876233722,243.69165174463654,-41.655892518480805,8.334139082742722,3.198819093682175,-3.8512352625642525,-6.587381439179261,9.358714213859367
-893.5033158860738,243.70824562407654,-41.83192282319207,8.314112933055162,3.2036315337896695,-3.7577936132096528,-6.582935348294164,9.173592114050368
-893.2115441487753,243.73609489660507,-42.0071235557088,8.293884768883334,3.2075679715039462,-3.6634216609988117,-6.578414328006131,8.98168688972793
-892.9197724114769,243.7753476434458,-42.18143326154146,8.273460465248393,3.21063451163512,-3.568083747345701,-6.5737631691409515,8.783985831097008
-892.6280006741785,243.8261558481584,-42.35478448959042,8.252846283166502,3.2128373624455695,-3.4717454366778138,-6.568922596938332,8.581499857311655
-892.33622893688,243.88867503126323,-42.52710342354372,8.23204887579188,3.2141828463790763,-3.3743751056604827,-6.563830066944393,8.37527061172273
-892.0444571995815,243.9630639260754,-42.698309565104076,8.211075311069832,3.2146774114757513,-3.2759423730689434,-6.558417347589397,8.166338672028546
-891.7526854622831,244.04949050441664,-42.86831482009026,8.189932789693643,3.214326971540886,-3.176419468106057,-6.552612557592376,7.95572313970473
-891.4609137249847,244.1481055418285,-43.037024923088914,8.168629759961128,3.2131395783624717,-3.0757849067189786,-6.5463369125631985,7.744546443191287
-891.1691419876863,244.25908073101888,-43.20433618164368,8.147174285720933,3.2111214468197438,-2.974018112514183,-6.539507499302755,7.53388418222826
-890.8773702503879,244.3825822241298,-43.37013697503446,8.125575147570263,3.20827963317051,-2.8711037362084917,-6.5320371915290005,7.324795364483086
-890.5855985130894,244.5187763786401,-43.53430690292516,8.103841578352657,3.204621381628288,-2.767031587303444,-6.523833763038249,7.118457619926133
-890.293826775791,244.6678287237392,-43.69671630967627,8.081983283140453,3.200154154855492,-2.661798050195356,-6.514798151011048,6.915955305047297
-890.0020550384926,244.82990304227587,-43.8572257334307,8.060010432055211,3.19488563524748,-2.5554049550479085,-6.50482494662325,6.7184391430649875
-889.7102833011942,245.0051602852733,-44.015685356500185,8.037933679516906,3.188823736505506,-2.447861716679216,-6.493801029401213,6.5270573378166805
-889.4185115638957,245.19375730660073,-44.171934385978005,8.015764173868734,3.1819766122757427,-2.339185407819182,-6.481606265810587,6.3429953120571945
-889.1267398265973,245.39584552483714,-44.32580049646107,7.993513559670118,3.1743526625356435,-2.2294027219215846,-6.468111703020255,6.1673631592117895
-888.8349680892989,245.611569283123,-44.47709916463756,7.971193977260794,3.1659605426264794,-2.1185522049220107,-6.453181560242623,6.001348125829071
-888.5431963520005,245.84106397047867,-44.625633083940166,7.948818083571309,3.1568091856363685,-2.0066846264330196,-6.436670502621584,5.846133482985401
-888.251424614702,246.08445397214447,-44.77119138492714,7.926399057739055,3.1469078022681956,-1.8938658998241102,-6.418422068999629,5.7028957440523875
-887.9596528774035,246.3418502849619,-44.91354883880173,7.903950598942389,3.136265883894318,-1.780178667857907,-6.39827021646734,5.572804723931932
-887.6678811401051,246.61334786777482,-45.05246507244207,7.881486934771347,3.1248932051626093,-1.6657256170263808,-6.376036587130527,5.457037193009233
-887.3761094028067,246.8990171698876,-45.18768541478694,7.859023032843462,3.112800395522049,-1.550630601096077,-6.351529738052981,5.35673495804063
-887.0843376655083,247.19892809555915,-45.318930898997316,7.836573541573847,3.0999959991424086,-1.4350405060104225,-6.324540998546494,5.273062737290773
-886.7925659282098,247.5130855976603,-45.44591687519403,7.814155103442084,3.086492879478821,-1.3191436272761476,-6.294848108887919,5.2070763808792
-886.5007941909114,247.84150195812256,-45.56832629970153,7.791783426897094,3.072300007314992,-1.2031538842047138,-6.2622077539477745,5.159898447618356
-886.209022453613,248.18413108837984,-45.685828599563976,7.7694755419162425,3.0574288414039748,-1.0873312555785737,-6.226354534159829,5.132440860326961
-885.9172507163146,248.54088945502338,-45.79806813367632,7.747248754221376,3.041890308124491,-0.971993500576176,-6.186990167612382,5.1256638544822755
-885.6254789790162,248.911643148589,-45.904664147376415,7.725120823634675,3.025695306770632,-0.8575115948194346,-6.143791305066287,5.140282312899586
-885.3337072417177,249.29619963088965,-46.00520796033835,7.703109895036853,3.0088545127502098,-0.744339426242666,-6.096381328020972,5.176816352777337
-885.0419355044193,249.69429628707624,-46.0992589960869,7.6812344306971685,2.991378175736144,-0.6330180308371364,-6.044339032055561,5.2354746440124105
-884.7501637671209,250.10559497150027,-46.18634102117709,7.659513036858735,2.9732754291473062,-0.5241810179210725,-5.98718978026637,5.316068094256602
-884.4583920298224,250.52965008896334,-46.2659411483783,7.63796457540662,2.9545554115061585,-0.41851474837371133,-5.92445124021536,5.417829326018466
-884.1666202925239,250.96594345307523,-46.337512344001304,7.6166076137751135,2.935224477694355,-0.31654165466609097,-5.855816111250195,5.539546451429063
-883.8748485552255,251.41392052787734,-46.4005015139182,7.595460711549795,2.915286316844794,-0.218230610734216,-5.781479300416015,5.679937693485508
-883.5830768179271,251.87299553806474,-46.45439579577577,7.574541993118701,2.8947462520208034,-0.12338267622111515,-5.701793410233095,5.838329015740337
-883.2913050806287,252.3426223288717,-46.49870343678903,7.553869974031664,2.873605476715192,-0.03181585765589863,-5.617086936268523,6.014347470322842
-882.9995333433303,252.82226515236906,-46.53295450891508,7.533463096273223,2.851863232031202,0.056588489660781824,-5.527631964707119,6.208032797396211
-882.7077616060318,253.31137076874026,-46.5567130350826,7.513340135684787,2.829519899945654,0.1419086696258807,-5.433669684314674,6.419647649489872
-882.4159898687334,253.80938750497646,-46.56955628406076,7.493520297131362,2.80657400635027,0.22413351222095712,-5.335365489535724,6.649667816085848
-882.124218131435,254.31574098218613,-46.571088909286594,7.4740225650348835,2.7830252259205963,0.30328229805974954,-5.232911108506279,6.898766296361874
-881.8324463941366,254.82985861136376,-46.560924208948045,7.454866863577626,2.758871256591987,0.379299164205287,-5.126434563421669,7.16775843454937
-881.5406746568381,255.35114437814352,-46.538691468261476,7.436073334510376,2.734110038244258,0.45209254303182345,-5.016038440966274,7.457550675893763
-881.2489029195397,255.87898628467283,-46.504034418382915,7.417662583892373,2.7087393211611146,0.5216069589312168,-4.901853453831843,7.7693112554880805
-880.9571311822413,256.41275788232105,-46.456611985184814,7.399655718778009,2.6827568115280673,0.5877532145447779,-4.783988661659497,8.104264394951814
-880.6653594449429,256.9518132742991,-46.396095693949476,7.38207435252923,2.6561602096409462,0.6503892232724849,-4.662516313573937,8.463694553646555
-880.3735877076444,257.4954864017468,-46.3221689278083,7.364940636377038,2.6289472285872217,0.7093881114478237,-4.53752000313907,8.849049440540126
-880.0818159703459,258.0430946576498,-46.23452850156203,7.3482773051211545,2.6011157101996347,0.7646298041070753,-4.409093029583987,9.261984640545942
-879.7900442330475,258.5939393903202,-46.13288502839939,7.332107719289523,2.5726637443193323,0.8159741701550387,-4.27732259459988,9.704243586165745
-879.4982724957491,259.1473052155311,-46.016962611396984,7.316455886698684,2.5435897475006373,0.863261642704423,-4.142288335344114,10.177691730481952
-879.2065007584507,259.7024601187967,-45.8864987845486,7.301346483922006,2.5138925297301817,0.9063273583713646,-4.004070629365506,10.684338800986712
-878.9147290211522,260.2586573799496,-45.7412451611839,7.286804908308342,2.4835713809023576,0.9450063479775136,-3.862755025707819,11.22637099482119
-878.6229572838538,260.815137020774,-45.580968061154735,7.272857313290148,2.452626182895029,0.9791271817708125,-3.718430591227387,11.806150194391295
-878.3311855465554,261.37112680137506,-45.405448987733635,7.259530644691778,2.421057521771326,1.0085081574391936,-3.5711886817533967,12.426184130229078
-878.039413809257,261.9258431950719,-45.21448509424145,7.2468526721768045,2.3888668020025365,1.03296122072445,-3.4211239787394216,13.089116849439225
-877.7476420719586,262.47849287934275,-45.007889894498675,7.234852024534761,2.356056381567672,1.052294855569306,-3.2683384862972864,13.797793934736015
-877.4558703346604,263.02827464475814,-44.7854940061779,7.2235582332346855,2.322629711966246,1.0663176350925379,-3.1129412450053677,14.55525815070531
-877.1640985973622,263.5743811965266,-44.547146044064526,7.213001774866634,2.2885915144088957,1.074834346987014,-2.9550490985397913,15.364758404877518
-876.872326860064,264.11600043024055,-44.29271332465592,7.203214113071928,2.253947956810892,1.0776415022276284,-2.7947849628771326,16.229703851628713
-876.5805551227659,264.65231666845443,-44.02208259063314,7.194227730866901,2.2187068488881367,1.0745310584972843,-2.6322809080870466,17.153729881247315
-876.2887833854678,265.18251211571135,-43.735160988762885,7.1860761691260775,2.182877880385394,1.0652928096068464,-2.467678523458993,18.140645278135718
-875.9970116481696,265.7057657041459,-43.43188082665506,7.178793938404839,2.1464733803595033,1.0497129159882983,-2.301131669431424,19.1944344101134
-875.7052399108715,266.22126786014854,-43.11218145982258,7.172417137096725,2.1095061087054217,1.027574065073096,-2.132801988525807,20.319278156968213
-875.4134681735733,266.7281925720328,-42.77605269121999,7.166982159485777,2.071995130299274,0.9986575804216445,-1.9628703444381108,21.519509392789473
-875.1216964362751,267.2257344081688,-42.423478919550476,7.162527745627072,2.033958700954227,0.9627373090304147,-1.7915231038587742,22.799639255061823
-874.8299246989769,267.71308405007557,-42.05449358534217,7.159092338990266,1.9954219521853633,0.9195886336429462,-1.6189667051806245,24.164297066370494
-874.5381529616789,268.18943770572525,-41.66914538424152,7.156716634485451,1.956412365367183,0.8689801269004349,-1.4454215950697524,25.618228499367447
-874.2463812243807,268.6539979529658,-41.267513696261446,7.155442169345642,1.916962503863732,0.8106763637171309,-1.2711249793195807,27.166274890903463
-873.9546094870825,269.105973577204,-40.84970751950496,7.155311614955734,1.877110275932698,0.7444378095038434,-1.0963359742550165,28.813276410832927
-873.6628377497843,269.54457817354336,-40.4158640599064,7.156368892640135,1.836899274465532,0.670015956419623,-0.9213333947009191,30.564030101196725
-873.3710660124862,269.96903595350625,-39.96616239532904,7.158658433584227,1.7963813697430426,0.5871578496352436,-0.7464246589706316,32.42327406058456
-873.079294275188,270.3785700857439,-39.50080423501147,7.16222615809239,1.7556147045525325,0.4955997731224646,-0.5719447602569703,34.395449577284595
-872.7875225378899,270.7724204578977,-39.02003832918787,7.167118447480826,1.7146680917081565,0.3950738024774378,-0.39826531606687,36.484695750707786
-872.4957508005917,271.1498186344365,-38.52415449202529,7.173382233502915,1.6736206238679174,0.28530394422914007,-0.22580042294723449,38.69456651373175
-872.2039790632936,271.51000881790867,-38.01347837523752,7.181064922259096,1.6325628657840756,0.16600745969967398,-0.05501301157591779,41.027911323090876
-871.9122073259954,271.8522372030524,-37.48838676834623,7.19021383367876,1.591599635610574,0.036899483269381576,0.11357863702128376,43.48661473109963
-871.6204355886972,272.175752845278,-36.94930435797223,7.20087603060925,1.5508511073383235,-0.10230247669481936,0.27939136108076207,46.07134275020428
-871.3286638513991,272.4798105239635,-36.39672446964358,7.213097123293581,1.5104568594098697,-0.25186934155171686,0.44176867338920245,48.78130850903492
-871.036892114101,272.76366960488167,-35.83118977332306,7.226921965532036,1.4705751270694394,-0.41205720197654766,0.5999759401835922,51.61386041656513
-870.7451203768028,273.02659406070416,-35.25331640535334,7.242392822339438,1.4313872901763494,-0.5830939520618923,0.7531857027616429,54.5643025712447
-870.4533486395046,273.26785723989053,-34.663795264673745,7.259549109148377,1.3930994534669097,-0.7651648504383775,0.9004687141357591,57.62554409099557
-870.1615769022064,273.48674477786165,-34.06340028438818,7.2784264293585,1.3559445029386512,-0.9583960479874115,1.0407789332525568,60.78779862201975
-869.8698051649083,273.6825599028263,-33.452997459555846,7.299055606068688,1.3201836014552701,-1.1628303237561455,1.1729338832484126,64.03831499585127
-869.5780334276101,273.8546310539785,-32.83355542084332,7.321461607146117,1.286106833625255,-1.3783950023837548,1.2955947422603382,67.36097246430624
-869.286261690312,274.00232249700775,-32.20615743862227,7.345662363219213,1.2540325088572593,-1.6048599333286802,1.4072478634416237,70.73602289450895
-868.9944899530138,274.1250493881167,-31.57201515889423,7.371667307272493,1.2243047112527992,-1.8417771026749896,1.506196993962633,74.13972734882422
-868.7027182157157,274.2223001697216,-30.932477697487826,7.399476489247305,1.197287988532656,-2.088420301410187,1.5905791180735007,77.54401568439157
-868.4109464784175,274.29365045358406,-30.28904736814963,7.429078891796179,1.1733584431480302,-2.3437034599756768,1.6584269497755741,80.91684721000118
-868.1191747411194,274.33881266973265,-29.64337669723271,7.460450660951714,1.1528936617238001,-2.606126795610991,1.7077683572568347,84.22235347569931
-867.8274030038212,274.35765582487903,-28.99726283299522,7.493554854610279,1.1362559498260463,-2.873742749192081,1.7367812173560024,87.42189793001636
-867.5356312665231,274.350249536579,-28.352626670393576,7.528339488675772,1.1237761786623177,-3.1441604742454956,1.7439718939872515,90.47545705632932
-867.2438595292249,274.3168842948174,-27.711475153813964,7.564738899450352,1.1157333615577767,-3.414616090109049,1.728349371151926,93.34313032766016
-866.9520877919267,274.25809920191847,-27.07585427189982,7.602673066450322,1.1123383844844779,-3.682078463507748,1.6895461739311064,95.98709455097996
-866.6603160546285,274.1746921083529,-26.447796355543915,7.642048694801324,1.113720014571921,-3.9434040587518324,1.6278694932231579,98.37313479867454
-866.3685443173304,274.06770892305036,-25.829258021153137,7.682761020276257,1.119915944417499,-4.195498264860681,1.5442706724649167,100.47203392179466
-866.0767725800322,273.9384244052778,-25.222072777054596,7.724696128615721,1.1308707459991625,-4.435448685563814,1.4402462659744462,102.2608666237703
-865.785000842734,273.7883317060543,-24.62791991082199,7.7677319388177795,1.146442217145246,-4.660637515069049,1.31773652271611,103.72412027838004
-865.493229105436,273.61909157798044,-24.048281938996176,7.8117420742363475,1.166410483536281,-4.868876877384634,1.1790302465521743,104.85449620189327
-865.2014573681378,273.4324941966979,-23.484425238421604,7.856598428465882,1.1904930050594404,-5.058456130792059,1.0266333445642088,105.65346638179287
-864.9096856308396,273.23041535474107,-22.937387822575488,7.902174113287402,1.2183614432305154,-5.228176381718917,0.8631645803199495,106.13089096886668
-864.6179138935414,273.01477046865034,-22.407976936347264,7.948346144507746,1.2496585581175599,-5.37735617869893,0.6912358855643116,106.3038211727927
-864.3261421562433,272.78747934306716,-21.896772944110396,7.994997642699295,1.2840147255890586,-5.505794143377519,0.5133296124072558,106.19485460060079
-864.0343704189452,272.5504206446811,-21.404151511810756,8.042019456297181,1.321059570579109,-5.61369540546039,0.33167460342322574,105.82965303064145
-863.742598681647,272.3054104820985,-20.930305433050698,8.08931117585704,1.3604326626583565,-5.7015522831636885,0.14814161281949423,105.23489989962815
-863.4508269443488,272.0541914166076,-20.47528789098475,8.136780272463701,1.4017889559347272,-5.770030178720408,-0.035819788239738616,104.43626232685244
-863.1590552070506,271.7984108381834,-20.03903081523452,8.18434396853439,1.4448033304479726,-5.819903133812458,-0.21919721417706237,103.45674643416093
-862.8672834697525,271.539614568956,-19.621388469440234,8.23192550325315,1.4891702068051427,-5.852764146466552,-0.40091485483156786,102.31625460894597
-862.5755117324543,271.27914401844356,-19.222109466084415,8.279455616042242,1.5346053432511038,-5.870841030064212,-0.5798133037713825,101.03276773171558
-862.2837399951562,271.01814269722615,-18.84085159120936,8.326871353313319,1.5808486665199952,-5.876256432328157,-0.7549687347492374,99.62309328454538
-861.991968257858,270.7575753915679,-18.477203709163057,8.374115509463076,1.6276651162917013,-5.870931519861409,-0.9256955981892431,98.10264362591414
-861.7001965205599,270.49824190795124,-18.13070463470315,8.421136471115817,1.6748441733788466,-5.856576748165658,-1.0915131373710751,96.48549854715249
-861.4084247832617,270.24081096914716,-17.800857957549646,8.46788779994343,1.7221996298593651,-5.834674125405279,-1.2521187764405723,94.78435695815465
-861.1166530459635,269.9858201639306,-17.4871496372667,8.514327437902386,1.769566517716887,-5.8065108002764365,-1.4073504863246988,93.01026776455171
-860.8248813086655,269.733710122029,-17.189052766316216,8.56041775847392,1.8168009145829642,-5.773183368015435,-1.5571577760964839,91.17298782328741
-860.5331095713673,269.48483395751947,-16.906042621813686,8.606124490514667,1.8637765909721216,-5.7356284108849325,-1.7015734628633017,89.2808973159812
-860.2413378340691,269.23947301684024,-16.63759901540503,8.651416678697267,1.9103837633155902,-5.694639166923285,-1.8406960291703025,87.34119126718379
-859.9495660967709,268.9978482114144,-16.383212067885704,8.696266201678828,1.9565270103794885,-5.650887937280308,-1.9746664840996426,85.36006834647553
-859.6577943594727,268.7601299678674,-16.14238550278846,8.740647445419647,2.0021235346535518,-5.604941803379195,-2.1036591877995403,83.34284400858117
-859.3660226221746,268.52644479249983,-15.914640145981789,8.784537056455509,2.047101396060389,-5.557276860388617,-2.2278689859637044,81.29413789568864
-859.0742508848764,268.2968914390952,-15.69950999871643,8.827913591043998,2.0913989689196795,-5.508298366424086,-2.347500933356949,79.21800928231549
-858.7824791475783,268.0715306675408,-15.4965537238155,8.87075737030452,2.1349619446718426,-5.458342342771745,-2.4627708555991834,77.11792100013648
-858.4907074102802,267.85040386848374,-15.305346189324588,8.91305030725188,2.1777437217360136,-5.407693250381095,-2.5738949629367176,74.99699673639748
-858.198935672982,267.6335332157549,-15.12547666615693,8.95477609899562,2.2197047758548623,-5.356593304427267,-2.6810847426115387,72.85812912327107
-857.9071639356838,267.4209233233675,-14.956561325538102,8.995919155148796,2.26080962915732,-5.305238473838794,-2.7845515787798063,70.70372545807972
-857.6153921983857,267.2125658916221,-14.798229287123448,9.03646552809004,2.301028501882287,-5.253797741071642,-2.8845002038076673,68.53606306054444
-857.3236204610876,267.0084418631656,-14.65012893370141,9.076402252489034,2.3403354872196283,-5.202410260855551,-2.9811273365354563,66.35721612748034
-857.0318487237894,266.80852341879194,-14.511925910153463,9.11571738903101,2.37870826647928,-5.151192606371221,-3.0746227927392233,64.16907157533055
-856.7400769864912,266.6127757413013,-14.383302547792225,9.154399936346167,2.4161276288106674,-5.100239894092731,-3.165168830675732,61.97332987211404
-856.448305249193,266.4211585421849,-14.263957205321914,9.192439755098828,2.452577062544062,-5.049629427423966,-3.252939576547171,59.771554289905616
-856.1565335118948,266.2336273023674,-14.153603650707069,9.22982750066249,2.488042393816544,-4.999424569013841,-3.3381017328510745,57.56515015313938
-855.8647617745967,266.0501350268191,-14.051968737242449,9.266554770933462,2.52251181573641,-4.949677144830629,-3.420812991421243,55.35542773815882
-855.5729900372985,265.87062996499543,-13.958798087193058,9.30261320950591,2.5559743090011775,-4.9004271248652715,-3.5012231864371097,53.14353534395746
-855.2812183000004,265.6950610455314,-13.87384587234696,9.337995708424204,2.588421382056236,-4.851707444137523,-3.5794748885931664,50.93056196494815
-854.9894465627023,265.523373420879,-13.796880274777502,9.372695541487177,2.6198456158040244,-4.803543275009082,-3.6557035264471347,48.717505523307246
-854.6976748254041,265.35551723443837,-13.727682482668184,9.406706485581022,2.650240585353259,-4.755949712596009,-3.730037258231308,46.50525205450346
-854.4059030881059,265.191436848856,-13.666042365196716,9.440023065849077,2.6796014392019782,-4.708940196841574,-3.8025982888233387,44.294631171612515
-854.1141313508078,265.0310793186939,-13.611766980060432,9.472639565368025,2.707922952916836,-4.662519579970592,-3.873503612238557,42.08634100888818
-853.8223596135097,264.87439170169864,-13.56466803094711,9.50455135198646,2.735201826135532,-4.616691661918134,-3.942863444738834,39.88102643233707
-853.5305878762115,264.7213220513404,-13.524569150035338,9.535753945147059,2.761435011471828,-4.571455353583632,-4.010782491762166,37.67928065602348
-853.2388161389133,264.57181942979315,-13.491303435616427,9.566243217603327,2.7866200255561746,-4.526806912181172,-4.077359982696351,35.481665234801014
-852.9470444016151,264.4258340840382,-13.464713058540312,9.596015359583108,2.8107548576486927,-4.482740521783991,-4.142690945343136,33.28861923159429
-852.655272664317,264.2833175936632,-13.444648832479057,9.625066852428917,2.8338379003502014,-4.439247628543829,-4.2068658848150156,31.100592451554903
-852.3635009270188,264.14422296886545,-13.430969817561058,9.653394450802963,2.855867892192362,-4.396317947068209,-4.269970192220963,28.917965413922943
-852.0717291897206,264.0085047536916,-13.42354291091614,9.680995150940038,2.8768438619519254,-4.353940482946814,-4.332086059128496,26.741062272133
-851.7799574524225,263.87611906968357,-13.422242534126383,9.707866174900198,2.8967650796105935,-4.312102341012782,-4.393292245322632,24.570215773849945
-851.4881857151244,263.74702373549866,-13.426950341096179,9.734004959424084,2.9156310138836803,-4.2707886754815565,-4.453663325906469,22.40567382243191
-851.1964139778262,263.6211783540776,-13.437554819812123,9.759409117677325,2.9334412922700617,-4.229984250674538,-4.513271201878609,20.247667024362176
-850.904642240528,263.49854428043705,-13.453951102436159,9.784076433488938,2.9501956637297573,-4.189673539951885,-4.572184558439799,18.09637958879891
-850.6128705032298,263.3790846605222,-13.47604063743383,9.808004842419383,2.965893974465334,-4.149839444399459,-4.630469581656885,15.95199488847597
-850.3210987659318,263.2627645221809,-13.503730945003378,9.831192423932833,2.9805361440878078,-4.110464496560499,-4.688189582771555,13.814665646569486
-850.0293270286336,263.14955075643314,-13.536935437547992,9.853637382761336,2.994122133027756,-4.071530793556843,-4.745405963764552,11.684521120720708
-849.7375552913354,263.0394121560834,-13.575573117301815,9.875338036829245,3.006651932390178,-4.033019508610653,-4.802177541190327,9.561661769497414
-849.4457835540372,262.93231803595245,-13.619569200404122,9.896293186712114,3.018125739451169,-3.9949125357734827,-4.85856171692194,7.4461897645068555
-849.1540118167391,262.82824371739673,-13.668851884354352,9.916500577419205,3.028543137516095,-3.9571903618313438,-4.914612876431772,5.338098701682548
-848.8622400794409,262.7271640128132,-13.723357965591878,9.935958817353294,3.0379038402069027,-3.9198325043159716,-4.970384654082984,3.237469466348614
-848.5704683421428,262.6290521025738,-13.783021903225473,9.95466762679609,3.046209229260672,-3.8828209269324,-5.025927708903124,1.1443833333584719
-848.2786966048446,262.5338881692617,-13.84779435620491,9.972624662968713,3.053457643008969,-3.846133756709677,-5.081294066863251,-0.941158092176672
-847.9869248675465,262.4416525947844,-13.91762186193401,9.989829046181084,3.059649451769644,-3.809750842994458,-5.13653217591511,-3.0192114233792657
-847.6951531302483,262.3523278104529,-13.992457861856233,10.006279586769342,3.0647844178885597,-3.7736510346188052,-5.19168992007777,-5.089721310216115
-847.4033813929502,262.2658982632375,-14.072260181030174,10.021975129293278,3.0688622272541957,-3.7378135872564022,-5.24681433510629,-7.152766405855898
-847.111609655652,262.1823504068102,-14.156990903172193,10.036914543130216,3.071882484429522,-3.7022169372861167,-5.3019512768675465,-9.20834888688398
-846.8198379183539,262.1016727359682,-14.246616242367276,10.051096722155364,3.073844715388974,-3.6668395390459203,-5.357145656831936,-11.25652050141951
-846.5280661810557,262.0238541856081,-14.341104604750072,10.064521052217817,3.074748971911827,-3.6316597482773725,-5.412441470986173,-13.29734735950419
-846.2362944437575,261.94889058425866,-14.440433995966393,10.077185470238483,3.0745933589094108,-3.5966539855338753,-5.46788369660441,-15.330931030924633
-845.9445227064593,261.87677511973817,-14.544580756222642,10.089089355479683,3.0733777238860513,-3.561800313195972,-5.523515141870497,-17.35735883903097
-845.6527509691612,261.80750399146626,-14.653524476824947,10.100231949033715,3.0711017672616774,-3.5270754010065124,-5.579378199859086,-19.376694104402542
-845.360979231863,261.74107773687246,-14.767255864313173,10.11061142980319,3.0677634090876205,-3.4924544609129735,-5.635516477223532,-21.38907930369786
-845.0692074945648,261.67749701225677,-14.885762074030495,10.120226992525943,3.0633621379903686,-3.457914231461654,-5.691971580115236,-23.394636136614672
-844.7774357572667,261.61676504109926,-15.009030604075438,10.12907751739415,3.057897500646764,-3.423431283773011,-5.748785412815326,-25.393485117601966
-844.4856640199686,261.5588889576972,-15.137072785157294,10.137161830706429,3.0513665905489464,-3.388976729496905,-5.806001064231435,-27.38579040385773
-844.1938922826704,261.5038752323697,-15.269875109130034,10.14447824717513,3.043769384488314,-3.3545284312120844,-5.863660201684934,-29.37172220677408
-843.9021205453722,261.4517368672371,-15.407453007755358,10.151026074804676,3.0351035480134008,-3.3200564706575637,-5.921805680816832,-31.35146073738836
-843.6103488080741,261.4024846367975,-15.549803247077694,10.156803329682033,3.0253683890618293,-3.2855374054090247,-5.980479650837333,-33.32519944948665
-843.318577070776,261.35613633428676,-15.696945715412225,10.161809015813652,3.0145615903577503,-3.250940038068925,-6.039725316280601,-35.29315996877738
-843.0268053334778,261.31270983730303,-15.848892822812516,10.16604146445982,3.0026816273564694,-3.216236306381323,-6.09958599242557,-37.25555465860152
-842.7350335961796,261.2722264081325,-16.00566339288986,10.169499072514247,2.989726680243983,-3.181396582634143,-6.160105518160838,-39.21267788311095
-842.4432618588814,261.23471090041227,-16.167283022420335,10.172179976324344,2.975694369959398,-3.1463896359364174,-6.221328682901317,-41.164796728022274
-842.1514901215833,261.20018890349,-16.33377175167506,10.174082689251334,2.9605837034769964,-3.111184309078413,-6.283299916437738,-43.112181327827265
-841.8597183842851,261.16869123800586,-16.505162589901573,10.175205145772532,2.944392206373424,-3.0757470849031767,-6.34606553929385,-45.05516376911989
-841.567946646987,261.1402512194607,-16.68148926224988,10.175545305892706,2.9271178407221177,-3.0400431346315706,-6.409672483715079,-46.99413432350867
-841.2761749096888,261.11490642268905,-16.862791749765044,10.175100617580094,2.9087579688073237,-3.0040363245299213,-6.474169097585462,-48.92946987767474
-840.9844031723907,261.0926951500112,-17.049106698654455,10.17386950019823,2.8893116829545304,-2.9676904397808723,-6.539603566701723,-50.861580001981224
-840.6926314350925,261.07366202727866,-17.240481897343013,10.171849092959532,2.868776375087331,-2.9309661211134355,-6.606025891261822,-52.79096500883057
-840.4008596977943,261.0578546097073,-17.43696682292821,10.1690367235538,2.8471500479861804,-2.8938224310105327,-6.67348817755141,-54.71811839744633
-840.1090879604963,261.04532443516047,-17.638615028834124,10.165429531118777,2.8244307906654584,-2.8562170834010865,-6.742042996708466,-56.6435832584748
-839.8173162231981,261.0361272418071,-17.845484307508265,10.161024442185445,2.8006168004975875,-2.8181054470499896,-6.811745312212545,-58.56798485740333
-839.5255444858999,261.03032318725275,-18.057636791504997,10.155818146889095,2.7757064203901645,-2.7794407042108373,-6.8826509891892,-60.49199251193173
-839.2337727486017,261.02797802225234,-18.275141432203757,10.149806628410426,2.7496975579887817,-2.7401732202467626,-6.95481898703591,-62.41637448061492
-838.9420010113035,261.02915968341097,-18.498064559848366,10.142986947327755,2.72259026694161,-2.700252521274412,-7.028308032861106,-64.34189833479843
-838.6502292740054,261.0339439674747,-18.72648436665744,10.135354508638255,2.6943830261531163,-2.659623572907626,-7.103181049885704,-66.26948790148214
-838.3584575367073,261.0424113255214,-18.960481490727947,10.126904825548959,2.665075322961114,-2.618229043778867,-7.17950187498621,-68.20017231361203
-838.0666857994091,261.0546480145058,-19.200141527982172,10.117633043206705,2.634667119594932,-2.576008479338964,-7.2573378792017635,-70.13503942362225
-837.774914062111,261.0707464768939,-19.4455552583304,10.10753389414485,2.603158939164492,-2.532898320800601,-7.336758412644494,-72.07534082332708
-837.4831423248128,261.0908056952115,-19.696818803255088,10.09660166152307,2.570551987947093,-2.4888315711583977,-7.417835917806196,-74.02245288341263
-837.1913705875146,261.1149281839862,-19.95403202536029,10.084830555848514,2.536848944126179,-2.443737501987854,-7.500644549382476,-75.97789304471517
-836.8995988502165,261.1432329725161,-20.21730366146536,10.07221326066575,2.5020519849446243,-2.3975404137442373,-7.585264895373115,-77.9433876337528
-836.6078271129184,261.1758400874999,-20.4867495864707,10.058742235213229,2.4661649560554206,-2.350160254342617,-7.671778559801451,-79.92082442429007
-836.3160553756202,261.21287808914406,-20.762487212902258,10.044409726753294,2.4291938661540042,-2.301513425775932,-7.760270810115578,-81.91234042752652
-836.024283638322,261.25448568377635,-21.04464432853852,10.029206512727782,2.3911453663417825,-2.2515110545692134,-7.85083174605651,-83.920337095228
-835.7325119010238,261.3008120490801,-21.333352482010554,10.013123481786005,2.3520290426000505,-2.200060489952929,-7.943553817015682,-85.94745936734833
-835.4407401637256,261.35201006109327,-21.628745182245574,9.996150600261378,2.3118574596266037,-2.1470629578692577,-8.038533721139919,-87.99667935816191
-835.1489684264275,261.4082573639326,-21.930974955317566,9.978275000337923,2.270642811712952,-2.0924144386505468,-8.135876044265165,-90.07138932861432
-834.8571966891293,261.46972690032703,-22.2401979962861,9.959484897961174,2.2284034666725,-2.036004424254507,-8.235683821548886,-92.17531829274824
-834.5654249518312,261.5366135208484,-22.556573827370876,9.939765932237446,2.185160450417455,-1.9777187989999867,-8.338066897367574,-94.31269877915989
-834.273653214533,261.6091203522371,-22.880269316382975,9.91910299367239,2.1409401847069356,-1.9174379718555425,-8.44313509324614,-96.48825722403343
-833.9818814772349,261.68747256168683,-23.21146870751984,9.897477777458263,2.095772133781405,-1.8550363140509194,-8.551002479621241,-98.70724811395809
-833.6901097399367,261.7718969280361,-23.550351747503434,9.874872840233811,2.0496960442329444,-1.7903856212545963,-8.661774267714138,-100.97553951955092
-833.3983380026386,261.86264357444,-23.897111682208518,9.85126687791216,2.0027570665379106,-1.7233547418317647,-8.775553139432562,-103.29961517268448
-833.1065662653405,261.9599759906156,-24.2519466060875,9.826636951581243,1.955010475264122,-1.653811829429028,-8.892425667514637,-105.68661315176136
-832.8147945280423,262.0641760931081,-24.61506151711658,9.800957576107255,1.9065225594241142,-1.5816285931656948,-9.012453175904586,-108.14430470620013
-832.5230227907441,262.1755334150011,-24.986655021551172,9.774201353682413,1.8573748107708454,-1.5066854752509806,-9.135656171269696,-110.6809877274472
-832.2312510534459,262.29436335610995,-25.366929792190486,9.74633757751792,1.8076640189294206,-1.4288789959829389,-9.261994768474418,-113.30543755382706
-831.9394793161478,262.420986615144,-25.75608040992613,9.717332545381705,1.7575073407323036,-1.3481339246829107,-9.39133597595613,-116.02654532710521
-831.6477075788496,262.5557359835106,-26.154278817536103,9.68715138348209,1.7070479794860791,-1.264419549679838,-9.523416055876089,-118.8531221604816
-831.3559358415514,262.6989579234578,-26.561672003393117,9.65575490510747,1.6564563250561237,-1.177764929169997,-9.657803833831991,-121.79330076890328
-831.0641641042533,262.8509886694295,-26.978349422171565,9.623102384340848,1.6059390689076944,-1.0883020244496422,-9.79382880411316,-124.85348649788445
-830.7723923669552,263.0121619157025,-27.404341580309527,9.589151380111687,1.5557430336781704,-0.9963010773959017,-9.930520548187552,-128.038043089813
-830.480620629657,263.1827807802487,-27.83957709365673,9.553859144580205,1.5061629803303014,-0.9022115288784258,-10.066547851136328,-131.3480287856338
-830.1888488923588,263.363115884425,-28.283865884642417,9.517182088770088,1.4575445286258228,-0.8067196750749204,-10.20015496572096,-134.77946104984383
-829.8970771550606,263.5533538951849,-28.736842112912466,9.479080590327017,1.4102927873911546,-0.7108046752387804,-10.329135569245311,-138.32317632764196
-829.6053054177626,263.7535883051147,-29.19794492544117,9.439518608434463,1.3648700639265232,-0.6157932335592313,-10.450819297964127,-141.96291496295115
-829.3135336804644,263.963783127527,-29.666381159072333,9.398466016139363,1.3217926153346977,-0.5233427266263642,-10.562176202187018,-145.67545349109108
-829.0217619431662,264.1837253206245,-30.141093356592798,9.355902497697638,1.2816222430536621,-0.43544708345142674,-10.65992312762977,-149.4300627673964
-828.729990205868,264.4130124778433,-30.620758099325037,9.311818019119114,1.2449454520413523,-0.35435976564926397,-10.740744344302247,-153.18905730289404
-828.4382184685699,264.6510133654158,-31.10378888922384,9.266216504211839,1.2123482256380818,-0.28242565530667585,-10.801566984705616,-156.90844541151978
-828.1464467312717,264.89687011478156,-31.588365372182107,9.21911692277969,1.1843799318730268,-0.2218302124133708,-10.839886159077562,-160.5387846268456
-827.8546749939736,265.14954819627775,-32.07251740460782,9.17055597260498,1.1615161994827525,-0.1736827143693866,-10.854481222667323,-164.02361978786618
-827.5629032566754,265.40793480629503,-32.55422688401342,9.120589427459038,1.1441239745786074,-0.13832718445135841,-10.845338567834473,-167.29753083542596
-827.2711315193773,265.67087595973186,-33.03151651042118,9.069295745036849,1.1324382154697914,-0.11580146575429277,-10.813408293109807,-170.29163767892652
-826.9793597820791,265.9372092314399,-33.502529713961216,9.016773917879682,1.1265453515593236,-0.10579729190629533,-10.760590053454857,-172.9432224807751
-826.6875880447809,266.2058081584516,-33.9656018376269,8.963139880979748,1.126380717109321,-0.10765419090752243,-10.689593256216739,-175.20585209897664
-826.3958163074828,266.47559265481686,-34.419315617797594,8.908522945329658,1.1317414782190625,-0.1203789362931604,-10.603700254687896,-177.05602505856214
-826.1040445701847,266.7455753860158,-34.862537350694076,8.853055818136204,1.142307055867934,-0.1427158078844465,-10.506426291730037,-178.4951230345024
-825.8122728328865,267.01487894119333,-35.29441996738712,8.796868934507884,1.1576699643301889,-0.1732803177467324,-10.401164843623746,-179.54534538167076
-825.5205010955883,267.28275210594705,-35.71438220452171,8.740083505177067,1.1773670562755292,-0.21066567703320277,-10.290920427635184,-180.24240692658114
-825.2287293582901,267.5485649770541,-36.122068181128675,8.682809647147053,1.2009102393722428,-0.2535721550648883,-10.178135614086626,-180.62788599267668
-824.936957620992,267.81179787327767,-36.517298982304496,8.625144854154751,1.2278106431224454,-0.3008908109409439,-10.064656436900583,-180.7432398548549
-824.6451858836938,268.0720239658904,-36.90002718878223,8.567174754923798,1.2575970671010177,-0.35171541534505624,-9.951800776372519,-180.62639066255014
-824.3534141463957,268.3288924953914,-37.270296204884296,8.508974445255934,1.2898278872991629,-0.40533536862824626,-9.840452385351693,-180.31094271346024
-824.0616424090975,268.5821099861627,-37.62820722630464,8.450609159816379,1.3240972796323498,-0.4612229897005768,-9.731163221284776,-179.82600285965367
-823.7698706717994,268.8314269512421,-37.973900302006435,8.392136152334027,1.360038957519363,-0.5189894274841699,-9.624257437796546,-179.19682411610842
-823.4780989345012,269.0766254599242,-38.30753565394198,8.333605400184954,1.397325885829186,-0.5783564029983186,-9.51989869386118,-178.44514815549056
-823.186327197203,269.3175103312971,-38.629283297814595,8.275060665878122,1.4356689064117232,-0.6391301411720186,-9.418140963186932,-177.58969440006965
-822.894555459905,269.55390224168866,-38.9393154587018,8.216540351715661,1.474814171689289,-0.701181291549711,-9.318963185125213,-176.64649644107928
-822.6027837226068,269.7856324173781,-39.23780141351656,8.158078251850993,1.5145400278061665,-0.7644296930144793,-9.222294315679356,-175.62927433391494
-822.3110119853086,270.01253875690804,-39.52490399273152,8.099704208214106,1.5546537017765114,-0.8288304573447409,-9.128029642195168,-174.54970783216697
-822.0192402480104,270.23446296714656,-39.800777311629055,8.041444683135191,1.594988032073024,-0.8943660117086673,-9.036043559236322,-173.4177496337402
-821.7274685107122,270.45124845005864,-40.06556528988448,7.983323245149043,1.6353983691884262,-0.9610380824042395,-8.946195667380435,-172.24188559235432
-821.4356967734141,270.66273889587893,-40.31940061064039,7.9253609871382595,1.675759715695399,-1.02886201481593,-8.858337189319393,-171.02934736683468
-821.1439250361159,270.86877724427535,-40.56240417822125,7.867576879596845,1.7159641639618581,-1.0978638333822859,-8.772314075427788,-169.78630758964698
-820.8521532988177,271.0692062445586,-40.79468615099833,7.8099878688422315,1.7559188494418836,-1.1680748819827778,-8.687970992208612,-168.518052204137
-820.5603815615196,271.2638632760329,-41.01634036967656,7.752609971194009,1.795543040333255,-1.2395368667021398,-8.605151269733849,-167.2289587624402
-820.2686098242215,271.4525869708033,-41.227452607087294,7.695457288735789,1.8347677617883258,-1.31228969582076,-8.523700347345287,-165.922805739131
-819.9768380869233,271.6352127405501,-41.428095244994346,7.638543022436237,1.8735334001115351,-1.386377812956266,-8.443466169574956,-164.60269687509668
-819.6850663496251,271.81157068569837,-41.618326777448665,7.581879785988245,1.911788212118232,-1.4618483377348472,-8.364297088904568,-163.27115381605034
-819.393294612327,271.981497942364,-41.79820018025994,7.525478491263211,1.949488833938663,-1.5387469317641274,-8.28604778771901,-161.93029190358612
-819.1015228750289,272.1448205106596,-41.96775099819169,7.469350411002488,1.9865968935843221,-1.617123351428095,-8.20857279774516,-160.5816689852178
-818.8097511377307,272.3013654541691,-42.12700569873224,7.413506056440071,2.023079782502569,-1.6970260212563526,-8.131731390824635,-159.22646122185498
-818.5179794004325,272.4509544051189,-42.275980076882995,7.357955749762359,2.0589093996184293,-1.7785042903565305,-8.055385182396364,-157.86544187237905
-818.2262076631343,272.5934183506957,-42.41467788279099,7.302709212666774,2.0940619808329624,-1.8616045177026308,-7.979399858009322,-156.49917088239658
-817.9344359258362,272.728577874311,-42.54309704491534,7.247776443331943,2.1285173692043613,-1.9463717550091189,-7.903644902590848,-155.12786921855843
-817.642664188538,272.85625489564086,-42.66122157609106,7.1931672758652665,2.162258124900729,-2.0328520754825306,-7.827992876907234,-153.75144300430534
-817.3508924512399,272.9762691856236,-42.76902530797282,7.138891550791389,2.195269398308354,-2.1210901842741854,-7.7523187746812035,-152.36956701151385
-817.0591207139418,273.0884480186887,-42.8664792407757,7.0849594717440905,2.2275395775625886,-2.211124436655998,-7.676501482264703,-150.9817272071135
-816.7673489766436,273.1926122340928,-42.95353923809274,7.0313812378499945,2.2590582731589604,-2.3029949662607283,-7.600421129267502,-149.58715885419056
-816.4755772393454,273.28858617712757,-43.030154687850384,6.978167408185614,2.2898172163942228,-2.396737891767291,-7.523960440559149,-148.18492277182563
-816.1838055020472,273.376196049962,-43.09626671507922,6.9253288927735595,2.3198097629140784,-2.492385477830493,-7.447004817220579,-146.7738892772513
-815.8920337647492,273.4552704203948,-43.1518084294539,6.8728770051244,2.3490307027455786,-2.5899674163857282,-7.369440584895652,-145.3527881360452
-815.600262027451,273.5256409092239,-43.196705213165934,6.820823525153998,2.377476098869684,-2.689507864723618,-7.291157002004129,-143.9201274844358
-815.3084902901528,273.5871428289909,-43.230875066339024,6.769180754545523,2.405143150804901,-2.7910282339978605,-7.212045047979819,-142.47430296867836
-815.0167185528546,273.63962149145755,-43.25422656601258,6.717961161623062,2.4320302118334554,-2.8945425175521176,-7.131997201575101,-141.0136260269434
-814.7249468155565,273.68291078040954,-43.26666824232685,6.667179002953574,2.4581361379093463,-3.0000631738932806,-7.050908084754697,-139.53610970110998
-814.4331750782583,273.7168639595341,-43.268094188900704,6.616847980841873,2.48346081805572,-3.1075947398186337,-6.96867282174814,-138.0398173279782
-814.1414033409601,273.74134160321796,-43.258397110286175,6.566983184773874,2.508005027934229,-3.217136313953048,-6.88519379932323,-136.52256163207187
-813.849631603662,273.7562114138059,-43.23746343801308,6.51759980590146,2.5317704605002254,-3.328677016237141,-6.800369328857699,-134.98218505620585
-813.5578598663639,273.76134395506455,-43.20517239082345,6.468714342374766,2.5547588323441137,-3.4422034808212447,-6.714104733951263,-133.41631085971255
-813.2660881290657,273.75662175210977,-43.16139918513875,6.420343945154132,2.5769726726906206,-3.557692305267025,-6.6263050690791365,-131.82248805940444
-812.9743163917675,273.74194086884717,-43.106015300628314,6.372506384443111,2.598415318606818,-3.675110533428357,-6.53688124556828,-130.19821966854994
-812.6825446544694,273.7171982054625,-43.03888594169362,6.325220947128015,2.619089752603965,-3.7944199433648182,-6.4457469954198094,-128.5407653980476
-812.3907729171713,273.6823126945611,-42.95987524029528,6.2785072013542065,2.6390002439153877,-3.915568677946772,-6.35282002026932,-126.84742363907648
-812.0990011798731,273.63721282999774,-42.868843798847195,6.232385857919754,2.6581512180712394,-4.038496108375703,-6.258024113170466,-125.11534892431078
-811.8072294425749,273.5818409607602,-42.76565015906581,6.1868785920237555,2.6765475106496495,-4.163130390953494,-6.161287675786002,-123.34163564428768
-811.5154577052767,273.51615136923317,-42.65014722258185,6.142008336130921,2.6941937800664126,-4.289388491391072,-6.062544388047933,-121.52327627431343
-811.2236859679786,273.4401227167398,-42.52220028701302,6.097798233534067,2.71109676543231,-4.417175059378463,-5.9617402905333,-119.65722242454329
-810.9319142306804,273.35374539743765,-42.3816660705274,6.0542734200462265,2.72726212798166,-4.5463818892336985,-5.858824544853765,-117.74039580420258
-810.6401424933822,273.2570188120143,-42.22839590068967,6.011459283108606,2.742695719256027,-4.676892929522284,-5.75375537309489,-115.76958211177235
-810.3483707560841,273.14996843079894,-42.06225211174045,5.969383302527149,2.7574038800299747,-4.808571602666775,-5.646501623644435,-113.74154609085734
-810.056599018786,273.03265224876236,-41.883105064674474,5.928071923654632,2.771395330829026,-4.941266369276926,-5.537048470429399,-111.65315397886822
-809.7648272814878,272.9051191179868,-41.69082143677794,5.887555417221859,2.7846759653841264,-5.074813168136732,-5.425385784049433,-109.50095995098445
-809.4730555441896,272.76746151300097,-41.485278064778186,5.847863386322826,2.7972540257317027,-5.209029859182568,-5.3115216358659065,-107.28169741547504
-809.1812838068915,272.6197875623437,-41.266359265277025,5.809026928305238,2.809137650279305,-5.343716955393658,-5.1954778375748445,-104.99207013459575
-808.8895120695934,272.4622282846037,-41.03395885689879,5.771078193246985,2.820335358283423,-5.478659401468061,-5.077292547625413,-102.62880536432975
-808.5977403322952,272.2949380124664,-40.787981780367154,5.734050368536029,2.8308560459735315,-5.613625942657667,-4.957019195592619,-100.18871313184229
-808.305968594997,272.118094987232,-40.52834574763071,5.697977649420366,2.8407089915010832,-5.748369138349703,-4.834728645182357,-97.66864444569426
-808.0141968576988,271.9319017647576,-40.2549830709413,5.662895194252485,2.849903871570771,-5.882625029965766,-4.710512022531519,-95.06560398741527
-807.7224251204007,271.7365908676006,-39.96784791253814,5.628839107860536,2.8584511253929032,-6.016106407677013,-4.584484271585996,-92.3766366174883
-807.4306533831025,271.53239922613807,-39.66689997742869,5.595846942980961,2.8663600805094984,-6.148509990936336,-4.456778038019825,-89.59883770162408
-807.1388816458043,271.319623711869,-39.35212847297804,5.563955307276826,2.8736430327147247,-6.2795102004064285,-4.327556147050728,-86.72967380260154
-806.8471099085062,271.09856394965306,-39.02354719884105,5.533203359797705,2.880310931021464,-6.408766217711651,-4.196995877017663,-83.76670493754189
-806.5553381712081,270.86955218529886,-38.681192373035636,5.5036302987637065,2.886375675475167,-6.5359209709995065,-4.0652974440179435,-80.70781068810642
-806.2635664339099,270.6329473083804,-38.325126967117114,5.475275878250443,2.891849648915769,-6.660595435590332,-3.93268682983429,-77.55109898334044
-805.9717946966117,270.3891343675217,-37.95544187415269,5.448180986797755,2.8967450827933865,-6.78238378454544,-3.7994207410956147,-74.29493066651838
-805.6800229593135,270.1385240160501,-37.572258134207594,5.422384904036728,2.901076395311956,-6.900868013883783,-3.665785491947641,-70.93792580748637
-805.3882512220155,269.8815735690533,-37.1757491810348,5.397928835560226,2.9048580001698987,-7.0156177179688,-3.532085076898798,-67.47923540837199
-805.0964794847173,269.6187423323177,-36.766101628671635,5.374853666143603,2.9081039545265854,-7.126196855826431,-3.3986379889924034,-63.91842231917502
-804.8047077474191,269.3505147922678,-36.34352864861112,5.353200875730879,2.91082792449255,-7.232126992208907,-3.2657958371032287,-60.255329216718586
-804.5129360101209,269.0774227455835,-35.90831075121113,5.333010632268248,2.913046314970502,-7.332882249975781,-3.133963372137674,-56.490295133679616
-804.2211642728228,268.8000216984111,-35.46076093126076,5.314323017141522,2.914775358819903,-7.427940361656853,-3.003561035028112,-52.62407466346165
-803.9293925355246,268.51890126136703,-35.001237900502446,5.297177819791681,2.916031587304088,-7.5167788230131345,-2.875022448031984,-48.658214896988845
-803.6376207982265,268.2346639288175,-34.53014192902449,5.281613945976843,2.9168318323879405,-7.5987981550948565,-2.748841237527241,-44.59472337693152
-803.3458490609283,267.94796385156747,-34.047921644600606,5.267669216746855,2.917193586725689,-7.673338571903644,-2.6255749087475846,-40.43604174750331
-803.0540773236302,267.6594875758403,-33.55508045250927,5.255380891796639,2.917134105735503,-7.739718732438141,-2.505816515564622,-36.18541694723462
-802.762305586332,267.36996527884884,-33.05218430979861,5.244784218381621,2.916671541650882,-7.7971641852859594,-2.3902506117970437,-31.847028690439465
-802.4705338490339,267.080179882455,-32.53986581260952,5.235912764856019,2.915824112411617,-7.84479577291764,-2.279664839707075,-27.425725707199025
-802.1787621117358,266.7909731756652,-32.018820913896604,5.228797525100873,2.9146102225209867,-7.8816151577581,-2.1749749222962196,-22.927657441624074
-801.8869903744376,266.5032600648791,-31.48985508444412,5.223468140712297,2.9130470352749733,-7.906490963468247,-2.0772384092131846,-18.360115039146464
-801.5952186371394,266.2180281731344,-30.953834627800635,5.219951224181681,2.9111502802043288,-7.918107247703582,-1.9877038548045007,-13.731863997709258
-801.3034468998412,265.93636899378964,-30.411763428690627,5.218269735456904,2.908934454767291,-7.915035211645416,-1.907772217259901,-9.053512577553505
-801.011675162543,265.65947994234944,-29.864741576728193,5.218441661505671,2.9064119725843747,-7.895886285042882,-1.8388985527122912,-4.337714114140255
-800.7199034252449,265.3886087075321,-29.313983129204857,5.220481198955377,2.90359063868463,-7.8602585509190845,-1.7819861187880972,0.4010929986185178
-800.4281316879467,265.1249238534111,-28.76071304620821,5.224399258771443,2.900472216412153,-7.809241479871751,-1.737016305867816,5.1484348642749875
-800.1363599506485,264.8694545245038,-28.2061574924396,5.230199171031438,2.8970573239392747,-7.744260829229142,-1.703736186389669,9.890521273099774
-799.8445882133504,264.6230693776758,-27.65150560080302,5.2378808431411,2.893342236362275,-7.666702259269824,-1.6818603803542078,14.614439614029456
-799.5528164760523,264.38649331114493,-27.097915686888438,5.24743961665052,2.8893209768355663,-7.577878103737417,-1.671071552809801,19.308540148308143
-799.2610447387541,264.1603283633175,-26.546516122015845,5.258866633871138,2.8849856800911677,-7.478987052570765,-1.6710607496552172,23.961374679850675
-798.9692730014559,263.94505408642294,-25.9983926980418,5.272149247188381,2.8803270910722976,-7.371202951356591,-1.681439964717476,28.5631962734451
-798.6775012641579,263.7410587856203,-25.454606566535126,5.2872714006863495,2.875334440722794,-7.255427840616321,-1.7019311810536297,33.10398260184626
-798.3857295268597,263.54864581155886,-24.91617750002326,5.304211287929659,2.869998390405077,-7.132735499934672,-1.7320807381756649,37.57477649554025
-798.0939577895615,263.3680207867561,-24.384070392162684,5.322947087084126,2.8643063958136494,-7.003966238196578,-1.7714925854784231,41.96780179499147
-797.8021860522633,263.1993373651014,-23.859216171511008,5.3434525348889865,2.858246738566118,-6.869779453613654,-1.81985220493148,46.274846360800524
-797.5104143149651,263.04269802350353,-23.342512362914484,5.36569666472509,2.8518089401826163,-6.7310093391878185,-1.8766926993553075,50.488644171480296
-797.218642577667,262.89813147251346,-22.834792233951372,5.389647868268736,2.8449812438556963,-6.588470338411443,-1.9414776783692584,54.603423086218925
-796.9268708403688,262.7656208720388,-22.336841614372343,5.415271465883032,2.8377526830832958,-6.442699622005626,-2.0138038832508176,58.61341323855675
-796.6350991030707,262.6451206253948,-21.849403989972654,5.4425303419933035,2.830112357539565,-6.294185784689826,-2.093289155073539,62.512956246021545
-796.3433273657726,262.53655060774093,-21.37317482497533,5.471385213300127,2.822049648346041,-6.143541997978707,-2.1794438785858326,66.2976520428696
-796.0515556284744,262.4397899019778,-20.90879412019142,5.5017950460538225,2.8135544851373537,-5.991414525910035,-2.2717146910212564,69.96434235062209
-795.7597838911762,262.35467918848497,-20.45684497292454,5.533717656472047,2.8046172112369985,-5.838369509692033,-2.3695555539872895,73.51033389656685
-795.468012153878,262.28103441427476,-20.01785454873522,5.567108640436171,2.7952296594719157,-5.684807332589133,-2.4725230815927226,76.93333343724152
-795.17624041658,262.21865652198716,-19.592306611537285,5.601923280203852,2.7853830552947048,-5.531052121916062,-2.5802062908845773,80.23107032829029
-794.8844686792818,262.1673330638252,-19.1806369177936,5.638116218808276,2.775068724592972,-5.377485164124534,-2.692161116423958,83.40258476080304
-794.5926969419836,262.1268310230217,-18.783233092368135,5.67563992190589,2.764279788639995,-5.224508996426766,-2.807922806718428,86.44781184608526
-794.3009252046854,262.09690503460416,-18.400432933001923,5.7144475786417255,2.7530089265278908,-5.072508825634144,-2.927027147955837,89.3674335431099
-794.0091534673873,262.07728427733,-18.032523498543807,5.754492223259409,2.741249790019798,-4.921833265097468,-3.0490275251157013,92.16257495745646
-793.7173817300891,262.06769455761366,-17.679748330911984,5.795726789460865,2.728996510612359,-4.772768370575082,-3.173511517797854,94.83438568741234
-793.4256099927909,262.0678491593732,-17.342309297098286,5.838104403994822,2.716243821501905,-4.625553206504295,-3.3001029192689444,97.38436411238146
-793.1338382554928,262.0774579288226,-17.02036869539064,5.881578281942616,2.7029871382682673,-4.480381390728466,-3.4284602070246186,99.81426983806044
-792.8420665181947,262.0962285124291,-16.714052925375846,5.926101973553551,2.689222389940779,-4.337426748222719,-3.5582650561140783,102.12634281853697
-792.5502947808965,262.12386845251933,-16.42345667219271,5.971630020450625,2.6749454854082058,-4.196859169765772,-3.6892134082634023,104.32338350014476
-792.2585230435983,262.1600774089681,-16.14863577269747,6.018116251141174,2.6601544730441513,-4.058837479019175,-3.821015334000524,106.4084613888467
-791.9667513063002,262.20455970455555,-15.889622477647107,6.065516664495244,2.6448464266207066,-3.9234964346407892,-3.95340548084558,108.38488593340429
-791.6749795690021,262.2570178285781,-15.64641929871075,6.113787653526393,2.6290195601642816,-3.7909490922898437,-4.086141649619823,110.25613445467063
-791.3832078317039,262.3171556064759,-15.41900364017354,6.162886529575259,2.6126727197017967,-3.6612867533603017,-4.219005366541329,112.02573657179121
-791.0914360944057,262.3846794571297,-15.207330155259747,6.212771553515974,2.5958054129207095,-3.5345778428745245,-4.351799764198998,113.69728215918714
-790.7996643571075,262.4592995466829,-15.011333127668008,6.263401966308388,2.578417823482136,-3.410871066392326,-4.484350369571276,115.27433781457376
-790.5078926198094,262.540733729599,-14.83093005252988,6.314738365854778,2.56051044232543,-3.2901974573858084,-4.616501948447298,116.76052023619297
-790.2161208825112,262.6286964640394,-14.66601779807143,6.366741285127079,2.542085708866256,-3.172576368371546,-4.748115907830349,118.15951013354656
-789.924349145213,262.7229169827048,-14.516483258019699,6.4193734060249374,2.523145611824456,-3.0580121999359755,-4.879073151848187,119.47500081580505
-789.6325774079149,262.8231264556231,-14.382196770592243,6.472597677232792,2.5036938582785844,-2.946501304717549,-5.00926715906028,120.71072035361455
-789.3408056706168,262.9290672236987,-14.263025256080446,6.526379473603128,2.4837334932704116,-2.8380294867679043,-5.138609530754643,121.87041546620961
-789.0490339333186,263.0404839484839,-14.158818844521212,6.580683946885766,2.463269977205798,-2.732576726167463,-5.267023145185753,122.95786074265521
-788.7572621960204,263.1571298621229,-14.069422270694188,6.635477811594855,2.442309226336812,-2.630114193155339,-5.394445873018027,123.97679182870505
-788.4654904587223,263.27876542211675,-13.994673879243857,6.690728897232749,2.420858176439256,-2.530606893188149,-5.52082759334699,124.93089940119754
-788.1737187214242,263.4051559721016,-13.934404252574746,6.746405937822911,2.398925269123,-2.434014417221886,-5.646130108735106,125.82375699240679
-787.881946984126,263.53608175215345,-13.888447981989474,6.802479313304821,2.376518925731703,-2.3402886393449007,-5.770326759696482,126.65888483333235
-787.5901752468278,263.6713231757711,-13.85662917009414,6.858919875024869,2.353650035938731,-2.2493799420097074,-5.893401808151951,127.43960783374064
-787.2984035095296,263.8106705887623,-13.838772952042241,6.915699657433038,2.3303304690139055,-2.1612344570429958,-6.015348420083564,128.16908290928626
-787.0066317722315,263.95391834048087,-13.83470431335308,6.972791747922889,2.306573549069068,-2.0757970793714566,-6.1361685109016175,128.8503121910543
-786.7148600349333,264.1008784252854,-13.844247171393212,7.030169778967749,2.2823943370215876,-1.993011547640382,-6.25587311372405,129.48594810281233
-786.4230882976351,264.2513595001471,-13.867228000916858,7.087808505480221,2.2578095388217343,-1.9128215352956959,-6.374479856208965,130.07844764651645
-786.131316560337,264.4051828326133,-13.903477271907656,7.1456835521593165,2.2328373924667493,-1.8351726464966491,-6.492012777844322,130.62990858245976
-785.8395448230389,264.5621689631769,-13.952820133222804,7.20377033025494,2.2074994942334585,-1.7600146504836498,-6.608500606052281,131.14210139061277
-785.5477730857407,264.72215140083597,-14.01509254874114,7.262045559851959,2.181818437515379,-1.6872993443359547,-6.72397746145647,131.61635603244835
-785.2560013484425,264.8849667335971,-14.09013200096499,7.320485980463802,2.1558196415531223,-1.6169851341008155,-6.838480503885101,132.05360767027366
-784.9642296111443,265.05046130416514,-14.17778358841921,7.379068896486579,2.129530585729279,-1.549034343958436,-6.952049745541606,132.45434544041817
-784.6724578738463,265.2184702083188,-14.277881307864032,7.437771104346348,2.1029838293986542,-1.4834202162449523,-7.064724643863672,132.81843828011296
-784.3806861365481,265.38884727870374,-14.39027962168302,7.496569759520712,2.076212762538116,-1.420121590237332,-7.176546198750824,133.14538788582715
-784.0889143992499,265.56144367318313,-14.514831468795702,7.555441674080107,2.0492549208554522,-1.3591279020267235,-7.287552812188011,133.43415506752362
-783.7971426619517,265.7361142167888,-14.651396654415802,7.614363381534504,2.0221510498362774,-1.3004386398570165,-7.397781809716386,133.68322848891356
-783.5053709246536,265.91270794931916,-14.799830092406351,7.673310589977865,1.9949469688009709,-1.2440645536607684,-7.507262084106321,133.89060219255424
-783.2135991873554,266.0910799080704,-14.959998516067115,7.7322586409321525,1.967691429405809,-1.190027634162091,-7.616020465969613,134.05386315946387
-782.9218274500573,266.27108156578777,-15.131768677751566,7.79118198960314,1.940437955821946,-1.1383617738186071,-7.724075695906899,134.17022559739831
-782.6300557127591,266.4525604024882,-15.315008696782579,7.850053912706521,1.9132448208942312,-1.089113725289381,-7.831438313892654,134.23662156071532
-782.338283975461,266.6353644491793,-15.50958455658856,7.908847317553687,1.8861756372359477,-1.0423393439179562,-7.938108342157595,134.249668840136
-782.0465122381628,266.81933193275967,-15.715376327072741,7.967533917259886,1.8592972846662263,-0.998107532826883,-8.044076878312758,134.20593174612318
-781.7547405008646,267.00430214288076,-15.932253943057695,8.02608361044366,1.8326832719914519,-0.9565010547120726,-8.149321232537833,134.10178425390637
-781.4629687635666,267.19010322845463,-16.160085383754726,8.084466633473907,1.8064127262138001,-0.917614422647877,-8.253803133858206,133.9334624452346
-781.1711970262684,267.3765527972571,-16.398736480502905,8.14265081794531,1.780570242560531,-0.8815524110727506,-8.35746759994103,133.6973532930378
-780.8794252889702,267.56346429831933,-16.64806679222346,8.200602586253906,1.7552463658579984,-0.8484360867363598,-8.460240856891966,133.38967218865773
-780.587653551672,267.7506409942762,-16.90793792516841,8.258288330836564,1.730536390458324,-0.8183966937693667,-8.562028233914095,133.00663393654023
-780.2958818143738,267.9378704394935,-17.178194017112535,8.315672615997025,1.7065424890852043,-0.7915779192187691,-8.662706659567641,132.54435623469908
-780.0041100770757,268.12493195957745,-17.458673429962634,8.372719415958363,1.6833718692034774,-0.7681384715372975,-8.762125767158198,131.99884246492394
-779.7123383397775,268.31159077965845,-17.749210641456475,8.429390468784138,1.6611354115172285,-0.7482493876058695,-8.860104739716824,131.36606474593566
-779.4205666024793,268.4975945512619,-18.049611176038322,8.485646907083384,1.639950558886708,-0.7320972843513905,-8.956422174265464,130.6419256799198
-779.1287948651812,268.6826764582849,-18.359669877940764,8.541448749035323,1.6199375647996332,-0.7198809448123891,-9.050822281078972,129.82223294061887
-778.8370231278831,268.8665514280087,-18.679159070935427,8.59675464592492,1.6012195477387596,-0.7118088470805833,-9.143011219473419,128.90297719131044
-778.5452513905849,269.048915777239,-19.00782504119993,8.651521571340616,1.5839210272644837,-0.7081046675080885,-9.232653982274954,127.88046348088744
-778.2534796532867,269.22944574244246,-19.34539476781577,8.70570708677899,1.5681658273867582,-0.7090069155680068,-9.319378841760818,126.7514204859654
-777.9617079159887,269.407790002832,-19.69154724213689,8.75926678328098,1.554077256003572,-0.7147580360551874,-9.402781797392326,125.51329676257279
-777.6699361786905,269.5835865934883,-20.045951554344892,8.812155514831366,1.5417713815235177,-0.7256134968498936,-9.48243214708836,124.16444751229254
-777.3781644413923,269.7564422003305,-20.408226646325588,8.86432824726651,1.5313591556605488,-0.741841978195937,-9.557873276852987,122.70433035389433
-777.0863927040941,269.9259353035753,-20.777964117517506,8.915740663885193,1.5229408467263459,-0.7637125428099125,-9.628633150247573,121.1335657704788
-776.794620966796,270.09162020407797,-21.154706530229387,8.966348573683492,1.516605439058638,-0.7915176787848878,-9.694221717117331,119.45405951701277
-776.5028492294978,270.2530234331507,-21.537968258484927,9.016108843659385,1.5124254477448487,-0.8255515719919023,-9.754148920480691,117.6688753496985
-776.2110774921996,270.40964572598153,-21.927225205676436,9.06497953002513,1.5104555630089294,-0.8661351755357062,-9.807919497213675,115.78207359431251
-775.9193057549014,270.56095001563193,-22.32191435627781,9.112920440197026,1.510729985897552,-0.9135938331161119,-9.855051638355777,113.7983743540905
-775.6275340176034,270.7063686314356,-22.721431964360267,9.159893639568653,1.5132612051166183,-0.9682051763023578,-9.895114852563891,111.7227786930028
-775.3357622803052,270.8453269859861,-23.125154862276524,9.205862511486028,1.518037144698605,-1.0296406447218442,-9.928044378801635,109.56086430391679
-775.043990543007,270.9772996100257,-23.532482508658678,9.25079306076769,1.5250215469561503,-1.0971664677206605,-9.954012492377084,107.32001698911158
-774.7522188057088,271.1018185535743,-23.94281291944467,9.294654933369802,1.5341592221038394,-1.1700521372462556,-9.973196346790049,105.0093791563759
-774.4604470684108,271.21847366491005,-24.35557613478152,9.33741943395187,1.5453741112238475,-1.2475972208606276,-9.985787846698743,102.63913630491874
-774.1686753311126,271.3269119258505,-24.770209775699417,9.37906323473799,1.5585770264549537,-1.329148113372694,-9.991985673151962,100.219953083299
-773.8769035938144,271.4268329750434,-25.186179451336596,9.419565418157227,1.5736645706555235,-1.414089660471012,-9.99201273678732,97.76244700439103
-773.5851318565162,271.51798122923236,-25.602954018704306,9.45890999026546,1.5905253487169568,-1.5018508631291867,-9.986116718714568,95.27699355770702
-773.293360119218,271.6001505758071,-26.02003960230233,9.497083748595488,1.609039437751147,-1.5919097216600349,-9.974566953319224,92.7732880372965
-773.0015883819199,271.67317190855215,-26.43696845848536,9.534076636953687,1.6290817137725375,-1.683798198338927,-9.95765380139587,90.26044199976626
-772.7098166446217,271.73691397276826,-26.85328684000075,9.569882554011624,1.650525770499417,-1.7770937708705674,-9.935683049258898,87.74682199538934
-772.4180449073236,271.791277612754,-27.268580585024207,9.604497233331983,1.6732431636077514,-1.871426961073864,-9.90897231013259,85.24003905102101
-772.1262731700255,271.8361918005303,-27.682455918736725,9.637919881537483,1.697107593740906,-1.966476933691559,-9.877841635985073,82.7471868742847
-771.8345014327273,271.87160978797243,-28.094547671064277,9.670151997250155,1.7219952238117853,-2.061971854402023,-9.842607089177848,80.2745788005495
-771.5427296954291,271.8975062695428,-28.504516295164596,9.701197607054098,1.7477864125796518,-2.1576823617733436,-9.803574956082452,77.82786643358135
-771.2509579581309,271.91386961213163,-28.91205075788462,9.731061966980553,1.7743653770517243,-2.2534200063783736,-9.761035111581094,75.41197730002516
-770.9591862208329,271.92070584997407,-29.316859722168356,9.759753291444166,1.8016231399445854,-2.34902592660215,-9.71525713887764,73.03130293242097
-770.6674144835347,271.91802997254905,-29.718678470358096,9.787280137489374,1.8294553883716338,-2.444376047053278,-9.666483406081822,70.68944942190292
-770.3756427462365,271.90586571262855,-30.117259743371896,9.81365319653542,1.8577647190539701,-2.539367965780533,-9.614927835420945,68.38933017831134
-770.0838710089383,271.88424834848496,-30.512370237444348,9.838884645303848,1.886460470204532,-2.633914942683543,-9.560776039654773,66.13328285449622
-769.7920992716402,271.85321627615065,-30.903794161261,9.862987101872116,1.9154575307174018,-2.7279431972930768,-9.50418617687681,63.9229585586708
-769.500327534342,271.8128129627618,-31.291332065690348,9.885973889102035,1.9446768308478783,-2.8213893197702644,-9.445289814180532,61.75951516787776
-769.2085557970438,271.7630858451853,-31.674791415891356,9.90785879543115,1.9740448331625273,-2.9141950289256884,-9.384194846244686,59.6435902368391
-768.9167840597457,271.7040907905964,-32.05398823839827,9.92865647862309,2.003494007653559,-3.006304196934095,-9.320990514009017,57.5754419080183
-768.6250123224476,271.6358854903812,-32.42874733356659,9.948381492038363,2.0329614441318893,-3.0976659668225484,-9.255749892559027,55.55492625119215
-768.3332405851494,271.5585357475435,-32.798898307624405,9.967049236529181,2.0623896823571366,-3.1882294303746415,-9.188533298181904,53.58160592318499
-768.0414688478512,271.4721110976373,-33.16427611321979,9.984674659465036,2.091725070502516,-3.2779457369728706,-9.119395823062407,51.65485080847689
-767.7496971105531,271.3766844205391,-33.5247218232054,10.001272865636851,2.120918120797407,-3.366765399752574,-9.04838514015926,49.77372434978701
-767.457925373255,271.27233496907536,-33.88008029264667,10.016858969822007,2.149923161151232,-3.4546396897394103,-8.975549303169519,47.937216578219854
-767.1661536359568,271.15914746218067,-34.23020081992317,10.031448024274129,2.1786980134339067,-3.5415201822579747,-8.900937040540683,46.14420012752665
-766.8743818986586,271.03721103312625,-34.57493855824324,10.045054991245596,2.2072037903377444,-3.6273606618928382,-8.824600276132843,44.39344754602992
-766.5826101613604,270.90662377099153,-34.914149442224804,10.05769467702966,2.2354044849747567,-3.7121171685179983,-8.746592369345946,42.683651581507426
-766.2908384240623,270.7674876521606,-35.247698292507614,10.069382062138796,2.2632673628112974,-3.7957477159289823,-8.666972477899314,41.01339267123802
-765.9990666867641,270.61990577273207,-35.575453647879385,10.080130943982027,2.290761188872704,-3.878216282004708,-8.585800746117267,39.38116258949723
-765.7072949494659,270.46399129652644,-35.897288796593365,10.089955674652922,2.317857986791702,-3.9594900517701155,-8.50314118221417,37.78543384119589
-765.4155232121677,270.29985934831313,-36.21308413627264,10.098870242889678,2.344531968369416,-4.039538364074814,-8.419061342416553,36.22459691850817
-765.1237514748697,270.1276354902031,-36.522725035517304,10.106888797558332,2.370759974470329,-4.118335212103753,-8.333629015987572,34.697081966221546
-764.8319797375715,269.94744326636953,-36.826101860211544,10.114024405774405,2.396519894923564,-4.195860523963878,-8.246913025763495,33.20121846051461
-764.5402080002733,269.75941504963157,-37.12311225410755,10.120290456084886,2.421792295368751,-4.272096892930663,-8.158985128656408,31.735364622797697
-764.2484362629751,269.5636798844385,-37.413657205470884,10.125699360812396,2.446558564086611,-4.347029615763683,-8.06991072223275,30.29786089989322
-763.9566645256771,269.36037701999567,-37.69764360905256,10.130263352126782,2.4708020688593963,-4.420649170317744,-7.979758211491291,28.887083092315265
-763.6648927883789,269.1496475869886,-37.97498540885155,10.133994803484999,2.4945082467970225,-4.492946676187103,-7.888594781060705,27.501414354979943
-763.3731210510807,268.93163564012116,-38.2456009189739,10.136905499545032,2.51766371185365,-4.563916674170494,-7.7964847957075785,26.139258422599465
-763.0813493137825,268.70648448915597,-38.50941313392924,10.139006669685322,2.540256195196958,-4.633556707465509,-7.703489746949927,24.799076925637817
-762.7895775764844,268.4743517174238,-38.76635074130181,10.140309907498752,2.562275598720333,-4.7018628084578715,-7.609669090608153,23.479378676248704
-762.4978058391862,268.23538459501304,-39.016345139922215,10.140825120862104,2.583711547401002,-4.768836502625048,-7.515077229689842,22.178686608203332
-762.206034101888,267.98974241499,-39.25933457051885,10.140564190507618,2.6045571361589333,-4.83447541180008,-7.4197700400117235,20.895629941668524
-761.91426236459,267.7375817944428,-39.49525898348176,10.139536644284055,2.6248045770184065,-4.8987802218390035,-7.323795763309087,19.62882532932758
-761.6224906272918,267.4790589214902,-39.724061962068234,10.137751605425487,2.6444470382885314,-4.961752743477213,-7.227200665255672,18.376933403542953
-761.3307188899936,267.21434762524154,-39.94569248809518,10.135220268214042,2.663480920496241,-5.023388308239545,-7.130030977744457,17.13876833111342
-761.0389471526954,266.9436127537997,-40.160100042413234,10.131951500556225,2.681901495045556,-5.083685009259521,-7.0323275543802,15.91309486710956
-760.7471754153972,266.6670201443499,-40.3672405706269,10.127953916897818,2.6997053114652605,-5.142643275980595,-6.934130855180013,14.698717258918732
-760.4554036780992,266.38474288367274,-40.56706842618994,10.12323642472501,2.716889776239073,-5.200257479224572,-6.835475987105523,13.494567340129162
-760.163631940801,266.0969583395603,-40.759543208234874,10.117807723120452,2.7334533876032663,-5.256524513276312,-6.736399478611676,12.29961611366769
-759.8718602035028,265.80384566443473,-40.94462619453982,10.111676179852195,2.7493952304214426,-5.311439919132145,-6.6369347786954105,11.112876644433706
-759.5800884662046,265.50558708429907,-41.12228085285989,10.104849954144536,2.7647150997475474,-5.364999580983814,-6.537113747406037,9.933454923109181
-759.2883167289065,265.20236782810025,-41.29247262817849,10.097337013885404,2.7794134606210488,-5.41719924292426,-6.436966708081113,8.760511554053972
-758.9965449916083,264.8943782904996,-41.455170833380095,10.089145163717083,2.7934916311469955,-5.46803310222496,-6.336523518273633,7.593252284290061
-758.7047732543101,264.5818054170419,-41.610340629874386,10.080282005377217,2.8069509083779307,-5.517495514677563,-6.235811047784309,6.431005166653353
-758.413001517012,264.2648458500435,-41.75795473679008,10.070755053064671,2.8197938186070273,-5.565575719341471,-6.134858776662921,5.273119863066313
-758.1212297797139,263.9436976812145,-41.89798563813776,10.060571673402874,2.832023242358765,-5.612259577528208,-6.033695161364261,4.118961686649308
-757.8294580424157,263.61856226726957,-42.03040542497485,10.04973861780614,2.843641997975948,-5.6575324985247155,-5.932349353671809,2.9679266952249836
-757.5376863051175,263.2896490608056,-42.155196106479806,10.038264699656898,2.8546559151161364,-5.7013774165717,-5.830849910321631,1.819540368748596
-757.2459145678195,262.9571579957988,-42.27232910644312,10.02615529447255,2.8650676382853364,-5.743781073870833,-5.729220914318596,0.6732107121913231
-756.9541428305213,262.6213103631528,-42.38178463888157,10.013417536535197,2.874882178522005,-5.784727535374465,-5.627492070620646,-0.4715725040840856
-756.6623710932231,262.28231933984154,-42.483543239532175,10.00005851056647,2.884105069903663,-5.824198967707161,-5.525692057369824,-1.6152074177687887
-756.3705993559249,261.9404049546482,-42.57758685509238,9.986084994756482,2.8927420093085128,-5.862168349399333,-5.4238535427492005,-2.758069643138453
-756.0788276186267,261.5957940750001,-42.66390137384817,9.971503981415035,2.900799471103364,-5.898596430507463,-5.322017598150712,-3.9004722019698703
-755.7870558813286,261.24871532524,-42.74247194626692,9.956322002477018,2.908283762469178,-5.933438516115529,-5.220225222659899,-5.0427652693234695
-755.4952841440304,260.89940467136455,-42.81328534918921,9.940545210023714,2.915201179545815,-5.966658701717908,-5.118513671391581,-6.185341845355273
-755.2035124067316,260.54810466283567,-42.87633459076437,9.924180549854249,2.9215593333568504,-5.99822294594025,-5.016920472013471,-7.328545812765121
-754.9117406694329,260.1950612689932,-42.931612913004024,9.907234557770648,2.9273656378334514,-6.028091746384671,-4.915486414848818,-8.472661082718668
-754.6199689321343,259.8405248108715,-42.97911535030461,9.889713106406639,2.9326272540053995,-6.056209365738288,-4.814263335299684,-9.61782282655368
-754.3281971948355,259.48475746310953,-43.01884360517566,9.871624082239583,2.9373531936971338,-6.082498357354277,-4.713318910887137,-10.764101181282378
-754.0364254575368,259.12802612781394,-43.050801252693695,9.852973406098144,2.9415511427900576,-6.106881826868078,-4.612723524514877,-11.911739228948424
-753.7446537202381,258.7706072121017,-43.07499739661868,9.833767646104723,2.9452294605614706,-6.12928494490173,-4.512548808984951,-13.060936793891164
-753.4528819829394,258.4127857391382,-43.09144627327631,9.8140134044128,2.9483966346017896,-6.149617512657007,-4.412878528794621,-14.211691513913014
-753.1611102456407,258.05485727704144,-43.10016852192428,9.793717369349988,2.9510612713602256,-6.167769153432045,-4.31381473526412,-15.363899752167537
-752.869338508342,257.6971275316413,-43.10119002881629,9.772886134609273,2.953231737472363,-6.18362017095752,-4.2154699836530645,-16.51759140247268
-752.5775667710433,257.3399217380005,-43.09455014405279,9.751526765985906,2.95491688064646,-6.197024741404154,-4.117983538649852,-17.672831806306935
-752.2857950337446,256.98356989556163,-43.08029811914574,9.7296457981185,2.956125455019674,-6.2078145929588,-4.021518370612169,-18.829365002981604
-751.9940232964459,256.62843375867027,-43.05849350554738,9.707251192354912,2.956865974109069,-6.21581599288538,-3.926248573515098,-19.987129318082225
-751.7022515591473,256.2748807024632,-43.029212106133414,9.684349232712883,2.9571463536846028,-6.220794141162111,-3.832401629467452,-21.146145789199352
-751.4104798218485,255.92331134727317,-42.99254699376514,9.660947322566795,2.956974201592614,-6.222487361841419,-3.740238525404226,-22.306326316438668
-751.1187080845498,255.57415116229987,-42.948612743083224,9.637052701389235,2.956356501709425,-6.220594543429095,-3.650059682433984,-23.46792678414866
-750.8269363472511,255.22786114959143,-42.89755327611418,9.612672621030422,2.9552995955429058,-6.2147358781337525,-3.5622427341968033,-24.631291703474908
-750.5351646099524,254.88493976454075,-42.83953655761854,9.587814432327047,2.9538080771457276,-6.204480690630438,-3.477213965416186,-25.797282538450524
-750.2433928726538,254.54593384525185,-42.774766127138264,9.562484233371766,2.951884025302275,-6.1893616342980895,-3.3954431246000345,-26.967267444066703
-749.951621135355,254.21142753639955,-42.70348896660547,9.536689128912228,2.949529265764627,-6.169083534598056,-3.317278387515814,-28.143153681745954
-749.6598493980563,253.8820010921095,-42.62594977133439,9.510434585257185,2.946741163091162,-6.14391875564907,-3.242614835831208,-29.326994544118406
-749.3680776607576,253.5581855808459,-42.542382363337985,9.483726411875912,2.943515948789904,-6.114334230862687,-3.171186681615253,-30.520415381578566
-749.0763059234589,253.2404481080852,-42.45299358876136,9.456569751044196,2.9398479525139356,-6.0807601176666095,-3.1027397685803724,-31.724497346444586
-748.7845341861602,252.92922093367983,-42.35796417206005,9.428968803725517,2.935728212266655,-6.0435844631295215,-3.037044513085495,-32.93988932657184
-748.4927624488615,252.62487643822232,-42.257457137913796,9.400928568915484,2.931148493152815,-6.00310282053239,-2.9739285109574176,-34.16704212979823
-748.2009907115628,252.32776323214182,-42.15164225091888,9.37245409654511,2.9261011736871483,-5.959576279539296,-2.9132483378365133,-35.40609281838263
-747.9092189742641,252.0381914571896,-42.040648002557965,9.343549712654907,2.920575502261026,-5.913249472624362,-2.8548492185086083,-36.65719419289148
-747.6174472369654,251.7564479147131,-41.9246068089862,9.314220368255436,2.9145619991968768,-5.8642556830751795,-2.798665152649712,-37.92042884406778
-747.3256754996667,251.48279950389886,-41.80364111839296,9.284470914143702,2.9080506684597274,-5.812769005997885,-2.7445885737031284,-39.195674180840264
-747.033903762368,251.21748791651464,-41.67786573759146,9.254306266904637,2.9010319335080137,-5.758951469422349,-2.6925083475743596,-40.482780689407306
-746.7421320250694,250.96074404170852,-41.54737909755708,9.223731574970019,2.893495050092626,-5.702867330490818,-2.642386220365345,-41.781776235365975
-746.4503602877706,250.71278159531337,-41.41228664469595,9.19275211890026,2.88543081412234,-5.644593657618295,-2.59417143130433,-43.09254638129181
-746.1585885504719,250.473809524008,-41.272677535649535,9.161372586251915,2.876828256553884,-5.58422864978321,-2.5477825423481995,-44.414828355606865
-745.8668168131733,250.24401447565805,-41.128639944630756,9.129598808881829,2.8676784368405417,-5.521851250544377,-2.503146328374773,-45.74835984321837
-745.5750450758745,250.02357631622928,-40.98026270623556,9.097436923897831,2.8579729965422818,-5.457488940995873,-2.4602291363501316,-47.09285239944576
-745.2832733385758,249.81267278306356,-40.82761617977026,9.064891675049186,2.847701434484711,-5.39115437320742,-2.4190008468848196,-48.44807813272291
-744.9915016012772,249.61147276816362,-40.670778556844915,9.031969547259322,2.836855493709869,-5.322876892891339,-2.3794138638986038,-49.81373119166532
-744.6997298639784,249.42014570011926,-40.50981588921528,8.998676320783153,2.825425592218046,-5.252679752862084,-2.341415740961145,-51.189332658280584
-744.4079581266797,249.2388490934185,-40.34479423598477,8.965018525627505,2.8134036673912957,-5.180577145839872,-2.304958555464825,-52.574301542612496
-744.116186389381,249.06773924606227,-40.17577377690896,8.931002810837622,2.80078155551279,-5.106563989066895,-2.2700043625238906,-53.96797904348588
-743.8244146520824,248.90697088971567,-40.0028112878449,8.896636129850808,2.787551365766876,-5.030619930162307,-2.2365239378599537,-55.36964482272367
-743.5326429147835,248.7566934520666,-39.82596427448847,8.861925738682226,2.773706184988838,-4.952723003881379,-2.2044859254718605,-56.77850671286877
-743.2408711774849,248.61706986778324,-39.6452753765058,8.826879329732979,2.7592372991794005,-4.872845963955803,-2.1738546182357106,-58.19374085535565
-742.9490994401863,248.4882517739794,-39.46079165729708,8.791504709605332,2.7441378322436725,-4.790957660955907,-2.144596271341822,-59.61434755146073
-742.6573277028875,248.37038817704004,-39.27256355768651,8.755810747349548,2.72840227828522,-4.707021194114523,-2.116678116134239,-61.03913526616414
-742.3655559655888,248.26363716579735,-39.08062789468441,8.719806208950088,2.712023773590378,-4.620990156680823,-2.090069990941832,-62.4668425167722
-742.0737842282902,248.16815627372796,-38.88502202070007,8.68350058987473,2.694996389890167,-4.532811597206387,-2.064743173059433,-63.896070160019875
-741.7820124909914,248.08410559982607,-38.6857805073231,8.646903964445432,2.677314581689086,-4.442427611280476,-2.040670753237915,-65.3252632770986
-741.4902407536927,248.01164830457236,-38.48293524440829,8.610027031505984,2.6589732020770507,-4.349773594500677,-2.0178253562593285,-66.75274707477577
-741.198469016394,247.9509510754323,-38.276515509881946,8.572881156801751,2.639967517281095,-4.25478052573797,-1.9961810545034862,-68.17671884309321
-740.9066972790953,247.90218449081948,-38.06654807803577,8.535478427563044,2.620293237227833,-4.157373941920651,-1.975712762796342,-69.59518064064274
-740.6149255417965,247.86552346553188,-37.853057379331325,8.497831706539982,2.599946540098625,-4.057473477035353,-1.9563956728598972,-71.00602131328199
-740.3231538044979,247.8411476831105,-37.63606554848443,8.45995467986539,2.5789240891398717,-3.954993297529899,-1.9382064185299341,-72.40692193104779
-740.0313820671993,247.82924190037375,-37.41559267369756,8.421861924189745,2.5572230803008966,-3.8498433288058163,-1.921122933609858,-73.79540980558468
-739.7396103299004,247.8300048484941,-37.191654948074856,8.383568847480948,2.5348402478200027,-3.7419252191951786,-1.9051251753199236,-75.1688246410692
-739.4478385926018,247.84361227874155,-36.96427449261568,8.345092242927993,2.511776433167781,-3.631143220045512,-1.8901885031950403,-76.52421659929529
-739.1560668553032,247.8702810130551,-36.73346017166383,8.306449557663274,2.488028746460862,-3.5173877557547093,-1.876295940297838,-77.85855913565743
-738.8642951180044,247.91021609222585,-36.49922698944039,8.267659583816371,2.4635973448724036,-3.400549280940668,-1.863426972584894,-79.16852227130818
-738.5725233807057,247.96362837224183,-36.261587557144175,8.228742383249578,2.4384831767261015,-3.2805141158916222,-1.8515629632190143,-80.4505242523241
-738.280751643407,248.03075068131537,-36.0205483732385,8.189718888987054,2.4126860759071733,-3.1571589195078587,-1.840688567704515,-81.70078192267073
-737.9889799061083,248.11180002255506,-35.776124828510326,8.150612315330159,2.386209847218867,-3.030362611808595,-1.830788340036775,-82.91518251506473
-737.6972081688097,248.20701085351922,-35.52832465213652,8.111446487138045,2.3590576914237036,-2.8999970085753146,-1.8218476072618803,-84.08935380155272
-737.4054364315109,248.31663466403728,-35.27715486984414,8.072247354287326,2.3312329201337296,-2.7659262315364455,-1.813856963461412,-85.21860536198295
-737.1136646942122,248.44091662661327,-35.02262537202701,8.033042213608525,2.302741601619852,-2.628015219986458,-1.8068064749335147,-86.29793234071106
-736.8218929569134,248.58011364061812,-34.764745540667114,7.993860243938857,2.2735906425531938,-2.486123231621709,-1.8006900439560818,-87.3219347815982
-736.5301212196148,248.73448983788586,-34.50352566965789,7.95473251265826,2.2437884460077937,-2.3401064611247366,-1.7955045855174379,-88.28486800128519
-736.2383494823162,248.90431649679192,-34.238977391994254,7.915692084570002,2.213345077628007,-2.189818987340988,-1.791249927272275,-89.1805939907388
-735.9465777450173,249.08986562833402,-33.971114019111894,7.876774601503903,2.1822731557048254,-2.0351139896813017,-1.7879303921510963,-90.00247475739332
-735.6548060077187,249.29143452015273,-33.69995225165788,7.838016619564944,2.1505853181357604,-1.875840223738883,-1.785556141751758,-90.74360118431844
-735.36303427042,249.50929584367645,-33.42551392524818,7.799458732910925,2.1183000666426115,-1.711852465945115,-1.7841387943906504,-91.39638030999812
-735.0712625331213,249.74377182899124,-33.1478169836145,7.761142664994081,2.0854334556997842,-1.5429952382633245,-1.7837040452231585,-91.95282931505913
-734.7794907958225,249.99515789288316,-32.866892309098034,7.7231137088557,2.052008324473078,-1.3691242146795195,-1.7842790298756788,-92.40438143489321
-734.4877190585239,250.26375761386836,-32.582775178648184,7.6854197951464025,2.0180504223294116,-1.1900969886010435,-1.7859003547986456,-92.74183482304338
-734.1959473212252,250.54987600812655,-32.295506931747084,7.648112074359352,1.983589499480793,-1.005777919802938,-1.7886147586460732,-92.95542915135717
-733.9041755839265,250.85383360139545,-32.00513740510155,7.611244605065864,1.9486582183352918,-0.8160361894099791,-1.792482009401937,-93.03471363969899
-733.6124038466278,251.17594631156183,-31.711727399828213,7.574874831499441,1.913294829112019,-0.6207529220200783,-1.797574073873966,-92.96853192710226
-733.3206321093292,251.51652877056543,-31.415348213209654,7.539063673186198,1.8775432742588567,-0.4198230565986941,-1.8039791420701878,-92.74497537016103
-733.0288603720304,251.87590136744888,-31.116085194250616,7.503876054767704,1.8414529615140238,-0.21315849595203332,-1.8118022916863825,-92.35133392142102
-732.7370886347317,252.25436485283885,-30.81403951566877,7.469381031586687,1.805082146777363,-0.0006960527059117313,-1.8211685487298235,-91.7740698344833
-732.445316897433,252.65223518083863,-30.509330220524777,7.435651849982846,1.76849488047064,0.21760449721303113,-1.8322255677140855,-90.99878808352027
-732.1535451601343,253.0697932315388,-30.202096441093683,7.402765609888332,1.731767406000388,0.44174575226437723,-1.845149803007198,-90.01007284023416
-731.8617734228355,253.5073276973851,-29.892501581706533,7.370804793269728,1.6949840685445985,0.6716926395153882,-1.8601429444330895,-88.79168091602078
-731.5700016855369,253.9651085233402,-29.580734625857936,7.339856518865938,1.658241394817156,0.9073605246475257,-1.877440281834777,-87.32634175255241
-731.2782299482383,254.44336559524075,-29.2670184420598,7.31001343409902,1.6216510630349645,1.148600478008968,-1.8973116507780419,-85.59587911269713
-730.9864582109394,254.94232698093293,-28.951604240042958,7.281372681584299,1.5853375389979445,1.395195172645099,-1.9200660520571022,-83.58114451835063
-730.6946864736408,255.46215267042837,-28.63478333466527,7.25403751083853,1.549445363282893,1.64683163847647,-1.946050677663142,-81.26222807494092
-730.4029147363422,256.0029993676565,-28.316891405956717,7.228117035587784,1.5141338447645012,1.9031016728529357,-1.9756616272478917,-78.61854500633684
-730.1111429990434,256.5649414184146,-27.998308392454337,7.203725681078348,1.4795861737067277,2.1634610693828593,-2.009335613390465,-75.62912432106484
-729.8193712617447,257.14799625936774,-27.679465779753592,7.180983653012846,1.4460073688944286,2.427212866526493,-2.047556482290363,-72.2729638733426
-729.527599524446,257.75210196925644,-27.360850504319313,7.160016622206583,1.4136268416875104,2.6934695524941596,-2.090854113167718,-68.52951756679319
-729.2358277871473,258.37709736718443,-27.043012151048924,7.140955442739234,1.3826997603931561,2.961106553936921,-2.1398038151207674,-64.379380265151
-728.9440560498485,259.0227094938547,-26.726556191211355,7.123935140730399,1.3535074940137888,3.2287031514974966,-2.1950305636692273,-59.805082130613414
-728.6522843125499,259.68851200087477,-26.412165058214953,7.109094557618427,1.3263575750117718,3.494462108827669,-2.257202297190206,-54.79247048711855
-728.3605125752513,260.3738999726151,-26.100590754278787,7.0965744990382005,1.301581540217685,3.7561226475166642,-2.32702831137805,-49.332496379462896
-728.0687408379524,261.0780505910142,-25.792665255337457,7.086515716973954,1.2795304121426698,4.010875479055941,-2.4052409574782962,-43.423874451228535
-727.7769691006538,261.79986249203745,-25.48928156064925,7.079055808096048,1.2605694089129806,4.255312989826707,-2.492552646410368,-37.07683294845866
-727.4851973633552,262.5379220198716,-25.191419429876447,7.0743248800532905,1.2450653095391149,4.4854631024750535,-2.589583633597415,-30.31723341426563
-727.1934256260563,263.2904593124172,-24.90010800170287,7.0724395623871645,1.2333739635859742,4.696927345367091,-2.696747158230909,-23.190832600408054
-726.9016538887577,264.05532690540525,-24.616413179553593,7.073497684821233,1.2258211942701935,4.8851464301279135,-2.81410593110401,-15.766169985461232
-726.609882151459,264.83002236935766,-24.34139883368437,7.077569502449144,1.2226845240507818,5.045744189344409,-2.941240137655963,-8.133976792135517
-726.3181104141603,265.6116970175329,-24.0760778266911,7.084692037677033,1.2241743004551067,5.1748943802722716,-3.0771589759574645,-0.40396963625934085
-726.0263386768615,266.39725402497083,-23.821368795361973,7.094864985026687,1.2304152607326349,5.269592906479916,-3.220275089772283,7.302673886926209
-725.7345669395629,267.18342228292914,-23.578033008872083,7.108047419532493,1.2414372922458987,5.327870195875312,-3.3685237478758103,14.861978042013419
-725.4427952022642,267.96684573354844,-23.346651241964054,7.124159318276939,1.257168409393563,5.348810431622632,-3.519453694917912,22.155830408991243
-725.1510234649654,268.74419244911843,-23.12759705772754,7.1430858310395235,1.277436308351307,5.332612483135484,-3.670485433185445,29.0799661505368
-724.8592517276668,269.51223060158804,-22.921013134199313,7.164679995669847,1.301980373272636,5.2804259109685105,-3.8190206120407533,35.54899409442234
-724.5674799903682,270.2679122370269,-22.726832816681313,7.188771162941253,1.3304635819920272,5.194291503906006,-3.9626324487593343,41.49974692061153
-724.2757082530693,271.00845214347737,-22.544787779545008,7.215172634304629,1.3624921054809667,5.077005513812486,-4.099213248744554,46.89254756108688
-723.9839365157707,271.7313985948971,-22.374452624278785,7.2436881562889806,1.39763590384274,4.932870993913012,-4.2275734477768,51.71017255919624
-723.692164778472,272.4347513649266,-22.215323344551827,7.274118292748379,1.4354505929729182,4.767148880828692,-4.347241375637632,55.95556992170401
-723.4003930411733,273.1170032878759,-22.06685448057496,7.306267630621651,1.4754986196515165,4.585005956038712,-4.458031554770304,59.64819680915969
-723.1086213038745,273.77709458873477,-21.92847187222499,7.3399475692439085,1.5173661302879866,4.391170145582614,-4.5599841577449665,62.81949173606049
-722.8168495665759,274.4143658779357,-21.799602137583094,7.3749820387570155,1.5606713627068034,4.189739475719088,-4.653331461397397,65.50790697671505
-722.5250778292772,275.02849289522635,-21.679677313507273,7.411207063219655,1.6050717840477782,3.9841070538271053,-4.738461519750727,67.75519021398722
-722.2333060919784,275.61941841088026,-21.568150395144936,7.448471985253302,1.6502645340673854,3.776968510547677,-4.815862976378691,69.6025055582798
-721.9415343546798,276.187294638394,-21.464501352781337,7.4866391897349205,1.6959855323543789,3.570376711165897,-4.886092621093237,71.08916233766352
-721.649762617381,276.73243092711726,-21.36824926897758,7.525583740583047,1.7420059311164668,3.365871634908444,-4.949746411814998,72.2511164066523
-721.3579908800823,277.25524471808455,-21.27894705478789,7.5651910770298825,1.7881289364072712,3.164538668892075,-5.007413916071072,73.12065805510272
-721.0662191427837,277.7562326016596,-21.196176747543962,7.605358050399911,1.8341862969112708,2.967143412191347,-5.0596717423642605,73.72664294233672
-720.774447405485,278.2359400321886,-21.119566986116673,7.645989505964315,1.8800332145419083,2.774196052082654,-5.107068279661536,74.094535708281
-720.4826756681862,278.6949452201101,-21.048774062912784,7.686998892817949,1.9255463443262468,2.5860099263233036,-5.150104323384002,74.24707387350036
-720.1909039308875,279.13384095749274,-20.983484809846676,7.728306841448671,1.9706201063898776,2.4027589107856047,-5.189237577808907,74.20449150962733
-719.8991321935889,279.5532268259548,-20.923416736315215,7.769840572665755,2.0151640926487326,2.224515869731999,-5.224881632894699,73.98491961842203
-719.6073604562902,279.95369650906946,-20.868315520819998,7.811533725112203,2.0591003065159335,2.0512763088140007,-5.257404840280016,73.60460419321852
-719.3155887189914,280.33584092934433,-20.81794023851463,7.853324602266786,2.1023631702713534,1.8829879385939614,-5.287135593026457,73.0783760778292
-719.0238169816928,280.7002379750868,-20.77207812969005,7.8951567125713344,2.144895823061668,1.719554532803163,-5.314365555266196,72.41960376361433
-718.732045244394,281.04744566126914,-20.730529396158147,7.936978687848344,2.186649406531146,1.5608525173349603,-5.3393509678489846,71.6405098880003
-718.4402735070954,281.3780112542589,-20.693112130994496,7.97874254446488,2.227582480299843,1.4067404964807084,-5.362319919933179,70.75216591964715
-718.1485017697967,281.69246092078987,-20.65965922681149,8.020404427929604,2.2676592096933783,1.2570621851562778,-5.383473605626392,69.76470445860505
-717.8567300324979,281.99130588310516,-20.630010191059124,8.061923625207996,2.3068497427786134,1.1116563270761535,-5.402991580510479,68.68735763714724
-717.5649582951993,282.2750345197135,-20.604020958196593,8.103262919703338,2.3451278726153943,0.9703524407586838,-5.421032608294717,67.52853448797951
-717.2731865579005,282.54411689286735,-20.58155734260613,8.144388136532369,2.382471351253347,0.8329787469491602,-5.437738622834957,66.29593497700021
-716.9814148206019,282.7990042341993,-20.562487778069436,8.185267043833266,2.418861638994991,0.6993652800685276,-5.453237145349367,64.99648809153975
-716.6896430833032,283.0401283334857,-20.546694687923548,8.225870564381497,2.454282632662856,0.5693419678570792,-5.4676421211815285,63.636603716518906
-716.3978713460044,283.2679034266548,-20.53406672658275,8.26617174924793,2.4887208779654726,0.44274205531291067,-5.481056721122765,62.22212700174962
-716.1060996087058,283.4827224280219,-20.524495680964506,8.306145346461037,2.5221648790366813,0.3194013358396157,-5.4935711212524,60.75830452151916
-715.814327871407,283.6849634367669,-20.51788248437675,8.345768335531638,2.554605125040335,0.19916044338316016,-5.505269471559756,59.24998384307804
-715.5225561341083,283.8749840892225,-20.514129459870514,8.38501909899186,2.586033544212703,0.08186464809776613,-5.516227282110279,57.7015691047775
-715.2307843968097,284.05313358568304,-20.51315347652329,8.42387857220285,2.6164438982178098,-0.032636415859639,-5.526514400642736,56.117129553658515
-714.9390126595109,284.2197324459108,-20.51486663081489,8.46232786263764,2.6458300719777963,-0.1444889317356446,-5.536191275611901,54.50029016256823
-714.6472409222123,284.37509483051446,-20.519189073383345,8.500349847272865,2.6741878124556444,-0.25383147093235203,-5.5453176358620295,52.85440835943331
-714.3554691849135,284.5195177098525,-20.5260394647565,8.537928558179825,2.701513844975386,-0.360798062896959,-5.553945502130381,51.18259800094164
-714.0636974476149,284.6532825440561,-20.53534777142205,8.575049612885723,2.727805087944665,-0.4655189567091801,-5.562122313064549,49.4876862718281
-713.7719257103162,284.7766576254323,-20.54704444554564,8.61169941724062,2.7530593114182262,-0.5681189785227121,-5.569891734963262,47.772273573461256
-713.4801539730174,284.88989798121594,-20.561063191452188,8.647865346988487,2.777274826568474,-0.6687180722512965,-5.577294140340453,46.03875416381022
-713.1883822357188,284.99324590757516,-20.577340766817244,8.683535673277008,2.800450404755871,-0.7674310650951814,-5.584366715261009,44.28929611767685
-712.89661049842,285.08693148231555,-20.595816782242746,8.718699495226097,2.822585208362944,-0.8643689960816281,-5.591143166852871,42.52593132827524
-712.6048387611213,285.17116997564676,-20.616432741386124,8.753346470519503,2.84367835257978,-0.9596389925735447,-5.597655166970506,40.75050876969692
-712.3130670238227,285.24617456962176,-20.639135118792517,8.78746758432146,2.8637303412011414,-1.0533422275551767,-5.603931387366413,38.964774006086046
-712.021295286524,285.31213510206766,-20.663870243169534,8.821053891277666,2.8827404275939075,-1.1455783980192016,-5.6099986180295,37.17026936439278
-711.7295235492252,285.3692442153924,-20.690587849520636,8.854097186468275,2.9007095350783025,-1.2364408559935274,-5.615881377558461,35.36850988409962
-711.4377518119265,285.41767448065536,-20.719239494278067,8.88658990683813,2.9176376291372925,-1.326021204365622,-5.621602615051392,33.56082010103949
-711.1459800746279,285.4575922451968,-20.749778883666572,8.91852498933403,2.9335251649214014,-1.4144077437902651,-5.627183574301968,31.748464204988665
-710.8542083373292,285.48915668896257,-20.7821595016131,8.949896130682436,2.948373192088326,-1.5016838838939377,-5.632643456402822,29.932602608175937
-710.5624366000304,285.512512011813,-20.816343114498597,8.980696669368141,2.962181336631468,-1.5879337892023013,-5.638000243203518,28.114324742689288
-710.2706648627318,285.5277999123705,-20.8522867294378,9.01092117336,2.974950760335076,-1.6732352814134879,-5.643270289746574,26.29461379297965
-709.978893125433,285.53515185993325,-20.889951150533815,9.040564332777079,2.9866821654464237,-1.757664860589956,-5.648469118791259,24.474411151084027
-709.6871213881343,285.5346913706161,-20.929298758747723,9.069621204570105,2.997376270233355,-1.841296357601529,-5.653610882813265,22.654576678855783
-709.3953496508357,285.5265343034189,-20.9702933995596,9.098087180794277,3.0070337978948336,-1.9242015402514991,-5.658708153515562,20.835928404268056
-709.103577913537,285.5107891021633,-21.01290027699105,9.1259579716387,3.0156554688346375,-2.0064502290932595,-5.66377290068287,19.019196233270065
-708.8118061762382,285.4875570096856,-21.05708596365666,9.153229575180038,3.0232419789002014,-2.0881097105173403,-5.668816192163809,17.205082978386148
-708.5200344389395,285.45692935186497,-21.102820115668248,9.179898064572464,3.0297934422341926,-2.169247276596261,-5.673848616395618,15.394212139267724
-708.2282627016409,285.4189995652076,-21.15006814268115,9.205960340814068,3.0353115976718943,-2.24992483461547,-5.678878851469273,13.587211580327077
-707.936490964342,285.37384575732756,-21.19880201272853,9.231412965261248,3.0397965015396005,-2.330205801441675,-5.683915395096348,11.784617870869846
-707.6447192270434,285.32154260913507,-21.24899298610857,9.256252898695802,3.0432487127796755,-2.4101508874053694,-5.688966123402502,9.98694965022419
-707.3529474897448,285.2621585925911,-21.300613330061434,9.280477299413127,3.045668743993855,-2.489820172769494,-5.694037689983223,8.19468243474095
-707.061175752446,285.1957584410115,-21.353632211784547,9.304083451282315,3.047057553959334,-2.5692717845663795,-5.699136237358139,6.4082464187614185
-706.7694040151473,285.12239694101686,-21.408033055105278,9.32706939060124,3.04741504098157,-2.6485635104039407,-5.704268373518118,4.62811049197007
-706.4776322778487,285.04212158450576,-21.46378458068126,9.349431885206801,3.0467411341882946,-2.727752309239548,-5.709438916895791,2.8545765338362963
-706.1858605405499,284.95498034685966,-21.520863812174337,9.371169141326316,3.0450366132891538,-2.806892797946665,-5.714652180540093,1.088029429246843
-705.8940888032512,284.8610104874742,-21.57924644009936,9.392278427737054,3.0423011830391404,-2.8860410348511802,-5.719912679321973,-0.6712630433208224
-705.6023170659525,284.7602509973295,-21.63891181674022,9.412759055061485,3.038536186371043,-2.965249368795549,-5.725223667475995,-2.422950449300569
-705.3105453286539,284.6527284844846,-21.699837102340528,9.432608510002765,3.0337412606561944,-3.044571479856328,-5.730588103362569,-4.166791852006227
-705.0187735913551,284.53846666911306,-21.762001099444067,9.451825002362373,3.0279165591679753,-3.124060619145817,-5.736008958263886,-5.90255436731495
-704.7270018540564,284.41748413001494,-21.82538322958481,9.470406818692597,3.021062211057106,-3.2037689893561327,-5.741488482675834,-7.630043707237375
-704.4352301167578,284.2897943112189,-21.889963555013406,9.488352301967831,3.0131783138056165,-3.28374930356369,-5.747028733715126,-9.349069203459603
-704.143458379459,284.15540562733213,-21.9557227047294,9.505659849438883,3.004264955412985,-3.3640531141747125,-5.752631440274216,-11.05947426172867
-703.8516866421603,284.0143175516266,-22.022643273831488,9.522328068659112,2.9943217979242465,-3.444732650306963,-5.75829797665517,-12.761146311843348
-703.5599149048617,283.8665378831711,-22.090703709218722,9.53835452364413,2.9833496332240816,-3.5258384334744335,-5.764029484149468,-14.453955351430533
-703.2681431675629,283.71205341761527,-22.15988855311835,9.55373896329289,2.97134843510337,-3.607422514337604,-5.769825875132609,-16.137858821821755
-702.9763714302642,283.55085426242954,-22.23018000637481,9.56847931296935,2.958318214307348,-3.6895363484872443,-5.775688013786491,-17.812799641350612
-702.6845996929655,283.38292422731035,-22.30156118757059,9.58257404035083,2.9442591750698606,-3.7722319358849066,-5.781616039176595,-19.47875385715015
-702.3928279556668,283.20823962482064,-22.374017942443515,9.596021331107197,2.92917101146884,-3.8555618909852853,-5.787610221193594,-21.135765014020155
-702.1010562183681,283.0267762533395,-22.4475322530289,9.608820234404083,2.9130547988932536,-3.9395778139698976,-5.793671437393711,-22.7838416306057
-701.8092844810694,282.83850317920326,-22.522089292583082,9.620967959347286,2.89591025093667,-4.0243337020041245,-5.799798540690985,-24.42309710489478
-701.5175127437708,282.64338605561073,-22.59766996608855,9.632463990760355,2.8777391180515477,-4.109880637601795,-5.805991177980759,-26.053638659759685
-701.2257410064719,282.4413813014257,-22.674264160670866,9.643305881714266,2.858541199983312,-4.196273900980043,-5.812250235330148,-27.675626682699438
-700.9339692691733,282.23245223674024,-22.75185375951795,9.65349240281352,2.838319097121016,-4.283565036099316,-5.818575476835038,-29.289219170544037
-700.6421975318747,282.01653866519445,-22.83043046304076,9.66302119237144,2.8170724876844777,-4.3718112447122195,-5.824967139056248,-30.89468383423584
-700.3504257945759,281.79359165572833,-22.909974001898334,9.671890031367383,2.7948039678918826,-4.461066465312209,-5.831425805643025,-32.492310693841226
-700.0586540572772,281.56355063031594,-22.990473109128107,9.68009668465784,2.771515366505444,-4.55138698152822,-5.837952303576024,-34.082434285776216
-699.7668823199785,281.3263432954853,-23.071918797502743,9.687638737912783,2.747208126960086,-4.642830787217703,-5.844548486682281,-35.66548142775882
-699.4751105826798,281.0818992353346,-23.154299027123535,9.694513260541845,2.7218848957459554,-4.735455714179917,-5.851216311846247,-37.24192837511097
-699.1833388453811,280.83014791729033,-23.237599382488384,9.700717933563574,2.695550104745049,-4.829319785309065,-5.857957915395865,-38.81227585666448
-698.8915671080824,280.5710025238788,-23.32181266317563,9.706249192534736,2.6682066383756484,-4.924483912667898,-5.864776941138796,-40.37715829931399
-698.5997953707837,280.3043814307927,-23.40692518681264,9.711104042022757,2.639860155217294,-5.0210064315494085,-5.871678745904483,-41.93726828704196
-698.308023633485,280.0301899273562,-23.49292982150222,9.715278601067784,2.610515646558204,-5.118949203744745,-5.87866904066267,-43.493425942303375
-698.0162518961863,279.7483304077334,-23.579818478612818,9.718768838981536,2.58017955619691,-5.218373732130658,-5.88575567626973,-45.04650593474991
-697.7244801588877,279.4586964833167,-23.66758449298426,9.721570052900095,2.5488588773268366,-5.319343202837438,-5.892948166739144,-46.59756114469792
-697.4327084215889,279.1611860187822,-23.756221465590897,9.723677975392981,2.5165634805147734,-5.421918554286888,-5.900258331398403,-48.14769523564486
-697.1409366842902,278.85567820468964,-23.845726377479025,9.725087004689334,2.4833026820901942,-5.5261644512909385,-5.907700188169064,-49.69826039224779
-696.8491649469916,278.5420626925499,-23.936093636935958,9.72579168196701,2.449089702048134,-5.632142261623599,-5.915290590714289,-51.25063121914615
-696.5573932096929,278.2202077416996,-24.02732409406719,9.725785180290666,2.4139373190352504,-5.7399158948411895,-5.923050022792782,-52.806493812666346
-696.2656214723941,277.8899806085153,-24.119420746738243,9.72506014232413,2.377861009436267,-5.849545457954608,-5.9310033817140475,-54.36769328304108
-695.9738497350954,277.55124770470735,-24.212386208616685,9.723609106249716,2.340879774080752,-5.961087763808849,-5.939180095493502,-55.936283385593185
-695.6820779977968,277.2038682779494,-24.306227342714855,9.7214234880139,2.3030149843787724,-6.0745956872884745,-5.947615178985415,-57.514568162851056
-695.390306260498,276.847692107478,-24.4009537280365,9.718493683720823,2.264290835700454,-6.190119063397,-5.956349154168452,-59.10519041734564
-695.0985345231993,276.48257979454945,-24.49658076296561,9.714809472712568,2.224736842391061,-6.307698587036707,-5.96542909373293,-60.71109325530275
-694.8067627859007,276.1083737598053,-24.593126253537893,9.710359151513904,2.184385415055603,-6.427368664857878,-5.974910286595896,-62.335589624198406
-694.5149910486019,275.7249227961055,-24.690614302530722,9.705130290357486,2.143275117109545,-6.549146975910472,-5.984857575633142,-63.98236394829736
-694.2232193113032,275.3320636269326,-24.789073341499275,9.699107962756578,2.1014486215943604,-6.673035418168923,-5.995348276608683,-65.65561458507338
-693.9314475740046,274.92963873154014,-24.88853938271588,9.692276467519076,2.0589563153563404,-6.799012794719023,-6.006473998188318,-67.36005822797718
-693.6396758367058,274.51751120627733,-24.98905801914551,9.684619296201296,2.0158583259050804,-6.9270275924866604,-6.018341235330258,-69.10095123285018
-693.3479040994071,274.09552530329813,-25.09068594121312,9.676116279642846,1.9722201626893583,-7.056997158805373,-6.03107476197938,-70.88426927853828
-693.0561323621084,273.6635471318891,-25.19348307479501,9.666746675437457,1.928120067092944,-7.188788266335598,-6.044828998874257,-72.71663618986108
-692.7643606248098,273.22145244949473,-25.297533029125326,9.656486168611831,1.8836459521086142,-7.322217148977325,-6.059779675943832,-74.60547849237258
-692.4725888875109,272.7691364900732,-25.402924977669226,9.645308520698011,1.8388998482149514,-7.457027675969796,-6.076145463686367,-76.55895181573496
-692.1808171502123,272.3065245174477,-25.509774600471086,9.63318482448003,1.793998535588188,-7.59288592624826,-6.094179890465727,-78.58602586408668
-691.8890454129137,271.8335734185476,-25.618216233537883,9.620082702471604,1.749074911470523,-7.729352104523478,-6.114189536822959,-80.69634558752679
-691.5972736756149,271.35028574347086,-25.72841335716814,9.605966792592895,1.7042803583414181,-7.865868697247202,-6.136533524124615,-82.90008685104155
-691.3055019383162,270.8567146844797,-25.84055250019563,9.590797840472687,1.6597859717906918,-8.001741038836153,-6.161630472966178,-85.20749198397081
-691.0137302010176,270.3529892787553,-25.95486309091104,9.574534323780966,1.615785647786392,-8.136086602596844,-6.189969234342623,-87.62865414009312
-690.7219584637188,269.8393223224999,-26.071614646545,9.557130606675205,1.5724955925963977,-8.267841935576007,-6.222086588610456,-90.17254538207237
-690.4301867264201,269.3160335406406,-26.191117628042864,9.538538550337227,1.5301567092818436,-8.39569836540652,-6.258583030585912,-92.84644060643028
-690.1384149891214,268.783561897549,-26.31373167802363,9.518708178824854,1.4890341973639458,-8.518100690384768,-6.300088371472375,-95.65467307183181
-689.8466432518227,268.242510656159,-26.439866359278497,9.497588753064994,1.4494173020380738,-8.633242484969612,-6.347229565915463,-98.5979854492735
-689.5548715145239,267.6936428047499,-26.56997723301866,9.475129476806675,1.4116150486949246,-8.739165661234937,-6.400549854126619,-101.67230426249915
-689.2630997772253,267.1378806455731,-26.704539943718544,9.451281060581627,1.3759520004605057,-8.834464848945323,-6.460055630377834,-104.86695981518625
-688.9713280399267,266.5762492232572,-26.844011985018735,9.42600046570219,1.3427651472859155,-8.918075520131993,-6.525328411240411,-108.16111955146782
-688.6795563026278,266.00986850470485,-26.98880137835864,9.399250455949863,1.312395173195016,-8.988850899685401,-6.595802166439243,-111.52386273262306
-688.3877845653292,265.439961993298,-27.13926795928063,9.371006389901993,1.285181224810668,-9.04567096129499,-6.6707694075782635,-114.91551893912981
-688.0960128280306,264.8678573024744,-27.29570115969482,9.341256119580725,1.2614471431676508,-9.087560754068518,-6.749393741224078,-118.28961305946535
-687.8042410907318,264.2949458995023,-27.458320640674277,9.310002374804787,1.2414883657148164,-9.113782301828023,-6.830729149941904,-121.59476745860712
-687.5124693534331,263.72268150038855,-27.627259509965373,9.277264946351096,1.2255583478467078,-9.123912334433538,-6.913736394167938,-124.77679850731577
-687.2206976161344,263.1525424320663,-27.802563593997025,9.243080445914789,1.2138537184831752,-9.117842826939734,-6.997335662063991,-127.78078092248724
-686.9289258788357,262.5860039873858,-27.984194751065047,9.207503999832587,1.2065038528593872,-9.095804027698652,-7.080437796936908,-130.5534993812925
-686.6371541415369,262.0244978940602,-28.172024818857356,9.170605046108486,1.2035601611705775,-9.058367292675273,-7.162006658158886,-133.0461880016136
-686.3453824042383,261.4694000607078,-28.365843412165137,9.132469105870486,1.204994602146639,-9.006467984602372,-7.241105047294918,-135.2184174361895
-686.0536106669397,260.9219856313473,-28.56537706602973,9.093192925743812,1.2106999525030706,-8.941389772046639,-7.316960685308361,-137.0416886459249
-685.7618389296408,260.38339578353106,-28.770293134229984,9.052880851432292,1.2204974741327959,-8.864728091187958,-7.389007179481663,-138.50167518121145
-685.4700671923422,259.8546211823735,-28.98022958388881,9.011640486704072,1.2341477706442083,-8.778299817768932,-7.456905552519038,-139.59905901850442
-685.1782954550436,259.3364818223186,-29.194804953238386,8.969578096855374,1.2513656523232666,-8.684001613053656,-7.520537846559899,-140.34749810084332
-684.8865237177447,258.82962655033646,-29.413641810033347,8.92679532066612,1.2718359928825635,-8.583682771593999,-7.579975582922269,-140.77048796079995
-684.5947519804461,258.33454665977416,-29.63637398904918,8.8833870726621,1.295228673214354,-8.479012455339543,-7.635426292458889,-140.89679958341893
-684.3029802431474,257.851590232606,-29.8626574721768,8.839440901446784,1.321212346530275,-8.37142350715374,-7.687191607672726,-140.75711173256929
-684.0112085058487,257.3809866650951,-30.092177622681458,8.795034773538038,1.3494634128258678,-8.26207045698745,-7.7356142409970445,-140.38097290233554
-683.7194367685499,256.92287440216734,-30.32465114662304,8.750239488266278,1.3796743104940175,-8.151834855921605,-7.781058564643549,-139.7956840010708
-683.4276650312513,256.47732374937516,-30.5598247908173,8.705118346154272,1.4115574933701742,-8.041372249228585,-7.8238729629358525,-139.0251783845075
-683.1358932939526,256.0443549344038,-30.79747460280388,8.659728344407464,1.4448483208373863,-7.931152085811507,-7.864389221505979,-138.090563581115
-682.8441215566539,255.62394717783909,-31.037402323300608,8.614121375439682,1.479306842540918,-7.821499818820426,-7.9029068692243545,-137.01020498873254
-682.5523498193552,255.2160604771933,-31.279435803569463,8.568343984611307,1.514716089069879,-7.712628763049704,-7.939701202726646,-135.80043808848083
-682.2605780820566,254.8206412821705,-31.523423841596184,8.522438572096434,1.5508817154439496,-7.604667295314406,-7.975013393195317,-134.47570533261927
-681.9688063447578,254.43762830247755,-31.769234746442486,8.476443947456133,1.5876307071115099,-7.497681379155634,-8.009057018943532,-133.0489879815282
-681.6770346074591,254.06695394387805,-32.016753402394876,8.430394513926613,1.6248097417628122,-7.391689023834727,-8.042017621048586,-131.5320814216766
-681.3852628701604,253.70855646129908,-32.265880109966496,8.38432207524471,1.6622829966138764,-7.286671301001988,-8.07405629914126,-129.93555713078229
-681.0934911328617,253.3623743070285,-32.516525880084,8.338256201493126,1.6999312373846154,-7.182584021414861,-8.10531156605221,-128.26899440543033
-680.8017193955629,253.02835737646922,-32.768614606455195,8.29222277183941,1.7376487867785304,-7.079358903683959,-8.135901196722335,-126.5409797719471
-680.5099476582643,252.70645733804952,-33.02207719859631,8.246246013094975,1.7753435808772717,-6.976915198562767,-8.165922778165687,-124.75922811529132
-680.2181759209656,252.39663870885838,-33.276853027273745,8.200347956207253,1.812934479984899,-6.875162387217626,-8.195459836194269,-122.93067014566185
-679.9264041836668,252.0988789510295,-33.53288790848947,8.154548396474558,1.8503500235323687,-6.773998246659178,-8.224580321738655,-121.0613301973182
-679.6346324463682,251.8131622660002,-33.79013181342433,8.108866522770871,1.8875281865069622,-6.6733213534600715,-8.253338868385063,-119.15668082985499
-679.3428607090694,251.5394837774705,-34.048537045484515,8.06331841129405,1.9244145105092558,-6.573025287857092,-8.281782312993444,-117.22130698728158
-679.0510889717708,251.27785378205206,-34.30806144946882,8.01792026737917,1.960961296129687,-6.473004002318889,-8.309946940360502,-115.25934902738845
-678.7593172344721,251.02829232893203,-34.56866402136792,7.97268682833259,1.9971270328751904,-6.373151626493993,-8.337861025762614,-113.27435626694272
-678.4675454971734,250.79083101859283,-34.83030520851018,7.92763192009389,2.032875574114619,-6.273364119758673,-8.365545434281213,-111.26936809137155
-678.1757737598747,250.56551285687752,-35.092946235295194,7.882768606862464,2.0681755138896096,-6.173538721765163,-8.393013729595873,-109.24694565060142
-677.8840020225759,250.35239220063391,-35.35654842583321,7.838109320986621,2.102999620708265,-6.073574796353338,-8.420272540667854,-107.20927173546907
-677.5922302852773,250.15153556251494,-35.62107199786023,7.793665558149623,2.137324226022703,-5.97337362361143,-8.447322325431793,-105.15812215672412
-677.3004585479787,249.9630213577153,-35.886479130349464,7.749449173600926,2.1711289777670766,-5.872840755189414,-8.474156441859416,-103.09503221871412
-677.0086868106798,249.78692985775513,-36.152724878407966,7.705471911509369,2.2043969929549907,-5.771886027111048,-8.50076447290878,-101.02108886103393
-676.7169150733812,249.62336619863524,-36.41976580184972,7.661744300275529,2.237112684523488,-5.670418518489335,-8.527126625990372,-98.93721603603923
-676.4251433360826,249.47243393752706,-36.68755700106594,7.618276935670008,2.2692639783665016,-5.568356440401986,-8.553218689091128,-96.84405695735983
-676.1333715987838,249.33424674072458,-36.956045706107105,7.5750808982485145,2.3008404553184176,-5.465621672225726,-8.579007710844017,-94.74210001822813
-675.8415998614851,249.20893434189404,-37.22517830658348,7.532166768669864,2.3318329986046775,-5.3621374843923535,-8.604454367282262,-92.63161420126526
-675.5498281241864,249.09662707453765,-37.49489619581635,7.489545053298656,2.3622348389406156,-5.257835130479615,-8.62951341572468,-90.51272172451485
-675.2580563868877,248.99747743714653,-37.76513372609926,7.447227105324099,2.3920391046449483,-5.152645455636648,-8.654134123213398,-88.3855044145952
-674.9662846495889,248.91162839363395,-38.035822907176964,7.405223292944203,2.4212420906405883,-5.046511348291897,-8.678259865764604,-86.24990577206796
-674.6745129122903,248.83924475389716,-38.30688400578509,7.363545323717804,2.4498393679112644,-4.939376556291487,-8.701822887244763,-84.10576522111427
-674.3827411749916,248.78048741402412,-38.57823477402601,7.322204133748553,2.4778288045515446,-4.831196571768626,-8.724750575063586,-81.95290317362429
-674.0909694376928,248.7355256782016,-38.849784600867046,7.2812119656594545,2.5052086485197824,-4.721932591763794,-8.74696007158105,-79.79105952956327
-673.7991977003942,248.70453424656364,-39.12143125812243,7.240578811114939,2.531978101133005,-4.611554489707271,-8.768364373202695,-77.6201033486548
-673.5074259630956,248.6876867305831,-39.39306791849081,7.200317087239931,2.558137333070768,-4.500038205847426,-8.788869579466331,-75.4398196784306
-673.2156542257967,248.68517092543215,-39.6645732484486,7.160439153022928,2.5836859067700395,-4.387365557006418,-8.808375649168584,-73.2500209795811
-672.9238824884981,248.69716514595373,-39.935819775467934,7.1209569860324535,2.6086252191225583,-4.273529587660141,-8.826776047279164,-71.0506197094848
-672.6321107511994,248.72385169637374,-40.206667863026105,7.081882916853543,2.6329567398558407,-4.158533769081639,-8.843953044200585,-68.84150964418481
-672.3403390139007,248.76540618067506,-40.476966269223496,7.043229354272179,2.6566828210308966,-4.042393798232416,-8.859783115208852,-66.62269279528603
-672.048567276602,248.82201418467187,-40.74655503753921,7.005008885518118,2.679805458788168,-3.925131953970386,-8.874133079115486,-64.39425997458288
-671.7567955393033,248.89385282182033,-41.01525068536049,6.9672345557792426,2.7023265520767947,-3.8067800248742993,-8.886865661459515,-62.156453438882565
-671.4650238020046,248.9810873261398,-41.28286728709197,6.929918964534539,2.724249590579087,-3.687388383229632,-8.897837770521937,-59.90958862429584
-671.1732520647058,249.0838787741502,-41.549201303188376,6.893074972928521,2.7455777560863512,-3.567024454698954,-8.906891995474899,-57.65397959703801
-670.8814803274072,249.20237781836462,-41.81403418672922,6.856715481184232,2.7663144450562434,-3.445771578077576,-8.913862940235333,-55.390130653108045
-670.5897085901084,249.3367225665902,-42.07713188256075,6.820853368733307,2.7864632210721014,-3.3237267517596076,-8.918577508717949,-53.118752894886136
-670.2979368528097,249.48702531215793,-42.33824644204284,6.7855012498917295,2.8060286816232893,-3.201013822911858,-8.920852647701908,-50.840680728097574
-670.0061651155111,249.6534171516633,-42.59710435122959,6.750672547302365,2.825012202684764,-3.0777730451229024,-8.920484499852877,-48.55668557012896
-669.7143933782124,249.83595804697123,-42.85342448488857,6.716379101555558,2.843419557791921,-2.954176283717245,-8.917270583590698,-46.26779081594656
-669.4226216409136,250.0347105894607,-43.106901056519675,6.682633671733786,2.8612538777340912,-2.8304170869877407,-8.910988217976218,-43.97527606095866
-669.130849903615,250.24969412487113,-43.357209982143196,6.649448362859027,2.8785192287076447,-2.7067433812517394,-8.901385463894181,-41.68048910261467
-668.8390781663163,250.48091097217915,-43.60400135801078,6.616835390753983,2.8952179208699866,-2.5834289884725594,-8.888197565653858,-39.38489169526171
-668.5473064290176,250.72829682674086,-43.84690937805367,6.584806702429531,2.911353893003634,-2.4608011179307883,-8.871140585056311,-37.09023616633516
-668.2555346917188,250.99175623529817,-44.08553025129658,6.553372542499785,2.9269291347930926,-2.3392649402955694,-8.849873568984533,-34.79853282583783
-667.9637629544202,251.27112928776592,-44.31943991640241,6.522544536971155,2.941945294892804,-2.2192896348984164,-8.824030914062204,-32.51190920649499
-667.6719912171214,251.56618228998587,-44.54818139811919,6.49233273063978,2.9564037339593336,-2.101459313310766,-8.793176504644432,-30.232969649924172
-667.3802194798228,251.87659606742804,-44.771255645449756,6.462746826343401,2.9703042949891754,-1.986448656387066,-8.756827663006666,-27.96458707281253
-667.0884477425241,252.2019355215799,-44.9881308252534,6.433795499978028,2.983646994370289,-1.8750054654451775,-8.714483546307129,-25.710255499109234
-666.7966760052254,252.54172142106597,-45.19823428502182,6.405486760591868,2.996427121883033,-1.7676344927035363,-8.66587387002338,-23.47372059729615
-666.5049042679266,252.89541808104897,-45.400990953177036,6.3778275197640735,3.008638713389005,-1.6642306925540318,-8.611269039174807,-21.258519244563505
-666.213132530628,253.26246059302426,-45.59587508752811,6.350823318285084,3.020277460151689,-1.5645231562325408,-8.551098525944147,-19.06761844626094
-665.9213607933293,253.64233174700252,-45.78238357565879,6.324479836422392,3.031334966352303,-1.4682679334983275,-8.485764417555588,-16.903336947739277
-665.6295890560305,254.03454110445944,-45.96004876117682,6.298802132272865,3.0418015835320507,-1.3752809357922418,-8.415619977261342,-14.767349638964324
-665.3378173187318,254.43855912436445,-46.12843077438647,6.2737945119843435,3.05166878903721,-1.285454651059382,-8.340969021923607,-12.661067557131808
-665.0460455814332,254.85386815497603,-46.28711973316723,6.249461269178793,3.060927226548547,-1.1987225070319167,-8.26207959837328,-10.585465592108495
-664.7542738441344,255.27994352176532,-46.43572350376699,6.2258065038460515,3.0695667764819166,-1.1150708710972967,-8.17917971968187,-8.541201135809361
-664.4625021068357,255.71624660179293,-46.573870489351705,6.2028342747975715,3.0775771296953938,-1.0345107769757718,-8.092482326795173,-6.528737239028063
-664.1707303695371,256.16220962833575,-46.70121539530535,6.1805483258588705,3.0849489967612937,-0.9570672231844253,-8.002190347172053,-4.54827284062821
-663.8789586322383,256.6172596715812,-46.81742613441375,6.158952677478405,3.0916720597120295,-0.8827966822643603,-7.908481749491864,-2.5998111990658237
-663.5871868949397,257.0807990889114,-46.92219090387893,6.1380512988820675,3.0977364321155396,-0.8117693533823946,-7.811531197667503,-0.6832974111714255
-663.295415157641,257.552210003346,-47.015216553030704,6.117848219411556,3.103132384490353,-0.7440584196924948,-7.711511950624434,1.2015025120489327
-663.0036434203423,258.0308548549256,-47.09622851192967,6.098347584830253,3.1078503520926466,-0.6797446856925959,-7.608588509786835,3.0550422745395576
-662.7118716830436,258.516086943578,-47.16496671908279,6.079554138885296,3.1118801542114944,-0.6189213903625934,-7.502915317270492,4.877826114379218
-662.4200999457448,259.0072100661367,-47.22119529808817,6.061471609442374,3.1152136057714714,-0.5616858613025406,-7.394654963064697,6.670456742302374
-662.1283282084462,259.50353133032155,-47.264702357333945,6.044105187735646,3.117842011731644,-0.5081338083616349,-7.283965532710428,8.43360311477397
-661.8365564711474,260.0043495035236,-47.2952808712733,6.027458808089296,3.1197563389320937,-0.4583610901646776,-7.171002074066553,10.168033228962374
-661.5447847338487,260.50893654577766,-47.312746449933265,6.011538270277817,3.1209474938574875,-0.41246347473127737,-7.055918023192216,11.874711138929133
-661.2530129965501,261.01654818900397,-47.316945690611846,5.996348071555892,3.1214084743259316,-0.3705351464192333,-6.9388698957930615,13.55462504623084
-660.9612412592514,261.52644068575125,-47.30772764897973,5.981894445052458,3.1211300918014215,-0.33266964432803836,-6.820008264954989,15.208859435698427
-660.6694695219526,262.03784218761774,-47.28497790823645,5.9681828057979365,3.1201056935794322,-0.29895411823962625,-6.699489645290535,16.838537397378893
-660.377697784654,262.54999299109704,-47.24858997014751,5.9552192173900025,3.1183273829534763,-0.269469377676956,-6.57746613098734,18.44486914040247
-660.0859260473552,263.06212268623915,-47.19848335394471,5.943009486001841,3.1157884236784836,-0.24428977394762216,-6.454092071055844,20.029161639123085
-659.7941543100566,263.5734617366026,-47.13459140799056,5.9315611458280975,3.1124809639170192,-0.22348640601784497,-6.329514255015517,21.59279473213994
-659.5023825727578,264.0832400422445,-47.05687371851103,5.920880602735838,3.1083987320938604,-0.20712067980677218,-6.203884177038598,23.13720893968906
-659.2106108354592,264.5906952866894,-46.96530921550896,5.9109742482726615,3.103535803582242,-0.19524872208620023,-6.077353511718114,24.66396163306119
-658.9188390981604,265.09506354632873,-46.85989323709609,5.901851220008782,3.097884817399321,-0.1879160339213502,-5.950066732777075,26.174596154793935
-658.6270673608617,265.59559779860274,-46.74064099902949,5.893518982231603,3.0914397427258735,-0.1851598953874569,-5.822170834879316,27.67078151054806
-658.3352956235631,266.09156469139737,-46.60759749928075,5.885984881383073,3.084195889909799,-0.18700292851323455,-5.693812680919441,29.154247856276132
-658.0435238862644,266.5822468804072,-46.46081163820749,5.879257705801128,3.0761468706965283,-0.19346221972232786,-5.565133271406023,30.62684586207451
-657.7517521489656,267.06693211066874,-46.30036886700828,5.873346737810249,3.067287842055086,-0.2045420589255855,-5.43627057765346,32.090392260739044
-657.459980411667,267.54494054409923,-46.126356239369045,5.868261384411503,3.057612899557615,-0.22024015005922915,-5.307357431755044,33.546851868254514
-657.1682086743683,268.0156132817526,-45.93889442401245,5.864010658253984,3.0471180752958333,-0.24054503163535432,-5.178526172679023,34.99821046890006
-656.8764369370695,268.47831100535,-45.73811113177556,5.8606049053653395,3.035798138352311,-0.265440668440005,-5.049899588275767,36.44649346408949
-656.5846651997708,268.9324194895901,-45.52414386860474,5.858054958301127,3.0236474048120066,-0.2949025947305749,-4.921596328130054,37.89377399140438
-656.2928934624722,269.3773532797856,-45.29717946632453,5.8563707623507195,3.010663776568008,-0.32889123773561973,-4.793736280865556,39.34224823695968
-656.0011217251734,269.81255600161495,-45.05738268617582,5.855563947910602,2.9968415711679475,-0.36736412897844406,-4.666428794079454,40.79413840721035
-655.7093499878747,270.2374859996449,-44.8049692264664,5.855645887033986,2.982178328036582,-0.41026717074041624,-4.539785264329798,42.25172759801452
-655.4175782505761,270.6516546815615,-44.540126228380274,5.856629028093989,2.9666682944293106,-0.45754025578307295,-4.41390408107122,43.71734724438922
-655.1258065132773,271.05458728144737,-44.26308825985115,5.8585259410935855,2.950308507058966,-0.5091121124676594,-4.288883143215756,45.19346410241636
-654.8340347759786,271.4458440372762,-43.97410203771725,5.861348568865996,2.93309685531329,-0.5649090208602607,-4.164816565853742,46.68255985365813
-654.54226303868,271.82501575088594,-43.673413891916,5.865110665631408,2.915029590251042,-0.6248504031941112,-4.041789990830891,48.18717207123656
-654.2504913013813,272.1917237623884,-43.36128752816151,5.869825932174816,2.896103951232839,-0.6888515942448464,-3.9198841129485795,49.70990334114622
-653.9587195640825,272.5456225199581,-43.03800144085377,5.875507929943256,2.876318161374602,-0.7568231394959564,-3.7991769579462003,51.253420545869915
-653.6669478267838,272.8863873898774,-42.703833693805095,5.882172403722849,2.855668625882942,-0.8286739311725,-3.6797369524603214,52.8204272605549
-653.3751760894852,273.2137318967158,-42.359072638039095,5.889834644139854,2.8341529306328375,-0.9043116839338777,-3.561630077554847,54.41374801393271
-653.0834043521864,273.52739067534367,-42.00404848999026,5.898508367556026,2.811772490974468,-0.983635322364195,-3.4449220839506287,56.036165925361296
-652.7916326148877,273.82713124977226,-41.63904760012286,5.9082111477331924,2.7885233787095047,-1.0665529491914956,-3.3296661712877453,57.6906366811008
-652.4998608775891,274.1127456999764,-41.26439950646073,5.918958839861044,2.7644059869535043,-1.152966028757059,-3.215917006436052,59.38006569791455
-652.2080891402903,274.38405141566284,-40.880442184377245,5.930766996409653,2.7394218269223782,-1.2427750073318629,-3.103726371307172,61.10748554187375
-651.9163174029916,274.64088227046375,-40.487485106139104,5.943655386418438,2.7135679239689727,-1.3358923602610664,-2.9931378614566633,62.87601399157632
-651.624545665693,274.883100206041,-40.085883826743,5.9576402364578,2.68684747161668,-1.432221629744658,-2.8841980577947215,64.68875765036894
-651.3327739283942,275.11058578162937,-39.67597716073271,5.972740438363659,2.65926138963025,-1.5316745512643801,-2.776947771722893,66.54891990048897
-651.0410021910955,275.32323806716084,-39.25811336677699,5.988974874183123,2.630812027761631,-1.6341656302463625,-2.6714277300356577,68.45978894888854
-650.7492304537968,275.5209753119711,-38.83265044669169,6.006362798654285,2.601503087593286,-1.7396143393971484,-2.5676784089410143,70.42472112162008
-650.4574587164982,275.7037210725841,-38.39992946506315,6.0249247501978545,2.57133721885449,-1.8479481390595336,-2.4657381523699637,72.44707776810792
-650.1656869791993,275.8714319833008,-37.960328618883786,6.044680108330037,2.540321957937022,-1.9590945673141378,-2.365651198268593,74.5303404117567
-649.8739152419007,276.024053827497,-37.51419739140715,6.065650778925255,2.5084621312809494,-2.072996690172415,-2.267461069706226,76.67804086810304
-649.5821435046021,276.1615572814328,-37.06190757061623,6.087858012612774,2.47576647369709,-2.189600952100252,-2.1712179572498873,78.89373100161089
-649.2903717673033,276.2839165037764,-36.60382962687075,6.111323315791522,2.442245212034732,-2.308861960873567,-2.0769787151837433,81.18101234660612
-648.9986000300046,276.3911091819366,-36.14033369484426,6.136070529009043,2.407908859613183,-2.4307482860697958,-1.984808016535896,83.5435103436783
-648.706828292706,276.4831217795801,-35.6717995446304,6.162122218273496,2.372771963444922,-2.55523438822792,-1.894785104152074,85.98481671451421
-648.4150565554072,276.55993896693604,-35.19860696567174,6.189502451099773,2.3368504907244207,-2.6823073085876894,-1.8070035175211818,88.50851256556052
-648.1232848181086,276.6215519820614,-34.72114929202298,6.218234574041681,2.3001648575146145,-2.8119629619657878,-1.721576880639014,91.1180331876585
-647.8315130808098,276.6679565581756,-34.239820083638456,6.248343100709095,2.262738349059057,-2.9442086787736583,-1.6386454987670611,93.81664782470756
-647.5397413435111,276.69912409330936,-33.75502575581482,6.279854199591064,2.2245962484310606,-3.079062150956859,-1.558373725111983,96.60745790380793
-647.2479696062125,276.71504282571135,-33.267188694755916,6.312792036630614,2.1857712737748076,-3.2165446370183326,-1.4809683791862402,99.49320035989354
-646.9561978689137,276.7156889668206,-32.77673151208967,6.347182428106514,2.146299458654679,-3.356685112078974,-1.4066752183670972,102.47619848530749
-646.6644261316151,276.7010370804263,-32.284112411530785,6.383050375563657,2.1062241926655036,-3.4995133484881027,-1.3357940578520082,105.5580494842012
-646.3726543943163,276.67105150445235,-31.789802501985115,6.420420502039295,2.065595387108379,-3.645051984420437,-1.2686792204818205,108.73968206369823
-646.0808826570176,276.6256987468052,-31.294300223630067,6.4593166728687095,2.0244715275768033,-3.7933141804361794,-1.20575328905727,112.02096318726275
-645.789110919719,276.56493511693526,-30.79813435303564,6.499762530256845,1.9829192975030179,-3.944298657536448,-1.1475074371919354,115.40062113101624
-645.4973391824202,276.4887200697864,-30.301873919447196,6.5417794300743655,1.9410167877430664,-4.097981132389853,-1.094508606316963,118.87590123805795
-645.2055674451215,276.3969980948762,-29.8061221224202,6.585388461060794,1.898851439064572,-4.254299416817432,-1.0473988577771567,122.44237319390623
-644.9137957078228,276.28973661026504,-29.311543460365776,6.630606177629768,1.856526531023834,-4.413129742049998,-1.0069071971399268,126.0935960731996
-644.6220239705241,276.16690619890215,-28.81885203261095,6.677446500899821,1.8141588707908334,-4.574276103931854,-0.9738389464424767,129.8209353511478
-644.3302522332255,276.0284868021675,-28.32881043651839,6.725920042230732,1.7718802185126556,-4.737461329789326,-0.949061567377293,133.61346370525717
-644.0384804959267,275.87449512652836,-27.84227637715489,6.776030980274854,1.7298413191560127,-4.902313513144167,-0.9334915112574299,137.4577906033163
-643.7467087586281,275.7049674668367,-27.360133592500524,6.827779826972648,1.688209121046274,-5.068367803440699,-0.9280688832455957,141.33797258550004
-643.4549370213293,275.5199826746015,-26.883354805075367,6.881160028631918,1.6471698911414372,-5.23503315640993,-0.933720638364779,145.23552947755218
-643.1631652840306,275.31967177398604,-26.412971191322725,6.936157253362085,1.6069297333202213,-5.401577027524717,-0.9513361536608016,149.1293247368777
-642.871393546732,275.104227294422,-25.95006842290519,6.992750936539966,1.5677129124131493,-5.567108578832496,-0.9817358569667566,152.99601390298207
-642.5796218094332,274.87391854402534,-25.4957849695816,7.050910239702219,1.5297636485206048,-5.730606796189891,-1.0256307512110758,156.81058979317098
-642.2878500721345,274.62909898039476,-25.051297068229765,7.11059589583544,1.4933428005082086,-5.89091711059424,-1.0835940756888798,160.54652401377632
-641.9960783348358,274.3702207569659,-24.617808038148844,7.171759047714402,1.4587261077839089,-6.046704405087056,-1.156041239752607,164.1753794229602
-641.7043065975372,274.097842059162,-24.196530417730873,7.234341124047875,1.4262003977419397,-6.1965203345310895,-1.2431851850989903,167.6668910588934
-641.4125348602383,273.81263922450313,-23.788671913660096,7.298272943093126,1.3960591794798165,-6.338838487870099,-1.3450152605626975,170.9893286640719
-641.1207631229397,273.5154133297256,-23.395414229789147,7.363474646693299,1.3685963442497788,-6.47198999419693,-1.4613127816912859,174.1092567429738
-640.8289913856411,273.2071050997094,-23.0179025749663,7.4298540968223215,1.3440991002152554,-6.594285250389646,-1.5915807695913708,176.99232217726677
-640.5372196483423,272.88876492574803,-22.65720290960563,7.4973106416747255,1.3228363356497312,-6.704046637769285,-1.7350401693126192,179.60384902458173
-640.2454479110436,272.56159311137407,-22.314300843793145,7.565730610028264,1.3050524392320266,-6.799657706412632,-1.8906176622818056,181.91087998878336
-639.953676173745,272.2268959429426,-21.990066772209875,7.634991463028214,1.2909535091890587,-6.879674560862083,-2.0569455211531524,183.88406902941003
-639.6619044364462,271.88607495755497,-21.685227848169436,7.70496282487357,1.2806987911006713,-6.942887268854331,-2.2324155630667235,185.5000905866451
-639.3701326991475,271.54061852915,-21.4003739662178,7.77550770404064,1.2743907188007624,-6.988417647517567,-2.415236431262337,186.74310482187684
-639.0783609618488,271.19205453740506,-21.13592288151729,7.846487290828933,1.2720691370573463,-7.015780052108181,-2.603545346384712,187.60619909896965
-638.7865892245502,270.8418984321424,-20.89212903137477,7.9177611715520655,1.2737064358154642,-7.02545382449278,-2.7951792739704295,188.09070835578513
-638.4948174872513,270.4915824872745,-20.669042911512147,7.989192343676281,1.2792118965334807,-7.018775146911259,-2.9877643810930525,188.20656937510213
-638.2030457499527,270.1423950526713,-20.466527428981898,8.060648611431624,1.2884361417624843,-6.997285097597289,-3.1791310524166247,187.97107513270058
-637.9112740126541,269.79549502351244,-20.284271860951495,8.132004131620775,1.3011829554190308,-6.962624108011842,-3.367398378953491,187.40717664529404
-637.6195022753552,269.45188596262926,-20.121822411262944,8.203142640094297,1.3172186364441985,-6.916450618718846,-3.55102494349508,186.54145748727896
-637.3277305380566,269.11241730589023,-19.978619778402486,8.27395763079432,1.336282249933239,-6.860400296491787,-3.7288017406134215,185.40229953435735
-637.035958800758,268.7778263812457,-19.854004187277948,8.344351861121154,1.3581004644988461,-6.796013927109854,-3.8998334534826067,184.01904755578033
-636.7441870634592,268.44870770046026,-19.747265237094176,8.414237780481372,1.3823920528129292,-6.724714365382247,-4.06351862787786,182.42000224823795
-636.4524153261605,268.1255488468503,-19.657652221955793,8.48353841507822,1.4088785740711087,-6.64780323655946,-4.219484971179114,180.632080644737
-636.1606435888618,267.8087383702624,-19.584393829006405,8.552184161132843,1.4372893456083609,-6.566418928798069,-4.367573219064903,178.68008849094048
-635.8688718515631,267.49857013470546,-19.526715346925176,8.620115384141531,1.467366492045533,-6.481567974791377,-4.507777220187247,176.58658680636924
-635.5771001142643,267.1952663174302,-19.483850233057463,8.687278337807278,1.4988670164375417,-6.3941196797659074,-4.640213701978025,174.37168478878814
-635.2853283769657,266.8989822968759,-19.45504660247359,8.753627747504488,1.5315660775611861,-6.304819679962031,-4.7651001196799365,172.05353039464688
-634.9935566396671,266.60981789333624,-19.439581134010233,8.819122880474882,1.5652554402926264,-6.214290056981111,-4.882722051594744,169.64791416003916
-634.7017849023682,266.32782997761547,-19.436754860189097,8.883729269116376,1.599745771474548,-6.123067059962972,-4.993405771045857,167.1690634479039
-634.4100131650696,266.0530358594035,-19.445902868923543,8.947416993231428,1.6348647352414654,-6.031598335942276,-5.09750803101036,164.62948894320132
-634.118241427771,265.7854212885108,-19.466392869894882,9.01016093136649,1.6704570525392022,-5.940257118081218,-5.195401995543264,162.04019179889866
-633.8264696904722,265.524946987061,-19.49762351301365,9.071938891888472,1.7063829671672646,-5.849351129644269,-5.287467417873134,159.41085347444613
-633.5346979531735,265.2715530690652,-19.539034549070237,9.132732860134514,1.7425168190177462,-5.759125686089395,-5.374079890275778,156.7498184672456
-633.2429262158748,265.0251628630798,-19.59009527958247,9.192527164546371,1.7787463904511038,-5.669781062992076,-5.455603208627875,154.06425955845177
-632.9511544785761,264.7856852829885,-19.650311237495373,9.251308881077854,1.8149712739081396,-5.581471132740631,-5.532388326452088,151.36033699240392
-632.6593827412773,264.5530258483707,-19.719212064736627,9.309067969071734,1.8511032235548062,-5.494318170280297,-5.604767824629866,148.64339664985152
-632.3676110039787,264.32707996242135,-19.796364150648465,9.365795356520904,1.8870624336646975,-5.408409032095354,-5.673058057881755,145.91774246905283
-632.07583926668,264.10773338122004,-19.881359426871104,9.42148433837771,1.9227788769035528,-5.323806665921104,-5.737554989483326,143.18702236606217
-631.7840675293812,263.8948746883167,-19.97381886858104,9.476129298564095,1.958189851448878,-5.240553144396092,-5.798535554020912,140.4542295003877
-631.4922957920826,263.68839400255644,-20.073381032961567,9.529725475735571,1.99324016644966,-5.1586738881839915,-5.856257429359038,137.7218562269376
-631.200524054784,263.4881777626091,-20.179715646483068,9.582269327544257,2.0278802905277233,-5.078178719959528,-5.910962221457867,134.99185563861425
-630.9087523174851,263.294110195279,-20.292511205803972,9.633758798679047,2.0620672035518153,-4.999068268771667,-5.962873670842857,132.26586311294437
-630.6169805801865,263.10608028528213,-20.411471549520645,9.684192127436733,2.0957629604845494,-4.921336363216732,-6.0122009524499775,129.5451620881429
-630.3252088428878,262.92398412683787,-20.53632713741665,9.73356753088272,2.128932614946316,-4.844962496838973,-6.059138649252482,126.83069321258812
-630.0334371055891,262.7477132549385,-20.66682230094287,9.78188451718487,2.1615463793486347,-4.769927926300626,-6.103868909185653,124.12326769161432
-629.7416653682903,262.57716503375036,-20.802720210197485,9.829142851114918,2.193577547635069,-4.696206656997835,-6.14656155898029,121.42347700454025
-629.4498936309917,262.4122388251886,-20.94379396893496,9.875342491327073,2.225002956432085,-4.623772085140209,-6.187375267063675,118.73178897708175
-629.158121893693,262.2528386817087,-21.089834687873786,9.920484075985465,2.255802173156516,-4.552592684469895,-6.226458326110978,116.04855177472497
-628.8663501563943,262.09887259995844,-21.240653991493186,9.964567233674995,2.2859556119386837,-4.482634317726393,-6.263951612676037,113.37393190609664
-628.5745784190956,261.95024809061414,-21.396062454782268,10.007594316567786,2.315449382659848,-4.413862863673054,-6.299985552018469,110.7081783461917
-628.2828066817968,261.80688127920837,-21.55588816624279,10.049565703485822,2.344269122495503,-4.3462405017308505,-6.334681517142807,108.05122295124347
-627.9910349444982,261.6686888824116,-21.719978740935098,10.090482880184457,2.3724025781367923,-4.279732152288645,-6.3681570176623,105.40315378074887
-627.6992632071995,261.53559494873144,-21.888184732143806,10.130346916756183,2.3998391678224604,-4.214298441157579,-6.400520372950551,102.76385738562404
-627.4074914699008,261.40752273997236,-22.06036834115185,10.169158996555893,2.4265698667113353,-4.149899194077801,-6.431873101159851,100.13320918741206
-627.1157197326021,261.28440237042054,-22.236402169021265,10.206920693077558,2.4525870931251337,-4.086494967040313,-6.462311782852499,97.51105301098205
-626.8239479953033,261.16616671493426,-22.41615936756263,10.243633972614996,2.477885422729824,-4.024046722696884,-6.491926189768528,94.89725072210726
-626.5321762580047,261.0527540094331,-22.59953492401569,10.2792998940903,2.5024587234875075,-3.962511041656715,-6.520801789690895,92.2914887636537
-626.2404045207061,260.9441048955058,-22.78642335887106,10.31392020469649,2.526303139131253,-3.9018470657626616,-6.549018609531215,89.69350853617732
-625.9486327834072,260.8401645663322,-22.97672857307867,10.347496458538195,2.549415432678873,-3.8420123591997135,-6.576652259383727,87.10301188768491
-625.6568610461086,260.7408780106576,-23.17035410706332,10.380031323320935,2.5717948892329927,-3.7829658860370783,-6.60377193740146,84.51968880932301
-625.36508930881,260.64620687163386,-23.367232118081855,10.411524020187702,2.5934366397272006,-3.724660509145697,-6.630448243766481,81.94304143432093
-625.0733175715112,260.5561051411396,-23.567275957265952,10.441977307487727,2.6143418184939042,-3.6670542400448243,-6.656741955432215,79.37271340280235
-624.7815458342125,260.47053321484157,-23.770421370887007,10.471392109892582,2.6345096059964237,-3.61010299557515,-6.682712996354098,76.8082399939335
-624.4897740969138,260.3894575220794,-23.976600340434302,10.49976990321468,2.653940838309235,-3.553761971801263,-6.708416608046171,74.24917002547474
-624.1980023596151,260.31284984299367,-24.185749859553766,10.527112706466996,2.672637480951737,-3.497985904263358,-6.733904788208222,71.69505079780308
-623.9062306223163,260.24068096540174,-24.397822895169668,10.553419386078602,2.6905989815540745,-3.4427293302661783,-6.759228607914189,69.14523737445985
-623.6144588850177,260.1729317969245,-24.612763060227756,10.57869274766722,2.70782947756241,-3.387945935210091,-6.784432678900431,66.59927404724456
-623.322687147719,260.10958468921007,-24.8305240337667,10.602933513692353,2.724331679320169,-3.3335892688541127,-6.809560808345734,64.0566061322836
-623.0309154104202,260.05062737212035,-25.051067373328774,10.626141784771066,2.7401081526970494,-3.2796120977376706,-6.834654436535145,61.51659328135386
-622.7391436731216,259.9960543053571,-25.274348131695657,10.648318582512465,2.755163244676308,-3.2259666622091556,-6.8597489743669025,58.97862768226266
-622.447371935823,259.94586032055713,-25.50034028920903,10.6694634067443,2.769500118331691,-3.172603194524457,-6.884882367401653,56.44207167635651
-622.1556001985241,259.9000476331435,-25.729007910837257,10.68957703290602,2.7831241185095226,-3.1194731228703643,-6.910086475473552,53.906285574720656
-621.8638284612255,259.8586206451541,-25.960319250895978,10.708660217673788,2.796041251269127,-3.0665272368837035,-6.935391612896136,51.37067307959672
-621.5720567239268,259.82159513700003,-26.194254532888756,10.726711469992479,2.808255431575532,-3.0137116600641654,-6.960827083363088,48.834475352695144
-621.2802849866281,259.7889843965512,-26.430788480552874,10.743731276983079,2.8197736899810377,-2.96097484137842,-6.986418164901199,46.29709600999437
-620.9885132493293,259.76081177826654,-26.669895256322963,10.759719347983221,2.8306027693638467,-2.908264501792643,-7.012188221257284,43.75783910998462
-620.6967415120307,259.73710427137485,-26.91155902727263,10.774674734021701,2.840749308671993,-2.855526282814897,-7.03815777616216,41.216030573198346
-620.404969774732,259.7178983190776,-27.155765759069183,10.788595960544198,2.8502199362812735,-2.8027060711709164,-7.064344115125742,38.67094505234987
-620.1131980374332,259.70322667690414,-27.40249651533186,10.801483338414387,2.859024233982066,-2.7497518727923427,-7.0907580911193415,36.122013182163165
-619.8214263001346,259.69313460176244,-27.651734057733357,10.813335504169666,2.8671705130282312,-2.696610974183754,-7.117406296544324,33.56852763817513
-619.529654562836,259.68767155802976,-27.90346647604718,10.824151113833436,2.8746678123010736,-2.643229988679484,-7.144290546014622,31.009802950845714
-619.2378828255371,259.6868920185882,-28.157680062508913,10.833927906758078,2.8815251003478335,-2.5895548762766616,-7.171408333232674,28.44510979835923
-618.9461110882385,259.6908543921472,-28.414359947457438,10.842664781809809,2.887753300560807,-2.5355253450449586,-7.198754280923851,25.873841685864445
-618.6543393509398,259.69963030427147,-28.67348562724129,10.850360273529175,2.8933634160347967,-2.4810663505424104,-7.226330999453486,23.295314897575714
-618.362567613641,259.7132944521508,-28.935047688016336,10.857011731679474,2.89836616254733,-2.4260938230577787,-7.254142261463338,20.708958462570248
-618.0707958763423,259.7319259118703,-29.199023652593162,10.862617916556593,2.902774531375607,-2.3705437060182932,-7.282173223673899,18.114505695186192
-617.7790241390437,259.75562519120405,-29.46540641962562,10.867176025940674,2.906600111353504,-2.3143745373119025,-7.31038614404682,15.511712461671975
-617.487252401745,259.7844779364445,-29.73416884963505,10.87068427001922,2.909857288822392,-2.2575682018623855,-7.338714649473012,12.900693850042332
-617.1954806644462,259.81858197183294,-30.00528211822112,10.873140779103311,2.9125608672972394,-2.2001163300404594,-7.367075945068095,10.281659344139934
-616.9037089271476,259.8580359430724,-30.278710919322208,10.87454405155035,2.914726996214115,-2.1419919055975005,-7.395387669201714,7.6550302738735265
-616.6119371898488,259.90294335877115,-30.55441510859082,10.874892269639092,2.916372307343697,-2.083102797995039,-7.423608574022582,5.02130617084337
-616.3201654525501,259.95342683847895,-30.832351086182836,10.874183784806164,2.9175137495621333,-2.0232945972592455,-7.451735902666424,2.3809787481125477
-616.0283937152515,260.00960538716134,-31.11247513300204,10.872418814681021,2.9181713176059607,-1.9625628325624314,-7.47965437874339,-0.2645035543810586
-615.7366219779528,260.07161110211194,-31.39472078275866,10.869596128206869,2.9183636962040134,-1.901047668595754,-7.507136669664888,-2.9128969002969103
-615.444850240654,260.13955022077363,-31.67900827646304,10.865716615352648,2.918113352369839,-1.8388941975889141,-7.533937441831065,-5.5609869960000164
-615.1530785033553,260.21352782023064,-31.965239729010033,10.86078213205034,2.917444029208204,-1.7760386990949322,-7.559951897425064,-8.20552899347184
-614.8613067660567,260.2936659314596,-32.25331651606913,10.854795098317453,2.9163798873420914,-1.71233388458294,-7.5851280701525114,-10.843780379403029
-614.569535028758,260.3800780236617,-32.5431160243867,10.847759392771934,2.9149467235462825,-1.648135410809017,-7.609059959337421,-13.471237667920455
-614.2777632914592,260.4728305725687,-32.8344777382071,10.839681611979183,2.913173881088478,-1.5838981237541914,-7.631274577080157,-16.081248099395072
-613.9859915541606,260.5719759455526,-33.12721990926821,10.830569564157042,2.9110914325717236,-1.5195791425972371,-7.651644886677784,-18.668277188345137
-613.6942198168618,260.67755806172397,-33.42114254394424,10.820431545883194,2.9087290170902964,-1.4556671565824284,-7.669674760515514,-21.227256134565888
-613.4024480795631,260.7895356845278,-33.715979076887855,10.809280168269655,2.9061199485980467,-1.3930307937751414,-7.684635497777245,-23.750395427003646
-613.1106763422645,260.907814859332,-34.01142842141263,10.797130188975459,2.903298049487778,-1.3320335227337583,-7.696160624247978,-26.23268403479219
-612.8189046049657,261.0322280369358,-34.307142143023015,10.783995604773041,2.9002942148267885,-1.2739834953506233,-7.703265741229349,-28.669310834043173
-612.5271328676671,261.1624862961463,-34.60269223563984,10.769894419032429,2.8971397929391935,-1.2197511091576234,-7.7053185370778,-31.057851408275262
-612.2353611303683,261.29818921292895,-34.897596796825766,10.7548432100667,2.8938606859789755,-1.1707705825136028,-7.701356349287345,-33.39858221027267
-611.9435893930697,261.43879981178486,-35.19129949101837,10.7388603613948,2.8904785915316142,-1.1282616164096784,-7.690630089186935,-35.695567162654946
-611.651817655771,261.5836594105019,-35.48319068190485,10.721960600268279,2.8870048456380886,-1.0932798138825925,-7.672578504850931,-37.95630914578562
-611.3600459184722,261.7320383602752,-35.77264379275702,10.704156924928407,2.883441516444853,-1.065923620705491,-7.647346863867078,-40.19043498258512
-611.0682741811736,261.8832509827605,-36.059071267799325,10.685458616858062,2.8797792239176614,-1.045347299013261,-7.615764598463861,-42.407282733521726
-610.7765024438748,262.03668852004745,-36.34196843338444,10.665876804649836,2.8760051385169025,-1.0305441693196973,-7.5787913643873015,-44.61447610769448
-610.4847307065761,262.1918562307675,-36.62090653866213,10.645416153738593,2.872095529486082,-1.0202862987938486,-7.537539036572772,-46.81747075612466
-610.1929589692775,262.3483467262058,-36.89554069305039,10.624083962095586,2.868027171133056,-1.0138975145620002,-7.492740895627825,-49.020115438717916
-609.9011872319787,262.50584915201296,-37.16559037500515,10.60188312957668,2.863770983212906,-1.0102668947009168,-7.445393198431247,-51.224376061224355
-609.60941549468,262.6641116854216,-37.43083487977655,10.578818498808985,2.8592998407266523,-1.0091589536543957,-7.395882006743316,-53.43239019357104
-609.3176437573813,262.82292830049045,-37.69109102672125,10.554892781141435,2.854584624023143,-1.0098558842517178,-7.344897069942665,-55.644136960005945
-609.0258720200826,262.98215141684403,-37.94623010499162,10.530111364496973,2.849600449627649,-1.0119812039913605,-7.292839968215154,-57.8603087481239
-608.734100282784,263.1416452931218,-38.19613502561698,10.504476623517645,2.8443200108482585,-1.0155759266250435,-7.239839040470529,-60.082033830644576
-608.4423285454852,263.30128358445137,-38.44071049839502,10.477993566443,2.838719786125021,-1.0202737114360438,-7.186261343658255,-62.30933285108654
-608.1505568081866,263.46098048748297,-38.67988618204413,10.450665080945752,2.8327759111338433,-1.025806111858682,-7.1323654576935,-64.5421368370401
-607.8587850708878,263.6206584553328,-38.91360294318319,10.422494671764595,2.826466455716506,-1.032264992896808,-7.07815929322325,-66.78139261512847
-607.5670133335891,263.7802283609688,-39.14180508464879,10.393485725651164,2.819770588613184,-1.0396457667919576,-7.023711137646824,-69.02809684055845
-607.2752415962905,263.93961039738156,-39.3644412784942,10.363641230973698,2.8126681291644964,-1.0478271112491326,-6.969143730675304,-71.28278760089736
-606.9834698589918,264.0987383663917,-39.581467906841205,10.332963669769324,2.8051398618915133,-1.0567146274140982,-6.914538825430316,-73.54559222534479
-606.691698121693,264.2575441225508,-39.79285042084567,10.30145716524089,2.79716986092783,-1.066305679083826,-6.85990464567208,-75.8165808490031
-606.3999263843943,264.41596037612015,-39.998544006652395,10.269123901564205,2.7887406173555647,-1.076659220080209,-6.805206732826178,-78.09628587346565
-606.1081546470957,264.57391535588374,-40.198505983551705,10.235966777240439,2.7798365422714055,-1.0877884990026543,-6.750433455937153,-80.38523225357476
-605.816382909797,264.7313368372958,-40.39269026360952,10.201988069457528,2.770442276852493,-1.0996905845391192,-6.695575736812414,-82.68373560474274
-605.5246111724982,264.8881505593004,-40.581050689880286,10.167190789028968,2.7605441750218818,-1.112366501250974,-6.640613919752103,-84.99182807212061
-605.2328394351996,265.04428094462475,-40.76353988897862,10.131578438360895,2.7501299837389754,-1.125828266431959,-6.585514599362644,-87.30931908885874
-604.9410676979008,265.1996551438964,-40.940101633547506,10.09515286503059,2.739186303175384,-1.1401037972230992,-6.530229233816564,-89.63595971251797
-604.6492959606021,265.35419134315947,-41.110677756607586,10.057917161871156,2.727701733069158,-1.155218468175063,-6.474709498428434,-91.97147135751091
-604.3575242233035,265.50780644789967,-41.27520434670958,10.019874521449086,2.715665467879738,-1.1712122432319871,-6.41889513613507,-94.31551774602623
-604.0657524860047,265.6604172529717,-41.433611514609154,9.981028053936726,2.703067128282157,-1.1881124331514388,-6.362725480354536,-96.66773884699674
-603.773980748706,265.81193041244507,-41.58582744077995,9.941381801912401,2.68989804194048,-1.2059530944364585,-6.30614089560513,-99.02757159071002
-603.4822090114073,265.9622542228361,-41.731768330406936,9.900938454026464,2.6761483157443227,-1.2247707094692568,-6.249072232422887,-101.39439418585704
-603.1904372741087,266.1112899499375,-41.871348299835574,9.859702870170551,2.661810648203492,-1.2446023423870645,-6.191449007226306,-103.76750367744
-602.8986655368099,266.2589385302675,-42.00447130690213,9.817678272146356,2.6468765479643306,-1.265488161699653,-6.133195373506923,-106.14612451593182
-602.6068937995112,266.4050935834823,-42.13103695095576,9.77486971120778,2.6313395916633664,-1.287469461006967,-6.074233299162663,-108.5293505435126
-602.3151220622126,266.5496453097536,-42.25093799076954,9.731282490161762,2.6151939614408484,-1.310589339603013,-6.014481446059286,-110.91618194231653
-602.0233503249138,266.69248042011264,-42.36405540881947,9.686921162846511,2.598433178915902,-1.3348928742739765,-5.953852983362436,-113.30561824013702
-601.7315785876151,266.83348039402387,-42.470266279296894,9.641791853457697,2.581052708723045,-1.3604264463464837,-5.892259166876262,-115.69647703597099
-601.4398068503165,266.97252169512666,-42.56943974377514,9.59590113320537,2.5630486934130787,-1.387237635741915,-5.829606744129698,-118.08748221353173
-601.1480351130177,267.10947857139104,-42.661431275536735,9.549255030200163,2.544416628229574,-1.4153784620267091,-5.765796699019462,-120.47726148562943
-600.856263375719,267.2442190502298,-42.74609139661626,9.501860990756455,2.5251537911748634,-1.4449020934554315,-5.700725889580951,-122.86427768711144
-600.5644916384203,267.3766038710169,-42.8232620725586,9.453727314050283,2.5052584285119335,-1.4758627585745645,-5.634287693053411,-125.24695129056765
-600.2727199011216,267.50649199138695,-42.89277464173636,9.404862699554844,2.484729275046537,-1.508317728576618,-5.566369556200876,-127.62346014124705
-599.9809481638229,267.633736342124,-42.95444611486141,9.355275690400813,2.4635647904044142,-1.5423277093989953,-5.496851678132938,-129.99191360620918
-599.6891764265242,267.75818441121913,-43.008087633317324,9.304976659638971,2.441765541526764,-1.577954205065169,-5.425611453877004,-132.3502145675856
-599.3974046892256,267.8796785052266,-43.053497593801495,9.253976451036873,2.4193325438586184,-1.6152613252266883,-5.352518357503438,-134.69608581436725
-599.1056329519267,267.99805557996734,-43.09046276788327,9.2022867984631,2.3962677453237866,-1.6543155385979906,-5.27743641715735,-137.02708834340842
-598.8138612146281,268.1131473689549,-43.11876183948791,9.149920821993227,2.3725748641527358,-1.6951859326486483,-5.200224401614365,-139.34055189109878
-598.5220894773295,268.22477948678045,-43.13814878689973,9.096891392442572,2.348256377019597,-1.737944928537568,-5.1207289071413244,-141.6336191687598
-598.2303177400307,268.33276910902515,-43.148376989328206,9.043214178431363,2.3233184706009373,-1.7826674008018477,-5.038793817515959,-143.90319206134276
-597.938546002732,268.4369346172581,-43.149178616759585,8.988904684603437,2.2977669422871734,-1.8294297430306927,-4.954254214676069,-146.14582062233075
-597.6467742654334,268.53708827397935,-43.14027749761746,8.933980155857805,2.2716100193713378,-1.878309924708137,-4.866937318321206,-148.35793421423452
-597.3550025281346,268.6330303673895,-43.12138124964182,8.878459594322482,2.2448573465386947,-1.9293909121198127,-4.7766624186742135,-150.53549665494077
-597.063230790836,268.72455825933935,-43.09217479271669,8.822363552910662,2.2175192552879612,-1.9827573784216501,-4.683237998150189,-152.67424171281934
-596.7714590535372,268.81146611699876,-43.052332280422974,8.76571331482024,2.1896082578655607,-2.0384969634294428,-4.586464175795887,-154.76953479300832
-596.4796873162386,268.89353987295294,-43.00151197145583,8.708532831746602,2.161139342835774,-2.0966977885723637,-4.486133210450644,-156.8162524022355
-596.1879155789397,268.9705623812751,-42.93935768990589,8.650848536564766,2.132130333134222,-2.1574505542258713,-4.382028499090178,-158.8088219658667
-595.8961438416411,269.04230743645525,-42.865481978375186,8.592686323482441,2.1025986209978123,-2.2208490458094796,-4.2739190640861,-160.74128047842063
-595.6043721043425,269.1085372625916,-42.7794843983022,8.534076925864511,2.072565948094045,-2.2869888960333826,-4.161566586322184,-162.60696656032678
-595.3126003670436,269.1690326719701,-42.68096583804796,8.475052731524935,2.0420600263846764,-2.3559608811374364,-4.044730034332797,-164.3985981909552
-595.020828629745,269.22355386764,-42.569470804020355,8.415648502956397,2.0111064656336803,-2.4278634879963867,-3.9231466638194274,-166.1083139013013
-594.7290568924464,269.2718625088584,-42.44455158245311,8.355902217814073,1.979738711861258,-2.502788527615767,-3.7965542020250838,-167.7273543998938
-594.4372851551476,269.313707623713,-42.30573159494029,8.295855200341416,1.947993077278197,-2.5808299442829727,-3.664679523652452,-169.24612865686223
-594.1455134178489,269.3488419812533,-42.152510930976966,8.235552005204662,1.9159102216120774,-2.6620778256081787,-3.5272424320884044,-170.65404464119246
-593.8537416805502,269.37701475813157,-41.98436299630515,8.175040047105066,1.8835350187563338,-2.746620712224015,-3.383954961540706,-171.93954130132718
-593.5619699432515,269.3979760820435,-41.80075239254416,8.114372748744715,1.850920145419202,-2.8345349842700305,-3.234531536986858,-173.0897782316569
-593.2701982059529,269.411472516168,-41.60111629218808,8.053607218335852,1.8181234565192492,-2.925891458935228,-3.0786850504891627,-174.0906897573632
-592.9784264686541,269.41725908600375,-41.3848668588946,7.992804178356816,1.7852092942355862,-3.0207493826752505,-2.9161303384712154,-174.92688711950476
-592.6866547313555,269.4150867771376,-41.15141069283983,7.932031538219033,1.7522517146664607,-3.11915030200423,-2.7465970586742423,-175.58145626594373
-592.3948829940567,269.4047153698645,-40.90012669401086,7.8713623028564985,1.7193320572691788,-3.221118389543857,-2.5698265496035915,-176.0359606713229
-592.103111256758,269.38591249263203,-40.63038149249591,7.81087534725295,1.6865416938670625,-3.326653525037766,-2.385584277348099,-176.2703443218511
-591.8113395194594,269.3584612092854,-40.34153103214097,7.7506583189605,1.6539826785338418,-3.435721905819894,-2.1936698702265636,-176.26299985573223
-591.5195677821607,269.3221380277247,-40.03292217134985,7.690803215050426,1.6217682358296566,-3.5482580425108026,-1.993924262965871,-175.99055706641175
-591.2277960448619,269.27676239464506,-39.703900579316446,7.631411954126578,1.5900247458648695,-3.6641472727397213,-1.786247503698968,-175.42815127168322
-590.9360243075632,269.22216726021384,-39.35380734965531,7.572593705163081,1.5588910672276155,-3.783225673714822,-1.5706100191852066,-174.54932972366848
-590.6442525702646,269.158207523777,-38.98202554632785,7.514467682838667,1.528523834288449,-3.905260427388161,-1.3470811076912592,-173.32602972178805
-590.3524808329657,269.0847925242485,-38.58793259779879,7.457160332667593,1.4990924486044979,-4.029949727515255,-1.1158379125887887,-171.7288776927931
-590.0607090956671,269.00182423153365,-38.17092394637902,7.40080947766561,1.4707787370792569,-4.156910536269481,-0.8771856937936273,-169.72691612528422
-589.7689373583684,268.90929687443054,-37.73047827634246,7.345562136064746,1.4437858126435963,-4.285651766590913,-0.6316199780281718,-167.2884461027437
-589.4771656210697,268.8072541008912,-37.26612375057373,7.291574057205397,1.4183309378323914,-4.415563858532849,-0.3798405166466319,-164.38087628125317
-589.185393883771,268.6957863529207,-36.777466636125645,7.239013356638595,1.3946436240401743,-4.5459004999448345,-0.12279526174381764,-160.97147304534124
-588.8936221464724,268.57507644075537,-36.26422097422122,7.188056366457995,1.3729670091414476,-4.6757604050586865,0.1382709686117717,-157.0286241719056
-588.6018504091736,268.44539475372704,-35.72624566774678,7.138889797876498,1.35355390125315,-4.804069594106838,0.4017737173046077,-152.52318800388358
-588.3100786718749,268.3071109149461,-35.16355864459591,7.09170796016314,1.336661789907898,-4.9295664908395835,0.6657452441967281,-147.4304580593115
-588.0183069345762,268.16071274758286,-34.57638598793893,7.046711792895836,1.3225482877096244,-5.05078781638133,0.9277960771156859,-141.73262881431194
-587.7265351972776,268.00681128517914,-33.96518260545318,7.0041055084136605,1.3114634281535327,-5.166074186227824,1.1850973854992295,-135.42157275322893
-587.4347634599787,267.846162974178,-33.330678239087334,6.964093613786882,1.3036423661962544,-5.273582041219282,1.4343683265964104,-128.5021523868157
-587.1429917226801,267.6796707982868,-32.67391581795756,6.92687555554514,1.2992972945905588,-5.371330729529596,1.6719279283796487,-120.99556680070609
-586.8512199853815,267.50839093650006,-31.99625977256376,6.892641809177024,1.2986058252070611,-5.457257814920666,1.893779633259105,-112.94223713459924
-586.5594482480827,267.33353068458723,-31.29944882302946,6.861565159114081,1.301705862728326,-5.529293778932644,2.0957679281193853,-104.40426104513617
-586.267676510784,267.1564253168878,-30.585558299140796,6.833794924716817,1.3086847805343684,-5.585462202468283,2.273796225560435,-95.4651827308983
-585.9759047734854,266.97854575364397,-29.85701950968366,6.809450904842137,1.3195739533271527,-5.623987536616098,2.42405898349104,-86.22826238261857
-585.6841330361866,266.8014512412791,-29.11655937529231,6.788617319672472,1.3343437310949113,-5.643376694956935,2.5432685107421444,-76.81156608446724
-585.3923612988879,266.62676143317196,-28.367149626081442,6.7713394302602605,1.3529014199837301,-5.64250551964844,2.628852543603815,-67.34112470846313
-585.1005895615892,266.4561047854338,-27.611921879150007,6.757622122339166,1.375092258576121,-5.621323688620581,2.679453398828614,-57.9435833207581
-584.8088178242905,266.2909967741831,-26.854081849815405,6.747429826004343,1.4007050148850082,-5.581330170556102,2.695281376525326,-48.74004293999892
-584.5170460869917,266.1327302933817,-26.096728241389624,6.740690464837797,1.4294823469226179,-5.524551656215346,2.6774816224399602,-39.83904092883549
-584.2252743496931,265.98238503071104,-25.342845380173692,6.737299072986798,1.461132906942844,-5.453282932300615,2.6279611577136257,-31.33308668365471
-583.9335026123945,265.8407964429524,-24.595221122262462,6.737123763091294,1.4953433789409571,-5.369944976694038,2.5492124130494616,-23.29541998657365
-583.6417308750956,265.70858300322817,-23.856399591025607,6.740010131388955,1.5317914835714008,-5.276968493457908,2.44418000898553,-15.779809349375835
-583.349959137797,265.586150724733,-23.128660932384214,6.7457887637618095,1.5701540779522851,-5.1767177138133835,2.3161109883739384,-8.820989779208587
-583.0581874004984,265.4737068700951,-22.41398757530677,6.7542801338399965,1.61011713035833,-5.071272319046608,2.168331624736521,-2.4370392340652027
-582.7664156631996,265.3713028894104,-21.714070061834168,6.765299984820922,1.6513812735554119,-4.962563716296342,2.00420171179195,3.370346839570777
-582.4746439259009,265.27884845906914,-21.030302673954818,6.778665579819452,1.6936658332895909,-4.852239277066361,1.8269883044542654,8.6102115388611
-582.1828721886022,265.196148982753,-20.363812605811855,6.794194685882385,1.736714236782579,-4.741512363549945,1.6396354262026434,13.301529595191845
-581.8911004513035,265.12293383761306,-19.715466206402862,6.811711855898287,1.7802936963790672,-4.631462230594334,1.444879071165469,17.47139408682546
-581.5993287140047,265.0588700500696,-19.085899720825132,6.831050140173789,1.8241955661357863,-4.5229576995890834,1.2451751193645793,21.151018677981398
-581.3075569767061,265.00358798432393,-18.47555049585049,6.852050629568421,1.8682355082961521,-4.416555583765044,1.0425895859750947,24.373880963562318
-581.0157852394074,264.9566996890545,-17.884673927510665,6.874564497728506,1.9122522847330679,-4.312615339356989,0.8388326732408625,27.17476696188943
-580.7240135021086,264.9178120936323,-17.313389755727652,6.898453521825497,1.956104163567528,-4.211406799117376,0.6353462282614237,29.588340441983476
-580.43224176481,264.88653386645774,-16.761692708748463,6.923589255969329,1.9996688386471866,-4.113098189674499,0.43329603857731996,31.64803828757168
-580.1404700275114,264.86247740296164,-16.22948089364143,6.949853281229448,2.0428406385610853,-4.01776146068633,0.23358894656197646,33.38536389633154
-579.8486982902125,264.84527304938746,-15.71657028647525,6.977134860017381,2.085529912438337,-3.9253963951050825,0.03691242056660121,34.82963296188684
-579.5569265529139,264.8345674542865,-15.222722349283586,7.005334058035487,2.1276583406795293,-3.835956442551077,-0.15623338736292863,36.00775929381526
-579.2651548156152,264.83002332945,-14.747650780599818,7.034357685166933,2.1691596899512353,-3.7493650469312656,-0.3454884291569723,36.94421434990225
-578.9733830783165,264.8313250553057,-14.291034502413243,7.064118904025878,2.2099778475479868,-3.6655350998169056,-0.5306067007279089,37.661162626589714
-578.6816113410177,264.83817407344236,-13.852529850884041,7.094538896799143,2.2500643390868444,-3.5843645897814227,-0.7114451182220126,38.17853702128325
-578.3898396037191,264.85029137744476,-13.43177190992148,7.125544378083446,2.2893786180991884,-3.50574696807882,-0.8879329955449466,38.51439090371621
-578.0980678664204,264.86741573115046,-13.028389541018802,7.157066429225718,2.3278861313505383,-3.4295745903100716,-1.060053517672983,38.68478026180176
-577.8062961291217,264.88930432738863,-12.642007478620066,7.18904290516763,2.365556841421488,-3.355741524094405,-1.227843033084429,38.70423067405246
-577.514524391823,264.91572470470965,-12.272246180758156,7.221414894168801,2.4023659493145537,-3.284144392911874,-1.3913645849886753,38.58588188546674
-577.2227526545244,264.9464620802761,-11.918725217556988,7.254127852109814,2.438292652258668,-3.2146850948379573,-1.5507058991915503,38.34163557782055
-576.9309809172256,264.98131949588986,-11.581076697190616,7.287131123368092,2.47331826155881,-3.147268521965805,-1.7059761203219208,37.98195004410509
-576.6392091799269,265.02010593710855,-11.258927559003698,7.32037715750936,2.507428318807623,-3.08180509228559,-1.8572929753404115,37.51681602618021
-576.3474374426282,265.0626462654211,-10.951919122929928,7.353821710608347,2.540609739024249,-3.018208517376792,-2.0047873891993975,36.95495862354207
-576.0556657053295,265.1087755730958,-10.65969028285237,7.387423318520448,2.5728527983353318,-2.9564002850954805,-2.148589436980984,36.3045785305065
-575.7638939680307,265.1583352578632,-10.381902357524185,7.421143420116039,2.604147764742115,-2.89630680386772,-2.288839159910996,35.57301330623434
-575.4721222307321,265.21118069366,-10.118216020726642,7.454945624837006,2.634487642687863,-2.8378564347922888,-2.425671995329188,34.76715890199806
-575.1803504934334,265.26717405773,-9.868303551751065,7.488795930672994,2.6638664534501864,-2.780982744163062,-2.5592250543516473,33.89332590547747
-574.8885787561346,265.3261847608496,-9.631845670582438,7.522662587629261,2.692279488550987,-2.7256225983119062,-2.6896340146537696,32.9574429004326
-574.596807018836,265.3880916103677,-9.408535747854287,7.556515469723049,2.7197226331032014,-2.671716489576438,-2.817032414624924,31.964774501565604
-574.3050352815372,265.4527782372671,-9.198073705784447,7.590326639947333,2.7461930218856017,-2.619207472836508,-2.9415522705038026,30.920463021544776
-574.0132635442386,265.52013531891214,-9.000170181159588,7.624069788889783,2.7716883945435122,-2.5680421971599134,-3.0633220587615835,29.829179701329846
-573.7214918069399,265.5900594719319,-8.814545408879944,7.657720226131922,2.7962071348042605,-2.518169379297263,-3.182467829834535,28.695288253059317
-573.4297200696412,265.66245252162827,-8.640931302615366,7.691255119078362,2.8197479064742095,-2.4695400452199356,-3.2991132294518626,27.52285121698796
-573.1379483323425,265.73722259189185,-8.479062906571578,7.724652036979451,2.842310673573727,-2.422108604384874,-3.4133755469417446,26.31572463189237
-572.8461765950437,265.81428066553195,-8.328694275130628,7.75789082175606,2.8638945368265656,-2.375830570625621,-3.525372083794856,25.077458973031483
-572.5544048577451,265.8935453394322,-8.189576030976028,7.79095252205961,2.884500657393666,-2.3306632516378856,-3.6352132115889493,23.811374461006782
-572.2626331204465,265.97493685251936,-8.061478233518997,7.823819080786697,2.904129102650123,-2.2865664451697363,-3.7430095579682896,22.52063037491958
-571.9708613831476,266.0583817243191,-7.944178813115772,7.8564736189145625,2.922780334146813,-2.243501427533511,-3.8488668619544377,21.208150401898706
-571.679089645849,266.14380620636507,-7.837456767755243,7.888900414998012,2.940456105343722,-2.2014318019935506,-3.9528867020916825,19.876775044227934
-571.3873179085504,266.2311441340501,-7.741107037959215,7.92108464467001,2.957157342855464,-2.1603225151690673,-4.055168567030559,18.52905372671341
-571.0955461712515,266.32033135863566,-7.654930333636435,7.953012446587594,2.9728855024364913,-2.120139935155654,-4.155808423267879,17.167463891554675
-570.8037744339529,266.41130685776034,-7.578735384918053,7.984670845403491,2.987642208862634,-2.0808520789250418,-4.254898892697192,15.794309338540762
-570.5120026966542,266.5040136750242,-7.512342600431897,8.016047700986826,3.0014287045902637,-2.0424278572706545,-4.352530551785396,14.4117558048483
-570.2202309593555,266.5983949867015,-7.4555704942267145,8.047131526278571,3.014247658808668,-2.0048392031984217,-4.448788942785114,13.02181812395378
-569.9284592220567,266.69439716123173,-7.408246719667176,8.077911759895802,3.026101654569236,-1.9680579459440475,-4.54375772556172,11.626520190262328
-569.6366874847581,266.7919725707183,-7.370220080798787,8.108378700713663,3.0369914898166805,-1.9320570683774316,-4.637519728942471,10.227679645544947
-569.3449157474594,266.8910724292306,-7.341332697136223,8.138522940700241,3.0469198997544864,-1.8968116702431863,-4.730153209251369,8.827012517175786
-569.0531440101606,266.99165110838413,-7.321437494539784,8.168335852001817,3.0558891921157483,-1.862298379815584,-4.821733940412014,7.426168642679972
-568.761372272862,267.093666517311,-7.310398473324031,8.197809495652669,3.063901174297162,-1.828493577102113,-4.912336267150227,6.02671751740784
-568.4696005355634,267.19707401248235,-7.30807313079259,8.226936206646599,3.0709594780529805,-1.795376905852268,-5.002029120218863,4.63012373976651
-568.1778287982645,267.3018334660636,-7.314334562476986,8.25570885404974,3.077066524697804,-1.7629283734321286,-5.090882066431516,3.237803035932054
-567.8860570609659,267.407910165494,-7.329068746372601,8.284121565046592,3.08222406656193,-1.7311276757154201,-5.178962605365968,1.8510751355102357
-567.5942853236672,267.5152657866095,-7.352156723719959,8.312168085514813,3.0864352515598314,-1.6999574784307174,-5.266334657570942,0.47123775653896377
-567.3025135863684,267.62386516711587,-7.383489014408061,8.339842902781456,3.089702872471863,-1.6694013199951796,-5.353060589907684,-0.9005046894409249
-567.0107418490697,267.73367445267286,-7.422961800377572,8.367140928358351,3.0920298095661503,-1.639443765685824,-5.439200624577913,-2.262978298709062
-566.7189701117711,267.8446610651225,-7.470476799045267,8.394057479329923,3.093419032945212,-1.6100702091867272,-5.5248135020322975,-3.615103694471783
-566.4271983744724,267.9567944693877,-7.525936380544654,8.420588186979622,3.0938742637947687,-1.5812681719640462,-5.609954570399154,-4.955810987190362
-566.1354266371736,268.07004230304364,-7.589262226801973,8.446729247041471,3.093397374400688,-1.5530249203337758,-5.694680583676589,-6.284062982388916
-565.843654899875,268.18437601330163,-7.660367074866921,8.47247700333267,3.091992297028597,-1.5253297325189954,-5.779044011205835,-7.598886345844525
-565.5518831625762,268.2997668422763,-7.739169312013785,8.49782817013114,3.0896629916379497,-1.4981739045022793,-5.863095759541738,-8.899345890078692
-565.2601114252775,268.41618748331416,-7.825601008037862,8.522779893236141,3.0864123479031735,-1.4715480940664136,-5.94688628538605,-10.184503600107467
-564.9683396879789,268.5336126115787,-7.91960005859074,8.547329367815228,3.0822431866598206,-1.4454448998479215,-6.030465257135266,-11.453535036416316
-564.6765679506802,268.6520093737362,-8.021091863462713,8.571474343272596,3.0771608783770596,-1.419860074478971,-6.113877254984495,-12.705578179660174
-564.3847962133814,268.77135424051136,-8.130017298555012,8.595212792400934,3.071169511996979,-1.3947886951005215,-6.197167285012156,-13.93981037796404
-564.0930244760827,268.8916247700564,-8.246332877742793,8.618543285558845,3.064271914530758,-1.3702279769785097,-6.280381076378405,-15.155407021025576
-563.8012527387841,269.0127874816775,-8.36997293700364,8.641462999031157,3.056474132653304,-1.3461785097102694,-6.363559085121831,-16.35165320295327
-563.5094810014854,269.1348206823049,-8.500901893709765,8.663971246778786,3.0477795884336834,-1.3226414080311253,-6.446743065176861,-17.527776818427917
-563.2177092641866,269.25769857214516,-8.639064696153941,8.68606654687999,3.0381948652363717,-1.2996192324234048,-6.529970292600343,-18.683063325876244
-562.925937526888,269.3813918911645,-8.78443919707442,8.70774854922927,3.0277230091172562,-1.2771176792719092,-6.613281126629037,-19.81678892703743
-562.6341657895892,269.50587471322206,-8.936981668542703,8.729016186406525,3.0163706803837753,-1.2551421884535312,-6.696711797025375,-20.92827748049602
-562.3423940522905,269.6311193056038,-9.09666037928769,8.74986888275305,3.0041437837371436,-1.2337011621636187,-6.780297540265401,-22.016857121463968
-562.0506223149919,269.75709812792655,-9.263451110760608,8.7703063295936,2.991048085576773,-1.2128040462064105,-6.864073583595084,-23.081850876031535
-561.7588505776931,269.8837800364213,-9.437321069243003,8.790328122763908,2.977091277026932,-1.1924629395433104,-6.94807201251452,-24.122610742323236
-561.4670788403944,270.011135578867,-9.61825266978594,8.809934288689536,2.9622799755723985,-1.1726926097798258,-7.03232474185966,-25.138489022900963
-561.1753071030957,270.1391317640054,-9.80622346437249,8.829125005339066,2.9466223520161696,-1.153511444809572,-7.116860439906371,-26.12885058537375
-560.8835353657971,270.26773582685615,-10.001222417295153,8.847900219645114,2.9301258197645574,-1.1349414157896633,-7.201706627833487,-27.09304092286397
-560.5917636284983,270.3969152679751,-10.20323971183071,8.866260639208422,2.912798902797376,-1.117011714822923,-7.286887770571338,-28.030466422916927
-560.2999918911996,270.5266301527928,-10.412261533596064,8.884206654391965,2.894651371668002,-1.0997559061554323,-7.372423865030153,-28.940488666099284
-560.008220153901,270.656839858182,-10.628279867826308,8.90173890337536,2.875693309396871,-1.0832084867279075,-7.45833598442459,-29.822535460918
-559.7164484166022,270.78750100346844,-10.8512890520921,8.91885812914059,2.855935530199122,-1.0674045060225503,-7.544644666031023,-30.676057197676915
-559.4246766793035,270.91856728313337,-11.081285659650513,8.93556517529708,2.8353896390576647,-1.0523824145452054,-7.631367529362083,-31.500507123895073
-559.1329049420049,271.04998908755255,-11.318268244761486,8.951860971552524,2.814068103762444,-1.0381869037741567,-7.718519019720822,-32.29537527005027
-558.8411332047061,271.1817123288921,-11.562232919333045,8.967746801791073,2.7919849975350184,-1.0248718640654577,-7.806104732258834,-33.06014633125585
-558.5493614674075,271.3136788813192,-11.813185321271943,8.983223243562664,2.7691539675720525,-1.0125034699752185,-7.894126200558441,-33.79433401176256
-558.2575897301087,271.44582560147234,-12.071129715751178,8.998291611767891,2.745590398034014,-1.0011587544623968,-7.982577137063142,-34.497514471087236
-557.9658179928101,271.5780811013312,-12.336064437918974,9.012953113298543,2.721311597205679,-0.9909156028944949,-8.071450056798954,-35.16933464202917
-557.6740462555114,271.7103683316372,-12.607991142381927,9.027208916637093,2.6963357163599055,-0.9818571536882895,-8.16073185316808,-35.809511394021
-557.3822745182126,271.8426003090791,-12.886911964923602,9.04105933616589,2.6706816568011766,-0.9740813492003334,-8.250398225981124,-36.41787723960774
-557.090502780914,271.97468659452767,-13.172822489703917,9.054507085395226,2.644371851542469,-0.967703479325836,-8.340407471655952,-36.994386161680744
-556.7987310436152,272.10652598487627,-13.46572551905969,9.067552250820793,2.6174278564757896,-0.9628576554538493,-8.430712026697215,-37.539073172052
-556.5069593063165,272.2380032358654,-13.765613213515273,9.08019549868193,2.589874133903843,-0.9596912162109564,-8.5212497847124,-38.05214073951671
-556.2151875690179,272.36898638793576,-14.072461934494832,9.092438059425838,2.5617386111839666,-0.9583726643763678,-8.611938551983668,-38.53406982019685
-555.9234158317192,272.4993340665145,-14.38626030673797,9.104279955085103,2.533048477051813,-0.9590975773836884,-8.702680518312299,-38.985577681546715
-555.6316440944204,272.6288857000855,-14.706981787038517,9.115721185835254,2.5038339335252293,-0.9620878919787728,-8.79335668166419,-39.407630383844165
-555.3398723571217,272.7574606512592,-15.034594352144447,9.126761421326037,2.4741267041694943,-0.9676044206500717,-8.883822416593913,-39.801516686110915
-555.0481006198231,272.8848525242195,-15.369038619420758,9.137399279242773,2.4439620723395565,-0.9759458133738506,-8.973908787402069,-40.16887173538461
-554.7563288825244,273.0108310535274,-15.710259674301623,9.147633779993246,2.413375566105391,-0.9874590170393155,-9.06341382136638,-40.511895946897035
-554.4645571452256,273.1351353492683,-16.058183207118763,9.157461431175033,2.382403951325488,-1.0025531071210265,-9.152106292264213,-40.83321935929452
-554.172785407927,273.25746312243183,-16.412707690159046,9.16688002196935,2.351087338217207,-1.0217047862540165,-9.239715176222619,-41.13598544987506
-553.8810136706282,273.3774639515637,-16.77370747794791,9.175884891726076,2.319465994772938,-1.045464457461951,-9.325936958502991,-41.42401290534996
-553.5892419333295,273.4947518123933,-17.141048509482786,9.18446971733564,2.2875791091601574,-1.0744749392571435,-9.410432569770165,-41.70194402728622
-553.2974701960309,273.60886915965204,-17.514560690642277,9.192626887854013,2.255465691674376,-1.109417758138978,-9.492855371396857,-41.975266162460656
-553.0056984587321,273.71930842118275,-17.894045830190823,9.200347242179719,2.223163947046892,-1.1506408193630526,-9.573053086266523,-42.250212860679476
-552.7139267214334,273.82556836301444,-18.279318725604966,9.20761971008347,2.190709372838123,-1.1978109362166816,-9.651250153385083,-42.5324357108513
-552.4221549841347,273.927176578919,-18.67021849067509,9.214431077556654,2.1581350429054384,-1.2505435470951456,-9.72769295253203,-42.82661028423552
-552.1303832468361,274.0236919520288,-19.06659712502293,9.220768009471435,2.1254747661976734,-1.3085188469454345,-9.802579630103002,-43.13646911720885
-551.8386115095373,274.1146928591952,-19.468322071496708,9.226614906550408,2.092761288338773,-1.3715179396621864,-9.87604824129647,-43.46484674271513
-551.5468397722386,274.19976725554875,-19.8752716075241,9.231956090394176,2.0600278985776272,-1.4393757696210008,-9.94819414588883,-43.81389055581529
-551.25506803494,274.2785227665698,-20.28733097928653,9.236775704747888,2.0273099790734763,-1.5120123374097807,-10.01905547784261,-44.18525581389935
-550.9632962976413,274.3505583347963,-20.704397652435,9.241055289782556,1.994641433515444,-1.5893639847475975,-10.08865049092986,-44.58002000034306
-550.6715245603425,274.4154788619516,-21.126358388770388,9.244777263921765,1.9620605408533724,-1.6714282317078588,-10.156943443742833,-44.998932861641734
-550.3797528230439,274.47288520252675,-21.553100538376466,9.247925285254748,1.9296087403160933,-1.758222873189931,-10.223866244065574,-45.44271844460258
-550.0879810857451,274.52237507721213,-21.984503777086697,9.25048126759459,1.8973299267014725,-1.8497861590829705,-10.289319463464183,-45.91160943520594
-549.7962093484464,274.5635316029054,-22.42043831326645,9.252427558178882,1.8652713883072527,-1.946178751549834,-10.35316639364541,-46.405767189743536
-549.5044376111478,274.59593264029775,-22.860766229029473,9.253745941941528,1.8334840528546454,-2.0474738425379737,-10.415240803997555,-46.92523487796641
-549.2126658738491,274.6191477861706,-23.3053357099224,9.254418744399837,1.8020237591382684,-2.1537550124986793,-10.475341806663526,-47.470051858451065
-548.9208941365503,274.6327286994915,-23.75398129135903,9.254427420120013,1.7709496985147122,-2.265113742429438,-10.533239408653387,-48.03997791186043
-548.6291223992516,274.63621807920777,-24.206510625033527,9.253754947635953,1.7403278863869003,-2.381637797147592,-10.588674156712383,-48.63458434847901
-548.337350661953,274.6291450891144,-24.662721275027845,9.252383277319028,1.710227928307609,-2.5034146223199985,-10.641362412779019,-49.25320030783355
-548.0455789246541,274.6110249040965,-25.1223811937897,9.25029505919568,1.6807255362606708,-2.63052761287971,-10.690991632865702,-49.89484935231991
-547.7538071873555,274.5813611389908,-25.58523454680894,9.247473802102673,1.6519023592646591,-2.7630519496323864,-10.737224578811952,-50.55813344199715
-547.4620354500569,274.5396434686125,-26.05100048379171,9.24390310168435,1.623845139805501,-2.9010544840012997,-10.779697069251567,-51.241226898405486
-547.1702637127581,274.48535377051866,-26.519362393404695,9.2395687346632,1.5966479681614016,-3.0445809736291354,-10.818019424572066,-51.94170029767465
-546.8784919754594,274.41795811408343,-26.989988343738425,9.234454728216129,1.5704073546915445,-3.1936623999711546,-10.851774420743197,-52.656426893991494
-546.5867202381608,274.336917679828,-27.46249898455094,9.228549056205168,1.5452280881153386,-3.3483017787710043,-10.880513968787811,-53.381589128530436
-546.294948500862,274.2416911220848,-27.936480301002803,9.22184049906982,1.521219585890316,-3.508472894776845,-10.90376560774789,-54.112345726150416
-546.0031767635633,274.1317239289853,-28.411491780376004,9.21431861256433,1.4984936652536638,-3.6741199412055714,-10.921029865369759,-54.84292761009444
-545.7114050262646,274.00646687953497,-28.887045642732275,9.205976270724443,1.4771671946111289,-3.84513862062832,-10.931790083299557,-55.566698212404475
-545.419633288966,273.865380360271,-29.36261286873286,9.196809421544485,1.4573602870542903,-4.021373413235065,-10.935512244607569,-56.275972054807134
-545.1278615516671,273.7079277971627,-29.837627105942083,9.186815495899689,1.4391923939345102,-4.202620468108162,-10.931652043732617,-56.9621296087676
-544.8360898143685,273.5335841384307,-30.311483153738635,9.175995846954518,1.4227826565237265,-4.3886132129303235,-10.919658381490505,-57.61558060676452
-544.5443180770699,273.3418547086408,-30.783523970718704,9.164355150060704,1.4082480997259619,-4.579009407634628,-10.898973940148673,-58.225955271171905
-544.2525463397711,273.13226833881015,-31.253060539456822,9.151901886450409,1.3957006279131996,-4.773388221197176,-10.86904272305025,-58.78226259206418
-543.9607746024724,272.9044057828932,-31.719347933880844,9.13865046604213,1.3852470365164473,-4.971226311811795,-10.829320280087225,-59.27314069371663
-543.6690028651738,272.65787345190427,-32.1816204302709,9.124615760987428,1.376980300165821,-5.171906721710143,-10.779280697651517,-59.68712156748252
-543.377231127875,272.3923569028062,-32.63906130534134,9.109819327027045,1.3709839898159377,-5.374691782583931,-10.71843924267636,-60.01286575167093
-543.0854593905763,272.1076180816477,-33.09082184772645,9.094286951553542,1.367326996283612,-5.578726511074997,-10.646375119701087,-60.23964852661345
-542.7936876532776,271.80350267946426,-33.53602223470812,9.078047738531168,1.366059907849205,-5.783050954197041,-10.562767073042435,-60.35768338532532
-542.5019159159789,271.4799490485138,-33.97377611251818,9.061134346554606,1.3672144994628914,-5.986620667495754,-10.467417800446373,-60.35848608084304
-542.2101441786803,271.13701629910173,-34.403175675133056,9.04358367995743,1.370802423253497,-6.188331190589534,-10.360291751305535,-60.2354650872896
-541.9183724413815,270.77487780107936,-34.82332875157019,9.0254352947243,1.3768144783589826,-6.38706389120529,-10.241530079133728,-59.983882996619094
-541.6266007040829,270.39381297999097,-35.2333592046229,9.006729362392292,1.385218105509809,-6.581737089288606,-10.111455122909993,-59.60120737450837
-541.3348289667841,269.99422677561284,-35.63243203194656,8.987508845981827,1.3959623749170953,-6.771333215066749,-9.970573881998892,-59.08711872962391
-541.0430572294854,269.57662702062277,-36.01975042495823,8.967816757119069,1.4089756230560715,-6.954944929654482,-9.81955108948513,-58.443415522601754
-540.7512854921868,269.1416262555427,-36.39458511589815,8.947698502692345,1.4241719317394792,-7.131783338336112,-9.65918306452535,-57.67350801062721
-540.459513754888,268.6899265899523,-36.75627568044169,8.927197270481877,1.4414501971551588,-7.301195514422601,-9.490359304249603,-56.782264065404256
-540.1677420175893,268.2223024975222,-37.104233046235514,8.906356264350485,1.4606983122821076,-7.462657244574184,-9.31402605054209,-55.77552049779002
-539.8759702802906,267.73958720987343,-37.437947653720315,8.8852167113941,1.4817958196300316,-7.615761721683206,-9.13115267570022,-54.65972690095283
-539.5841985429919,267.24266732588643,-37.75698779307734,8.863820028034338,1.5046181441872684,-7.760199000267236,-8.94271580882957,-53.44165496744128
-539.2924268056933,266.732480102215,-38.06099723405521,8.842205568295565,1.5290377855821349,-7.895749318325476,-8.749679292356326,-52.12825761274118
-539.0006550683945,266.20999397321333,-38.3496960163001,8.820411398513713,1.5549273225318578,-8.02227092393303,-8.552982677452482,-50.72659900071606
-538.7088833310958,265.67619744942914,-38.62287594422571,8.798473723322765,1.5821609507161798,-8.139695737162812,-8.353529655598622,-49.243771772551504
-538.4171115937971,265.1321138653013,-38.8804024282864,8.776427910266355,1.6106171354321057,-8.248017598533014,-8.152189161941907,-47.68686607343918
-538.1253398564984,264.578763913183,-39.12220090744295,8.75430722137526,1.6401779284037858,-8.347290573569806,-7.949778327188699,-46.06299352206846
-537.8335681191998,264.0171660944783,-39.34825959038181,8.732142772634385,1.670730897982867,-8.437611308327977,-7.747056175439575,-44.378957804164486
-537.541796381901,263.448348048029,-39.55862758725901,8.709964435977737,1.702170107735831,-8.519109494584836,-7.544734412681652,-42.64153853739274
-537.2500246446023,262.87332435254837,-39.75339935670097,8.687800077949818,1.7343947890162006,-8.591937933795299,-7.34346176592543,-40.857245491361006
-536.9582529073036,262.29310345426796,-39.93272125686993,8.66567609096701,1.767310829244692,-8.656254052175527,-7.143838175816673,-39.03229905038907
-536.666481170005,261.70867259151606,-40.09677558978572,8.643616043888432,1.8008288865504751,-8.712208804231956,-6.946414267622263,-37.17275763850785
-536.3747094327061,261.12102097976566,-40.24579572228434,8.621643954927972,1.8348669998782008,-8.759950877012562,-6.751705842009556,-35.28470149802758
-536.0829376954075,260.53112225699476,-40.38005266257331,8.599780706284571,1.869347822335249,-8.799612734462176,-6.56019437801201,-33.37410589906689
-535.7911659581089,259.9399272859077,-40.49984034449677,8.578045494819058,1.9041975803417484,-8.83128682938661,-6.372347037789943,-31.44709626014792
-535.4993942208101,259.34838197229476,-40.60548785130154,8.556455144528446,1.9393464477175897,-8.855043095015548,-6.1886237512608355,-29.510085146422217
-535.2076224835114,258.7574226790928,-40.69736845828039,8.535025511810977,1.9747299082075196,-8.870898271394157,-6.009489900051721,-27.569776144219293
-534.9158507462128,258.1679876231321,-40.775884619937486,8.513769625466526,2.0102851387694094,-8.878817225186097,-5.835444330519223,-25.633304593976092
-534.624079008914,257.58101245969647,-40.84146988891313,8.492698739144938,2.045951281778626,-8.87868219602531,-5.667012313520337,-23.708418603942224
-534.3323072716153,256.9974465141318,-40.89460641195159,8.47182058498552,2.0816694001807234,-8.870260513954557,-5.504789084767023,-21.80338013255765
-534.0405355343166,256.41826201464727,-40.93582607356968,8.451141703188044,2.117381798133245,-8.853249107912513,-5.349420815420226,-19.9273325910032
-533.7487637970179,255.8444517110521,-40.965704639530365,8.430664688830953,2.153029737637785,-8.82757065374243,-5.201360014067023,-18.089858614321663
-533.4569920597191,255.27694759179752,-40.98481288546999,8.41038933289939,2.1885533491861096,-8.793974478701946,-5.060412697787627,-16.300131951300266
-533.1652203224205,254.71658751633706,-40.993697305254635,8.390312537696015,2.223892688764764,-8.753348600911634,-4.926242659106671,-14.5658210627649
-532.8734485851219,254.16410755496054,-40.99288267227394,8.370429562155701,2.2589901161293184,-8.706531349010776,-4.798523391570441,-12.893010304108069
-532.581676847823,253.62014616992113,-40.982861572624664,8.35073342991511,2.2937899248106013,-8.654260065264133,-4.6769638348813025,-11.286217125683619
-532.2899051105244,253.0852657160911,-40.96408605587876,8.331216499649633,2.328237364129288,-8.597173619288037,-4.5612996991940395,-9.748834784232933
-531.9981333732258,252.5599491016744,-40.93700685153578,8.3118693617936,2.3622833066222055,-8.535838918152077,-4.451296268616274,-8.282993416368354
-531.706361635927,252.04462059583136,-40.902033321633134,8.292682319480594,2.3958795947068605,-8.470742909013582,-4.346730961593324,-6.890092227251699
-531.4145898986283,251.5396324969208,-40.85957892039223,8.273645318151353,2.4289848850058267,-8.402316606134374,-4.247401839789591,-5.570609209629693
-531.1228181613296,251.045305384048,-40.810016867049164,8.254747414143035,2.461557443818932,-8.3309308494055,-4.153113787269831,-4.324571451895769
-530.8310464240309,250.5619048086752,-40.75370878784788,8.235978745726154,2.493560372289912,-8.256914666362071,-4.06368362796577,-3.1516024374715434
-530.5392746867321,250.08966532138064,-40.69100608278125,8.217328385879952,2.5249594011107837,-8.180550714536654,-3.978937032106342,-2.0508470978939974
-530.2475029494335,249.62878160120192,-40.62223809667897,8.198785996950887,2.5557230561382327,-8.102089528092783,-3.898703106223812,-1.0212581610693803
-529.9557312121349,249.17942480285686,-40.54771992849636,8.180341140144538,2.585821896650373,-8.021749358099761,-3.822821137145393,-0.0615780312508372
-529.663959474836,248.74173766464267,-40.46775437408073,8.161983919791783,2.6152292435261084,-7.939724438822425,-3.7511382792014323,0.829546321884045
-529.3721877375374,248.31583348862105,-40.382626847517095,8.143704443356894,2.6439208285276967,-7.856181432799886,-3.6835073233395237,1.6535816411388538
-529.0804160002388,247.90180879854591,-40.29261942139978,8.125493813195598,2.6718749233481174,-7.771267019393286,-3.6197859784442716,2.4120590244564175
-528.7886442629399,247.49974743957202,-40.197990851232994,8.107342623191196,2.699070196434229,-7.685114680770966,-3.559833041841573,3.106490019101342
-528.4968725256413,247.10970236961333,-40.09899511487766,8.089242279888344,2.725488997156232,-7.5978452308518065,-3.5035147340098263,3.7385124825965255
-528.2051007883426,246.73173905521574,-39.9958638700948,8.071184088020912,2.7511119642317126,-7.509558555397407,-3.4507038633929636,4.309578637634607
-527.9133290510439,246.3658879487705,-39.888829325018584,8.053160104254289,2.77592412879068,-7.420336097041862,-3.401284426581135,4.82143198167781
-527.6215573137451,246.0121762614686,-39.77810983799463,8.035162617457866,2.799910876774675,-7.3302593373196725,-3.35513647162158,5.27552720533565
-527.3297855764465,245.67062184682774,-39.66391363836912,8.017184248563213,2.823058777617241,-7.239395546939688,-3.3121463520382397,5.673392755963642
-527.0380138391478,245.34123587751282,-39.546438703896236,7.999217644394655,2.845355273071039,-7.14780372383312,-3.272204657113471,6.016594507300745
-526.746242101849,245.0240222000317,-39.4258745364071,7.981256651859756,2.8667889958442117,-7.055535392658545,-3.2352060106316674,6.306659212376098
-526.4544703645504,244.71897229705988,-39.302404032625816,7.963294942542916,2.8873501626715665,-6.962634688339517,-3.2010497502770425,6.545136523433541
-526.1626986272518,244.42608190828878,-39.17619836073962,7.945326432806321,2.9070287209750805,-6.869135129740808,-3.1696389884665264,6.73357039234953
-525.8709268899529,244.14533955674244,-39.047422137696735,7.9273455656333915,2.9258157828010773,-6.775066035264043,-3.1408818784168213,6.873487704866117
-525.5791551526543,243.87673059747084,-38.91623243920794,7.909347158888936,2.9437031416482715,-6.680450505124049,-3.114688103683568,6.966416352867023
-525.2873834153556,243.6202388497249,-38.78277982001085,7.891326482520197,2.960683159299248,-6.58530666891325,-3.090972938523679,7.013897197031853
-524.9956116780569,243.3758468075112,-38.64720465658529,7.873279028923469,2.97674853260821,-6.4896457676118295,-3.069650744779947,7.017361022418871
-524.7038399407581,243.14352949996186,-38.50964565718876,7.8552006986514415,2.9918933367452727,-6.393478372866833,-3.0506410206783086,6.978339381646235
-524.4120682034595,242.92326932651596,-38.37023152323843,7.837087893730277,3.0061111364249102,-6.296806446978075,-3.033867614156834,6.898352398258789
-524.1202964661608,242.71504060999752,-38.22908567492746,7.818937362834738,3.0193967416070104,-6.199629871245483,-3.0192561389339274,6.778934574845859
-523.828524728862,242.51883349842475,-38.086326228920214,7.800746228664706,3.0317437803127274,-6.101941728136384,-3.006736776367417,6.621539011767573
-523.5367529915634,242.33462562633747,-37.94206889373818,7.782512111275172,3.043147681373511,-6.003734280381114,-2.9962409235107597,6.427743243858315
-523.2449812542646,242.16239265855563,-37.79641160088616,7.764232853257044,3.0536039761932154,-5.904996280314566,-2.9876986336839146,6.19907783179895
-522.953209516966,242.00212513148355,-37.64946258391843,7.7459068875426915,3.0631077247744827,-5.8057117056758845,-2.981048746730807,5.937062566863742
-522.6614377796673,241.85381111773793,-37.50131748498976,7.727533280821662,3.0716543522756554,-5.7058612906186434,-2.976228566999058,5.643248921080895
-522.3696660423686,241.7174318885464,-37.352063543691315,7.709110655994395,3.0792402199575593,-5.605425840465239,-2.973176784426564,5.319223188089992
-522.0778943050699,241.5929756968709,-37.201795495304594,7.690639239483338,3.085861899630516,-5.504382268445225,-2.9718349399869433,4.9665607033046975
-521.7861225677711,241.48043880640108,-37.0505925062903,7.672119041257359,3.0915151151258082,-5.402703121699172,-2.972146607639977,4.5868496399424865
-521.4943508304725,241.37981977625103,-36.898535566594525,7.653550789017163,3.0961959946029505,-5.300358727471206,-2.9740575203031385,4.181698656198722
-521.2025790931739,241.2911121655561,-36.74569384143814,7.634935345592731,3.0999013488243032,-5.1973188983273975,-2.9775130608189317,3.752729193578243
-520.910807355875,241.21432094190757,-36.59214013851874,7.616274395741387,3.1026274915153653,-5.093549636018905,-2.9824623968363038,3.3015877855978952
-520.6190356185764,241.14945186802422,-36.43794090862493,7.597570005793094,3.104370990754614,-4.989014393615705,-2.988855615306885,2.8299593324311814
-520.3272638812778,241.09651927017012,-36.28315869049267,7.578824754385746,3.105127942236691,-4.883673495819081,-2.9966442022077517,2.339537008830482
-520.0354921439789,241.05552226693354,-36.12785640923069,7.560041727805471,3.1048965582475607,-4.7774896523203,-3.005779383032635,1.8320768891946386
-519.7437204066803,241.02648729815496,-35.9720868151923,7.541224709654831,3.1036724452942797,-4.670417757858288,-3.016216110742774,1.3093464335883997
-519.4519486693815,241.0094473880295,-35.81589729115951,7.522377727085661,3.1014508988526717,-4.562411860872592,-3.0279099506921363,0.7731224357747614
-519.1601769320829,241.0044085675052,-35.65934183024516,7.50350537036294,3.0982307117876458,-4.453428964742674,-3.0408143215537726,0.22522496463340758
-518.8684051947841,241.01140776672804,-35.502465895051785,7.484613103081802,3.0940077292831827,-4.343418728127076,-3.054887162453065,-0.3324230495206911
-518.5766334574855,241.03048145691398,-35.34530889948894,7.465706516423615,3.088778201845949,-4.232330880611606,-3.070086347295199,-0.897923868661554
-518.2848617201868,241.06165601372467,-35.18791737110797,7.446792907069342,3.0825400589815466,-4.12011613840096,-3.0863682267970076,-1.4692276770649033
-517.993089982888,241.1049835753354,-35.03032665797549,7.427878958338825,3.0752887698290277,-4.006718483520681,-3.103692762936148,-2.0443302702208794
-517.7013182455894,241.16051088878945,-34.87257059779566,7.408972412307479,3.0670208057713784,-3.8920830869809664,-3.122019013367871,-2.6211518922866635
-517.4095465082908,241.22829331010794,-34.71467827403135,7.3900819365036305,3.0577320952587215,-3.7761522468173068,-3.141307784192017,-3.197554207203855
-517.1177747709919,241.30838178228322,-34.55668035966276,7.371216677568879,3.0474195168379334,-3.6588687048698825,-3.1615183140238154,-3.771267788559756
-516.8260030336933,241.40083290758912,-34.39860494863251,7.352386366467347,3.036079753682692,-3.5401743048431684,-3.182610373829925,-4.339980811877319
-516.5342312963946,241.50572069612625,-34.240468311564676,7.333602322358053,3.023707846871891,-3.4200037865562054,-3.2045449348177573,-4.901373848742164
-516.2424595590959,241.62310536266205,-34.08230190059266,7.314875296100591,3.0103010383841946,-3.2982992923531222,-3.2272825553637556,-5.452890275212844
-515.9506878217971,241.75305875199672,-33.924122343970275,7.296217601101522,2.99585547377965,-3.17499716946454,-3.250783347839274,-5.992006586001919
-515.6589160844985,241.89566067708284,-33.76594453856842,7.277642794701402,2.9803668064736604,-3.050030964340844,-3.2750081991680715,-6.516058564772353
-515.3671443471998,242.0509997305972,-33.60777974442498,7.259164248200161,2.9638302125035527,-2.9233344826173195,-3.299918966372009,-7.022293773454407
-515.075372609901,242.21914952101807,-33.44964446591566,7.2407975026549005,2.9462427638517346,-2.794842476927785,-3.3254728421854884,-7.507823506532174
-514.7836008726024,242.4002076503397,-33.291545122230055,7.222557930223885,2.927599374752342,-2.66448715726478,-3.35163136610255,-7.969631684845871
-514.4918291353036,242.59426552766635,-33.133497222201676,7.204462860542661,2.907895962955209,-2.5321997611464995,-3.378354593936182,-8.404580550280395
-514.2000573980049,242.8014321718661,-32.97550173006875,7.18652961371424,2.887126914271936,-2.3979091504829233,-3.405602304140181,-8.809428932719578
-513.9082856607063,243.02179798640202,-32.817567148894305,7.168777012723222,2.865288927281771,-2.2615496523476195,-3.4333321751997294,-9.180735398446439
-513.6165139234076,243.25544951669644,-32.659686658950264,7.151225576861687,2.8423791630088875,-2.1230539394869448,-3.461501833389821,-9.514890947912882
-513.3247421861088,243.5025355491568,-32.50186839408687,7.133896100922313,2.8183889541871983,-1.9823455319817755,-3.490071956959129,-9.808138428912457
-513.0329704488101,243.7631390105985,-32.344110273600435,7.116811169738269,2.793316553227865,-1.8393606204055952,-3.5189963850408317,-10.05655388596385
-512.7411987115115,244.03736425514268,-32.186411794927395,7.099994262616204,2.767158364627917,-1.6940311253946465,-3.548233235609329,-10.255981098377866
-512.4494269742128,244.3253553455432,-32.02876406156351,7.083470750221445,2.7399068357354825,-1.5462834238560592,-3.577739997345651,-10.4020374963698
-512.157655236914,244.62720600578524,-31.871161945318782,7.067266819848316,2.7115600123274257,-1.3960555483520762,-3.6074704161088684,-10.490169483356047
-511.8658834996154,244.94303943554746,-31.713600255793715,7.0514106693187175,2.6821130793790395,-1.2432803316622147,-3.637380145051768,-10.515510556635581
-511.57411176231665,245.27299364211498,-31.556067600399455,7.035931455765195,2.6515601071177386,-1.0878897693715242,-3.667426246728652,-10.472928603187578
-511.28234002501796,245.61718752070695,-31.398565773938472,7.020860232005434,2.6198974285381884,-0.9298219170175928,-3.697562226735693,-10.357038601671428
-510.99056828771927,245.97571994342377,-31.241072659520302,7.00623015225741,2.5871234484022745,-0.7690213887282302,-3.7277404802725327,-10.162127518586601
-510.6987965504205,246.34873810608323,-31.083586666544665,6.992075298251634,2.5532323814030957,-0.6054263541537479,-3.7579173428764814,-9.882079190082738
-510.40702481312184,246.73635250657614,-30.92609464487667,6.9784323607522625,2.518222247679818,-0.43898518712267903,-3.7880467956594304,-9.510463240662691
-510.11525307582315,247.13871161806534,-30.76858945210606,6.965340103706735,2.4820876936391874,-0.26964312488456266,-3.8180850152983012,-9.040389100213321
-509.82348133852446,247.55590454936674,-30.611057100227615,6.95283910494245,2.4448297920929405,-0.09736122229977076,-3.8479854037295715,-8.464594827050176
-509.5317096012257,247.98806461171876,-30.4534852502636,6.940972165253105,2.4064458124857877,0.07790307665498246,-3.8777068932233067,-7.775297146382479
-509.2399378639271,248.43530402267697,-30.29587589636356,6.929784926594976,2.366935621384447,0.2561832436472277,-3.907204342364818,-6.9641319637776755
-508.94816612662834,248.8977371078189,-30.138217366870805,6.91932517142912,2.326299774905027,0.4375058170485205,-3.9364388656631193,-6.022197506350306
-508.65639438932965,249.37547314980065,-29.980506218092508,6.909643711579386,2.2845401677843116,0.621889323543947,-3.9653717368905332,-4.939951843901794
-508.36462265203096,249.8685992916668,-29.822734812114206,6.900793611969044,2.2416622364771923,0.8093391438039303,-3.993967256574264,-3.707118157372504
-508.07285091473227,250.37722734062086,-29.664905967355637,6.892832002581964,2.197670115454381,0.9998555699702156,-4.022195383068978,-2.3126356026861976
-507.7810791774335,250.9014594905347,-29.50703418226586,6.8858190674117195,2.1525707469590625,1.1934255744292086,-4.050025969783047,-0.7444957432096083
-507.4893074401349,251.44135784689854,-29.3491179768904,6.879818293101022,2.1063771724999762,1.3900145703602906,-4.077435560812012,1.0101202610566233
-507.19753570283615,251.9969866599573,-29.191178354616355,6.874897288144858,2.059104756015602,1.5895737582952607,-4.104407279805068,2.9651134146791307
-506.90576396553746,252.56841354584708,-29.033234425343977,6.87112767642602,2.0107720497309436,1.7920364351168314,-4.1309309358429855,5.135637237137906
-506.61399222823877,253.15566661449623,-28.875313969371977,6.86858593630734,1.9614051778134272,1.9973065125511502,-4.157003579514131,7.538070366962792
-506.3222204909401,253.7587835430596,-28.71745512286241,6.867353096496789,1.9110348210296961,2.2052618790029213,-4.182634022796398,10.190255676810825
-506.03044875364134,254.37775104700523,-28.55970645241883,6.8675154534260745,1.85970264424521,2.415736111607633,-4.207841101701478,13.111478173637673
-505.7386770163426,255.01256847462744,-28.402122426286667,6.869165690296956,1.8074570618496333,2.6285233826792886,-4.232662989678919,16.322824950727856
-505.44690527904396,255.6631926550917,-28.244775866589887,6.8724019444590425,1.7543607792710418,2.8433522601453296,-4.2571534721204465,19.84712554821551
-505.1551335417452,256.3295244500368,-28.087762559771615,6.877329079410568,1.70049377670405,3.0598633294246897,-4.281390482215586,23.70905343036735
-504.8633618044465,257.011447165855,-27.931177186915825,6.884059590322345,1.6459534149193447,3.2775908861192877,-4.305485167087405,27.935210219388843
-504.57159006714784,257.7087890636118,-27.77515789597151,6.892714388307415,1.5908607399508032,3.495917865834857,-4.329582930181952,32.55416585981146
-504.27981832984915,258.4212967215653,-27.619854494457222,6.903421033694798,1.535369350028102,3.7140154250848023,-4.353880236951306,37.596086626373236
-503.9880465925504,259.14864921481836,-27.465455322695902,6.916316744072415,1.4796683021721095,3.930771276546304,-4.3786353779245815,43.09267807436769
-503.6962748552518,259.89037988677075,-27.312181910598134,6.931547107143058,1.4239960247478878,4.14467884122188,-4.404176068249194,49.075763964199346
-503.404503117953,260.6458550857811,-27.160297563678217,6.949264886052108,1.368650799797359,4.353710695405607,-4.430928323821112,55.5762774691916
-503.11273138065434,261.41428838824623,-27.010124550099928,6.969633810319085,1.3139960460185667,4.555166139982221,-4.459428789425818,62.62214775617025
-502.82095964335565,262.1945633460281,-26.862046969244776,6.992821363223123,1.2604854472043456,4.745501834540537,-4.490326686150644,70.23338472897689
-502.52918790605696,262.9852221630145,-26.71651365428013,7.018997255718309,1.208671558665643,4.920198860157527,-4.524392632374243,78.4170917964047
-502.2374161687582,263.7843759207427,-26.574058890871108,7.048329659805628,1.1592155298872067,5.073688761096879,-4.562473009880084,87.1597434365919
-501.9456444314596,264.58960851180365,-26.435306282712467,7.080976087637106,1.1128927056073097,5.199445180492085,-4.6054076742788235,96.4176804656461
-501.65387269416084,265.39790131058976,-26.300943547698775,7.117072234699967,1.070585215561323,5.290268526755982,-4.653907256224703,106.10646461383034
-501.36210095686215,266.20562647324044,-26.171727873702338,7.156719300085942,1.0332519899213959,5.338849644405279,-4.7083551308681075,116.09292797889883
-501.07032921956346,267.0085441544509,-26.048420143709677,7.199965850459273,1.0018804329315718,5.338575221084769,-4.7686059684270825,126.19037853970985
-500.7785574822647,267.80197010724413,-25.93174958345555,7.246795125089391,0.9774045954536724,5.284465362713061,-4.833825481816157,136.16335646301945
-500.486785744966,268.5809144118931,-25.82234696951992,7.2971109891276,0.9606090908588857,5.174107013053995,-4.90243393087143,145.7424228194563
-500.19501400766734,269.3404053078988,-25.72067686794227,7.350732548661686,0.9520297850054353,5.008586372701302,-4.972366735657442,154.65164483844418
-499.90324227036865,270.0757785078621,-25.627013505746294,7.40739345372069,0.9518784754746441,4.793204317094584,-5.041569384920364,162.6431561975884
-499.61147053306996,270.7831046307664,-25.541443349044282,7.466764782682597,0.9600113774920748,4.53635552836506,-5.107883114542558,169.5337299427652
-499.3196987957712,271.4593055983473,-25.463855290363046,7.528471976078381,0.97595836451041,4.248309483604516,-5.169349768789002,175.22877003386688
-499.0279270584725,272.10230952566855,-25.393964568623787,7.592125314089374,0.9989979596781726,3.9398542955541047,-5.224536848033682,179.72474495212813
-498.7361553211739,272.71101698052576,-25.331361910335342,7.657347382415143,1.028254431486322,3.620925247558673,-5.272641957085802,183.0919991675173
-498.4443835838751,273.2851436710095,-25.275570441952414,7.72378799491387,1.0627926938646362,3.29982902549014,-5.31347083772643,185.4456055621775
-498.15261184657646,273.825072489536,-25.226084215108884,7.791134918595197,1.1016968533928595,2.9828455020412297,-5.347289907689049,186.91798953534465
-497.8608401092778,274.3316686135663,-25.182411043707987,7.859118938455639,1.144119439219692,2.674342553427299,-5.374649009014753,187.63965212879305
-497.56906837197903,274.806099477609,-25.144086577087187,7.927508367884215,1.189307141143248,2.377093697289617,-5.396219274235536,187.72861608461295
-497.27729663468034,275.24971852363586,-25.110687867229153,7.996107571954727,1.2366092128934585,2.092647028340454,-5.412686902437698,187.28667832484183
-496.9855248973817,275.6639653272322,-25.081826163110755,8.064749094138596,1.2854745715245397,1.8217129460723895,-5.424692355597198,186.4001052103322
-496.6937531600829,276.05030502378503,-25.05715225209824,8.13329052615556,1.3354422523751353,1.5644239218566331,-5.432819805558465,185.14125626631304
-496.4019814227842,276.41018332353906,-25.036347247525118,8.20161099289176,1.3861300564041679,1.3205367251650473,-5.437579421821256,183.57093254145133
-496.1102096854856,276.74500450375746,-25.019129136655927,8.269607980814008,1.4372228352256102,1.0895776659864016,-5.439418669728459,181.73944990291145
-495.8184379481868,277.05610399125226,-25.00523204060259,8.337193139777511,1.4884610995265,0.8709367968790194,-5.438711952337174,179.68916363766368
-495.52666621088815,277.3447513927521,-24.994424787155776,8.404291669252732,1.5396317016507626,0.6639321949234023,-5.435798360800975,177.4554242777106
-495.23489447358935,277.6121491740894,-24.98648612669152,8.470838103825706,1.5905607195259057,0.46786625716697217,-5.430963761983032,175.06804095470693
-494.9431227362907,277.85942085281687,-24.98122446795744,8.536777709945735,1.6411047669427248,0.2820329639189249,-5.424465943214931,172.55223032127518
-494.65135099899203,278.0876194090425,-24.978450228483652,8.602062539741945,1.6911469218568538,0.1057521462193542,-5.4165167586149945,169.92886195261923
-494.3595792616933,278.2977289602193,-24.978002939966085,8.666651368342952,1.7405905981853145,-0.06163583201135497,-5.407312301129246,167.21575417234988
-494.0678075243946,278.4906595402954,-24.979727655240282,8.730508948545394,1.789356122223548,-0.2207548215674218,-5.3970195135904255,164.42774054490127
-493.77603578709596,278.66727322876113,-24.983484487036314,8.793604063449562,1.8373791393274577,-0.37218671210551085,-5.38579425274981,161.57792755068823
-493.48426404979716,278.8283610281162,-24.989140477573375,8.855910531096312,1.8846060694944184,-0.5164820462105877,-5.373761531700087,158.6768437765134
-493.19249231249853,278.97466787403204,-24.996577420925114,8.917404980589291,1.9309932995613772,-0.6541462261348616,-5.361043917544409,155.73393557408957
-492.90072057519984,279.10689099314953,-25.005680695216665,8.978068131565278,1.9765062508903088,-0.7856510722482682,-5.347742291781837,152.75727187485967
-492.6089488379011,279.2256723928112,-25.016346019126555,9.037882480005708,2.0211154441617127,-0.9114349058582469,-5.333948673886454,149.7535293058582
-492.3171771006024,279.33161359967676,-25.028478760758595,9.096833262880548,2.0647973263926933,-1.031905142476617,-5.319746340259371,146.7285827809943
-492.0254053633038,279.42527441322954,-25.041989206018794,9.154907457228733,2.1075326959404785,-1.1474373101270672,-5.305206058046545,143.68736493955953
-491.733633626005,279.5071824736023,-25.05679180235498,9.212094212121814,2.1493070637062996,-1.258378196496844,-5.2903918976169475,140.6342712909452
-491.4418618887063,279.57782960491215,-25.0728068268212,9.268384319292124,2.190109054817824,-1.3650484873957855,-5.275360916430982,137.573086269454
-491.15009015140765,279.6376655632497,-25.08996820735635,9.323769033850828,2.229927966840934,-1.4677489613122459,-5.260161153765656,134.50685429249287
-490.85831841410885,279.6871201584897,-25.108201368546343,9.378241074756412,2.2687571814708916,-1.566753279803374,-5.244835655508661,131.43834692581075
-490.5665466768102,279.72659778371457,-25.12744755760289,9.431795269510594,2.306592360120393,-1.662318356276386,-5.229426887432097,128.37010463966553
-490.27477493951153,279.7564670498624,-25.147641800807122,9.484426044868588,2.343429315483529,-1.754681836041967,-5.213965438643402,125.3039867388031
-489.9830032022128,279.7770815711219,-25.168728263528617,9.53612894703029,2.379266093452911,-1.8440637932206636,-5.198481265876565,122.24176895209433
-489.6912314649141,279.7887656784977,-25.190657049222025,9.58690132481614,2.414101778029929,-1.930671286827361,-5.183001587787507,119.18499359844338
-489.39945972761546,279.79183577023935,-25.213373748023002,9.636740292077517,2.447937509562183,-2.014692025675221,-5.167548208967745,116.1350028543153
-489.10768799031666,279.78657104734555,-25.236835209422843,9.68564236962123,2.4807722389873144,-2.0963075292752644,-5.152142401180618,113.09274519647755
-488.81591625301803,279.7732460658205,-25.260993338773318,9.733606528650451,2.51260867683994,-2.17568134529388,-5.136800121805628,110.05919753020022
-488.52414451571934,279.75210982990535,-25.285809268974877,9.78063051084746,2.5434477959444273,-2.2529711802125627,-5.121537078156774,107.03502410274183
-488.2323727784206,279.7233999499806,-25.31123648002245,9.826713540214897,2.5732927095563967,-2.328320410267134,-5.106364872625654,104.02087697389301
-487.9406010411219,279.68734898045176,-25.33724298683935,9.871855116585193,2.602147385025561,-2.4018621314833672,-5.091296897459686,101.01726896346166
-487.6488293038233,279.64415680777176,-25.363789462540538,9.916054255055304,2.6300141014400618,-2.473725230341129,-5.076341772033039,98.0245414177351
-487.35705756652453,279.59402985875465,-25.39084079448627,9.959311111807416,2.656897925695602,-2.544026760993412,-5.061506959575625,95.043036409907
-487.0652858292258,279.5371436371192,-25.418364037276998,10.001624888095831,2.6828014754177705,-2.6128803391765474,-5.046800163723779,92.07291075908356
-486.77351409192715,279.4736775013276,-25.44632450640233,10.042995602763783,2.7077296665955215,-2.6803891747480058,-5.032226467020598,89.11427314952252
-486.4817423546284,279.4037865918428,-25.474696569786822,10.083423744013816,2.7316863030603957,-2.7466537165449316,-5.017791050026773,86.16724485346164
-486.18997061732966,279.3276245548581,-25.503449165242714,10.122908984148669,2.754675702647485,-2.8117661820164845,-5.003497549635767,83.23177240926033
-485.89819888003103,279.2453389371587,-25.532552401743985,10.161452261302445,2.7767035530727964,-2.8758132550598736,-4.989348932705703,80.30785763141252
-485.6064271427323,279.15706087742177,-25.56198040830844,10.199053553355382,2.7977740642938946,-2.9388780295188566,-4.975347982473067,77.39538440378907
-485.31465540543365,279.06291532572817,-25.591705295844292,10.235712872293696,2.817891857977712,-3.001039465642778,-4.9614957577200105,74.4941817731825
-485.0228836681349,278.96302295349824,-25.621703610265687,10.271431417384797,2.8370627978618184,-3.062370433911795,-4.947793438107632,71.60415189844582
-484.73111193083616,278.85748749987266,-25.65194824368392,10.306208450176774,2.855290581660843,-3.1229419222469033,-4.93424175020032,68.72497187406275
-484.43934019353753,278.746421246396,-25.682419398218244,10.34004578863413,2.8725822372415046,-3.1828185926378465,-4.9208415413029805,65.85655629586938
-484.1475684562389,278.6299161056034,-25.71309459222378,10.372943066022374,2.8889420236509404,-3.2420645256016782,-4.907593088726634,62.99855823765824
-483.85579671894004,278.50805811207164,-25.743946880388567,10.404900391747287,2.904374917286884,-3.3007395099395356,-4.894494577770273,60.150703525713155
-483.5640249816414,278.38093426466304,-25.774957382156806,10.43591771787859,2.918886223635502,-3.35890053962024,-4.881546382395673,57.31265424444341
-483.2722532443428,278.2486224732725,-25.80610289141851,10.465996103191332,2.9324821825119245,-3.4166002085515723,-4.868747568082902,54.484092951846755
-482.98048150704403,278.1112018753181,-25.83736606744162,10.495136126191504,2.9451691493870946,-3.473889849031158,-4.856096846252193,51.66476718709565
-482.6887097697453,277.9687348770551,-25.86872567466217,10.523337267449353,2.9569518887732777,-3.5308185773850806,-4.8435936359353935,48.854237038777164
-482.39693803244666,277.821286729262,-25.900160521942116,10.55059977595516,2.967836626613403,-3.587432308166762,-4.8312364286746865,46.05214381608983
-482.1051662951479,277.66891786794235,-25.931657550746046,10.576924176353662,2.977829757564959,-3.64377552820517,-4.819023514316033,43.2581445860641
-481.81339455784916,277.5116733111241,-25.96319124363198,10.602308792370446,2.9869355043190917,-3.6998912658860674,-4.806955100930954,40.471699603543385
-481.52162282055053,277.34959993702904,-25.99474824549145,10.626753548441844,2.9951598225802902,-3.755820356783357,-4.795028905652605,37.69241613162544
-481.2298510832518,277.18275079002143,-26.026306535707825,10.650258431881227,3.00250999349722,-3.8115998446702677,-4.7832438363670535,34.919890761429166
-480.93807934595316,277.011169899195,-26.057853096999086,10.672823485485235,3.008992937687897,-3.867265490528138,-4.771598821367398,32.153703660140145
-480.6463076086543,276.83489329980296,-26.089368177263335,10.694447211732268,3.0146143639892897,-3.9228533345345196,-4.760092260952325,29.393340484670997
-480.35453587135567,276.6539545109946,-26.120837897183858,10.715129924118594,3.0193817964566394,-3.9783970100469714,-4.74872338839826,26.638414484677494
-480.06276413405703,276.46838804383805,-26.152244260618026,10.73487150565041,3.0233031279133007,-4.033927360484652,-4.737490448475719,23.88848338875055
-479.7709923967583,276.2782164531365,-26.183570784420212,10.75366784321417,3.026382335508113,-4.089476581015805,-4.726394416882532,21.142937222826404
-479.47922065945954,276.08347154694525,-26.2148085827945,10.771520461417452,3.0286294699083998,-4.145068879373645,-4.715434444775505,18.401408690778688
-479.1874489221609,275.8841766352567,-26.245933470659146,10.788427384494788,3.0300518323673162,-4.200728934032694,-4.704612220501519,15.663391280610789
-478.89567718486217,275.6803498377677,-26.276935033402008,10.80438717200976,3.0306570840998006,-4.256479047148533,-4.693929182885491,12.92840080184532
-478.60390544756353,275.4720035804033,-26.307796583136536,10.819396767162992,3.0304518230136748,-4.3123408714611,-4.683388243048767,10.195850912277342
-478.3121337102648,275.2591688431089,-26.338508750080255,10.833457308324855,3.029448090339944,-4.368327929046104,-4.672991936061909,7.465421833667461
-478.02036197296604,275.0418418576949,-26.36906089907822,10.846564342707142,3.027651298701421,-4.4244601038591735,-4.662744559445438,4.736511484639574
-477.7285902356674,274.82005804386944,-26.39943629981129,10.858718251743364,3.02507451247881,-4.480748649831486,-4.652649414697616,2.0087672771819682
-477.43681849836867,274.59382422537044,-26.42962262747062,10.869915770739317,3.0217262255537163,-4.53720694414669,-4.642713032257488,-0.7183593614514853
-477.1450467610699,274.3631489654824,-26.45961016325309,10.880154460677076,3.01761643868236,-4.593850850775838,-4.632938089981432,-3.4453461473617866
-476.8532750237713,274.1280417260059,-26.48939022652766,10.889432211445845,3.0127562071904572,-4.650688047445709,-4.623331794233238,-6.1726833314019895
-476.56150328647266,273.88851061292144,-26.518954754516262,10.897746481021143,3.007156833967416,-4.707716898672768,-4.613905387200991,-8.900799651932154
-476.2697315491738,273.64456901158485,-26.548292105415097,10.905093376337744,3.0008294584459954,-4.764930871430161,-4.604675256444848,-11.630150945262148
-475.97795981187517,273.39621947844535,-26.577396577513323,10.911470343252963,2.9937865561341384,-4.82231935861541,-4.5956589567948,-14.361083373566812
-475.68618807457653,273.1434890538279,-26.606264679038034,10.916875350201392,2.9860430673208076,-4.879867412068919,-4.586876960280082,-17.09382745998279
-475.3944163372778,272.88639084256397,-26.634895834846436,10.921305757801619,2.9776133724432223,-4.937561308252576,-4.578349452246909,-19.828687553323583
-475.10264459997904,272.62494272567614,-26.663286705003735,10.924758085953423,2.9685121564143135,-4.995388522673596,-4.570098513868578,-22.56598262862951
-474.8108728626804,272.35914060583553,-26.691435913352596,10.92722657129983,2.958751754412886,-5.053324163316879,-4.562154208778412,-25.306136612959616
-474.51910112538167,272.0890181819967,-26.719349773962062,10.928710035680085,2.948351283202901,-5.111320309220363,-4.554556872601353,-28.0492182182647
-474.22732938808304,271.81459468009956,-26.74703742794439,10.929203436695426,2.937326310331417,-5.169325195607863,-4.547357541750617,-30.795368897060005
-473.9355576507843,271.5359053869272,-26.77450873739186,10.928704660236635,2.9256967293274374,-5.227285687795636,-4.540609032741693,-33.54449842190808
-473.64378591348554,271.2529820982519,-26.801780696609654,10.92721003858447,2.9134815050451985,-5.285147952716041,-4.534367626944131,-36.29669359955148
-473.3520141761869,270.96586285975303,-26.82887644568041,10.924714157408205,2.900698881329545,-5.342832664213535,-4.528706874919316,-39.05201290148675
-473.06024243888817,270.674599199525,-26.855824638791752,10.92121543342831,2.8873720288668787,-5.400228759274939,-4.523722171130141,-41.81027208492484
-472.7684707015894,270.37924893856774,-26.88266175466209,10.916709885615242,2.873522634811245,-5.457225093004648,-4.519519166221398,-44.57117586911093
-472.4766989642908,270.0798828320241,-26.909429404174503,10.911194124566867,2.859174013462814,-5.513698158398829,-4.516213026356938,-47.334564523224536
-472.18492722699216,269.7765845163442,-26.93619027980823,10.904663938708687,2.844349306021567,-5.569462187915179,-4.513958474199758,-50.10030893790142
-471.8931554896933,269.4694535007891,-26.96301142922944,10.89711595502672,2.829073402205754,-5.624306325254392,-4.51293428230318,-52.867951469183375
-471.60138375239467,269.1586080885067,-26.989978010002154,10.888546233897411,2.813371204734111,-5.677989026321632,-4.513338705548859,-55.63748791516113
-471.30961201509604,268.8442059690475,-27.017189699919427,10.878952033410702,2.79726962900306,-5.730156540694679,-4.515439062488936,-58.408684147552705
-471.0178402777973,268.5264124050601,-27.044779269251485,10.868329341803397,2.7807938779141845,-5.780432175536921,-4.519515010563364,-61.18185062100432
-470.72606854049855,268.2054591866557,-27.072890580883655,10.856675920304838,2.763971584719538,-5.828285207137887,-4.525935226825511,-63.95752169059969
-470.4342968031999,267.8816066296747,-27.101707058105486,10.84398463332244,2.746824454636267,-5.873125035751511,-4.535101956793488,-66.73724346652256
-470.14252506590117,267.5551915719683,-27.13144553979317,10.830251809578447,2.7293767319489,-5.914283672223476,-4.547455692987574,-69.52338478947478
-469.85075332860254,267.2265867020618,-27.162353534002587,10.815471678701249,2.711648511511036,-5.951355362367965,-4.563275551583858,-72.31940341806006
-469.5589815913038,266.89617835289425,-27.194676925292498,10.799637037846274,2.69365638042264,-5.984617292554668,-4.582416461161842,-75.12900108993944
-469.26720985400505,266.56430989945807,-27.22864910970436,10.78274048496467,2.6754145126531332,-6.014503261917591,-4.604618251044801,-77.95517422875372
-468.9754381167064,266.23130359829463,-27.264481243544463,10.764773166481573,2.6569340395230108,-6.04135889551077,-4.629655176591582,-80.80020051512862
-468.6836663794078,265.89742144384445,-27.30236158756593,10.745724715268219,2.638223375147944,-6.065505798902016,-4.657302303603304,-83.66570779311459
-468.3918946421089,265.56292682269446,-27.34246744040504,10.725586295411825,2.6192914102379934,-6.087120941933577,-4.687409889061654,-86.55261566196572
-468.1001229048103,265.22804374146676,-27.384963040605054,10.704347027709911,2.6001443571525225,-6.106421053970696,-4.719787937408037,-89.46128706615139
-467.80835116751166,264.89300022794123,-27.42999221093671,10.681995483463865,2.5807873833821287,-6.123449923298763,-4.754348489621816,-92.39159700518269
-467.5165794302128,264.55802181679525,-27.477694121001115,10.658523590893054,2.5612283204688238,-6.138297893490085,-4.7909561850289455,-95.34296078047923
-467.22480769291417,264.2233120955992,-27.528196787821116,10.633919935409283,2.5414715316017027,-6.151004831956148,-4.8295049093971185,-98.31395174134693
-466.9330359556154,263.88908847513136,-27.58161904336327,10.60817635124091,2.521524064662509,-6.1615311416080365,-4.869926533577048,-101.3028702593095
-466.6412642183168,263.5555630681673,-27.638077233560463,10.581283799043755,2.50139178152711,-6.169860956872075,-4.912126765110027,-104.30818143426238
-466.34949248101805,263.2229473627885,-27.697676197112926,10.553233141069777,2.4810802973699206,-6.175949163916108,-4.956023894707571,-107.32766701407145
-466.0577207437193,262.89147073932185,-27.760511513836548,10.524018145879905,2.4605974631721166,-6.17972489814678,-5.001544482927119,-110.35822400586991
-465.76594900642067,262.56136259296244,-27.826673930085942,10.493632450672902,2.4399507011803183,-6.181128820544016,-5.048605540777258,-113.39691607472713
-465.47417726912204,262.23285640272695,-27.896247044858846,10.462069279036342,2.41914672783984,-6.1800939823945615,-5.097123757545351,-116.44101155396724
-465.1824055318232,261.9061964327753,-27.969307189976337,10.42932533406252,2.39819514848846,-6.176534688427798,-5.147026065168154,-119.48731468321792
-464.89063379452455,261.58163308264204,-28.04592140179692,10.395396101197878,2.3771040220326074,-6.170346259066623,-5.1982481329390176,-122.53234905370711
-464.5988620572259,261.25942598810093,-28.126152775838403,10.360279118153072,2.3558828770278595,-6.161440261909218,-5.250710451858281,-125.57240382561238
-464.30709031992717,260.9398489728463,-28.21005687564163,10.323974351994323,2.33454284184372,-6.149767391019253,-5.3043104203938425,-128.60382683513612
-464.0153185826284,260.62317464594133,-28.29767807171669,10.28648167775446,2.313094903569935,-6.135267825474085,-5.358955114068798,-131.62308938605432
-463.7235468453298,260.3096846979344,-28.389053481194942,10.24780255581307,2.291551081269723,-6.117867815346917,-5.414563592239231,-134.62656412578934
-463.43177510803105,259.9996687710756,-28.48421333884626,10.207940207644423,2.269924626439823,-6.097483477986719,-5.471061597646202,-137.61055525899937
-463.1400033707323,259.6934281127684,-28.583179388898134,10.166897964014023,2.248228278709658,-6.074029755079122,-5.528381134702448,-140.5713738733993
-462.84823163343367,259.39126843679674,-28.68596871999148,10.12468161618461,2.226476842961233,-6.047423458012519,-5.586449516024171,-143.50538460080256
-462.5564598961349,259.09350611067975,-28.79259081491998,10.081296810870343,2.2046844679124216,-6.017589438763753,-5.645194927446618,-146.40900423352318
-462.2646881588363,258.80046576484415,-28.90304780146191,10.036752464725884,2.1828679344911857,-5.9844607579829345,-5.704543018291704,-149.27858968535995
-461.97291642153755,258.5124822947582,-29.017338208304174,9.991058259325703,2.161044210705179,-5.947968033673599,-5.7644285116357965,-152.1102760102461
-461.6811446842388,258.22989315430686,-29.135445470607973,9.94422400447089,2.1392304990559503,-5.908042781728411,-5.824789863936197,-154.90036696694457
-461.38937294694017,257.9530489050946,-29.257356010152396,9.896262990464768,2.1174465186996314,-5.864611915042306,-5.885578479738504,-157.64485528637553
-461.09760120964154,257.68230772759887,-29.383048590058063,9.847187127359971,2.095710655837151,-5.8176030613225524,-5.946752205962099,-160.34006380527526
-460.8058294723427,257.41803448233816,-29.512497529395493,9.797012783635214,2.0740452087850945,-5.7669474289550156,-6.008276215850029,-162.98203565888824
-460.51405773504405,257.1605995306003,-29.645673139449112,9.745757166472373,2.05247337730044,-5.7125807860573214,-6.0701188384917275,-165.56717045044797
-460.2222859977454,256.9103949929194,-29.782537481627042,9.693436996265508,2.031016927950954,-5.654442335321667,-6.132257156872034,-168.09230106466097
-459.93051426044667,256.6678034640373,-29.923056743103295,9.640071710898503,2.0097016132039656,-5.592474698862957,-6.194673553452426,-170.55411602186467
-459.6387425231479,256.4332247834622,-30.067191198534903,9.585681091053168,1.9885531017027398,-5.52661952954895,-6.257355071189334,-172.94964989540696
-459.3469707858493,256.2070649711767,-30.214898975270657,9.530287606805569,1.9675999076472404,-5.456823900200066,-6.32029238471986,-175.27609946734836
-459.05519904855055,255.98973889084593,-30.36613514311728,9.473913974973788,1.9468713442276202,-5.3830271596704025,-6.383479353910867,-177.53074703723394
-458.7634273112518,255.78166185796454,-30.520850821515342,9.416583989377084,1.9263991508515728,-5.305166876636691,-6.446910893925937,-179.71085136389743
-458.47165557395317,255.58327001114196,-30.679000472920546,9.358322798313422,1.9062160408678726,-5.223173260406051,-6.510584818945137,-181.81367463830972
-458.1798838366544,255.39500326532956,-30.840533141098902,9.299156333258598,1.8863569390300254,-5.136964582378068,-6.574492526314068,-183.83619449398824
-457.8881120993558,255.21731211974006,-31.005388785122097,9.239111772166613,1.8668587588669106,-5.046453312375924,-6.6386188732933595,-185.7752388073913
-457.59634036205705,255.05066135324782,-31.173514980710802,9.178219253624755,1.8477615540276322,-4.951537760750707,-6.70294327047904,-187.62699714428106
-457.3045686247583,254.89551934722704,-31.344847256684982,9.116509753789042,1.8291078827518163,-4.852104538100514,-6.767429126185239,-189.38710606707903
-457.0127968874597,254.75238753780846,-31.519319113742224,9.054013980705864,1.8109394020982883,-4.748026716644028,-6.83203034944211,-191.05087175781367
-456.72102515016104,254.62176849101283,-31.696855462347617,8.99076709870029,1.793302969505359,-4.63917420099787,-6.8966821988768885,-192.6127660572763
-456.4292534128622,254.50418192538265,-31.87737231685431,8.926805918304565,1.7762470715480214,-4.525408574937296,-6.961297506586976,-194.06666027395792
-456.13748167556355,254.400164801004,-32.060775526211295,8.862169217673706,1.759821857874069,-4.406589144332632,-7.025771575230457,-195.40582157374186
-455.8457099382649,254.31027818999817,-32.246961789849934,8.796897757935426,1.744078265027186,-4.282574328486788,-7.089977584271913,-196.62300474534575
-455.5539382009662,254.23509135688116,-32.435810471010406,8.731035369990638,1.7290697829324742,-4.153232226486539,-7.153765891773106,-197.71062027536675
-455.2621664636674,254.17518800751935,-32.62718708552858,8.664629754684103,1.7148517761392954,-4.018443373025257,-7.216962241385193,-198.6608002490593
-454.9703947263688,254.13116399439448,-32.82093846711952,8.597730468896886,1.7014801806543507,-3.878104390682317,-7.279372049273442,-199.46565642020977
-454.67862298907005,254.10364283716004,-33.016893551922884,8.530388851060534,1.689009395603535,-3.7321241278996715,-7.340781201046152,-200.1173037539752
-454.3868512517714,254.09323607800002,-33.214859190053126,8.462660714708505,1.6774969492485408,-3.580445613767126,-7.400950660911253,-200.60798420357708
-454.0950795144727,254.10056899068272,-33.41461809339889,8.394605542092199,1.6669993197725685,-3.4230401526727112,-7.459624587829235,-200.9303018738596
-453.8033077771739,254.12628193634424,-33.61593014727206,8.32628265084756,1.6575700687859027,-3.2599021150565575,-7.516527199179675,-201.07699383477467
-453.5115360398753,254.17099585119638,-33.818528489842784,8.257756813725708,1.6492642470106973,-3.0910730705130423,-7.571357462634618,-201.04100473959485
-453.21976430257644,254.23533177457645,-34.02212278928316,8.189093666996154,1.6421342685188798,-2.9166321431885103,-7.6238058701982565,-200.81546861566846
-452.9279925652778,254.3199157918682,-34.22639181249129,8.120362008424108,1.6362286332852647,-2.736699566748532,-7.673535939660747,-200.3938635811135
-452.6362208279792,254.4253381874662,-34.43097996174301,8.051632868767296,1.6315948783248921,-2.5514550018599333,-7.720194839403177,-199.76991086249652
-452.3444490906804,254.55216965359548,-34.63550424263533,7.98298107489185,1.6282770737020196,-2.3611352628972893,-7.763418751591157,-198.93775571813245
-452.0526773533817,254.70096451166674,-34.83954943793008,7.914482131557072,1.6263138298935553,-2.166031001414525,-7.802832015361224,-197.89203862463225
-451.76090561608305,254.87222394402633,-35.042666544219706,7.846214249650336,1.6257408774313498,-1.9665051019337054,-7.838048573341455,-196.6282912812809
-451.4691338787843,255.06643082921676,-35.244375086080204,7.778257187189799,1.6265863730589851,-1.7629781787513865,-7.8686731570822905,-195.14280996581485
-451.1773621414857,255.28397281055396,-35.44416087272409,7.710693392729591,1.6288767754497644,-1.5559588384044107,-7.89430618045899,-193.43336244499466
-450.8855904041869,255.52520841210662,-35.64147820164633,7.643604905388096,1.632629484057648,-1.3460079278765695,-7.914547068699877,-191.4988252749679
-450.5938186668882,255.79041167291177,-35.835748373074075,7.577074904902571,1.6378566116061726,-1.1337686152775677,-7.9289950152051185,-189.33973603816278
-450.30204692958955,256.0797975931331,-36.02635838410912,7.511186256486462,1.6445615697408018,-0.9199554989785459,-7.937236327799638,-186.95798076676195
-450.0102751922909,256.3934607908094,-36.21265798916066,7.446022784354759,1.6527424626429983,-0.7053610717703714,-7.938868821299492,-184.3575606145253
-449.71850345499206,256.7313990666545,-36.39398125521441,7.381666617937072,1.6623908701215997,-0.4908420695898199,-7.933507099047445,-181.5442147277498
-449.42673171769343,257.0935410042098,-36.56961946237335,7.3181978873505695,1.6734870378710385,-0.2773360761232597,-7.920748148991443,-178.52526196244622
-449.1349599803948,257.47964138648393,-36.73884724890442,7.255696090513174,1.6860080542641753,-0.06585662222439369,-7.900223389765845,-175.31050497780237
-448.84318824309594,257.88936965806795,-36.90090060792205,7.194235633302003,1.6999203164530048,0.1425045326301474,-7.871561497452143,-171.91117760418396
-448.5514165057973,258.32224027698254,-37.05500224326283,7.133889169462284,1.7151842668516726,0.34656399921175196,-7.834397972474685,-168.34071512211744
-448.2596447684987,258.7776241193264,-37.20034506936912,7.0747256114514085,1.7317520295832427,0.5450396249101075,-7.788368513638879,-164.61404819960822
-447.96787303119993,259.2547079127255,-37.3361073639495,7.016808208553372,1.749570917460567,0.736541810255669,-7.733114757512231,-160.74769229842548
-447.6761012939012,259.75254296420604,-37.46143420394562,6.9601966789513705,1.7685772888222104,0.919576510136829,-7.668251901527439,-156.75879106989905
-447.38432955660255,260.26997532258656,-37.575460186171995,6.904944564787741,1.7887025236428127,1.0927755664268999,-7.593564341740515,-152.66566863932843
-447.0925578193038,260.8057346492194,-37.67733891778339,6.851100983704338,1.809869757359166,1.255687189362282,-7.509535187227759,-148.48649320069526
-446.8007860820052,261.3585002886017,-37.76628863286966,6.798708545936885,1.8319972264165587,1.408173449382485,-7.416905183168916,-144.2384632982034
-446.50901434470643,261.92692914888,-37.841595933124715,6.747806281342036,1.8549977531454136,1.550110193639396,-7.3164425802935975,-139.9376853389806
-446.2172426074077,262.5096185689327,-37.902627732156276,6.698426957480367,1.878784451630387,1.6813803115294463,-7.208923111492532,-135.59958441313944
-445.92547087010905,263.10516643639085,-37.94882037807984,6.650600653128456,1.9032673845155532,1.8018543098275488,-7.095099585616421,-131.23794769232833
-445.6336991328104,263.71210744905244,-37.97969851990262,6.604350053943883,1.9283613565603233,1.9114436082048458,-6.975730755283946,-126.86586315402695
-445.34192739551156,264.32899240835366,-37.99483812693491,6.559697440403033,1.953977638578126,2.0100659184394907,-6.851532999541335,-122.49510343703501
-445.05015565821293,264.9543397756779,-37.99390006965518,6.516659831472601,1.980032122403203,2.0976777338485926,-6.7232060227093315,-118.13673361796887
-444.7583839209143,265.5866479919723,-37.976624239743884,6.475249318779099,2.0064451306897393,2.174285327265186,-6.591437525760037,-113.80087989406304
-444.46661218361544,266.22443671419734,-37.94279978920584,6.435477291881244,2.0331364893499666,2.239921562333708,-6.456872613775319,-109.49694258491978
-444.1748404463168,266.86622076091726,-37.892294648340574,6.397350034462068,2.0600319629868116,2.294650650797039,-6.320128916706315,-105.23357971226594
-443.8830687090182,267.5105287125525,-37.82504311749269,6.36087112954821,2.087060890150969,2.338576463255395,-6.181793041422402,-101.01867709655167
-443.59129697171943,268.15593858493384,-37.741013850547205,6.326043565665125,2.1141530872900804,2.3718407383596833,-6.042416501408188,-96.85923646427011
-443.2995252344207,268.80101435986103,-37.640275720554634,6.292863841804381,2.1412479440069045,2.39461033004356,-5.902536559598683,-92.76205528816061
-443.00775349712205,269.44437565783727,-37.52293412912982,6.261327727940541,2.168286204558355,2.407063871136178,-5.762640885620926,-88.73309152422141
-442.7159817598233,270.0846926018527,-37.38912574940399,6.231430881832848,2.195209721030171,2.4093864392898223,-5.623175887833588,-84.77725331188806
-442.4242100225247,270.7206628516407,-37.23905859101062,6.203164717598903,2.221967110507834,2.401810744709961,-5.4845779578955085,-80.89896483767195
-442.13243828522593,271.3510398770642,-37.07298702422742,6.176518710647252,2.2485108258936606,2.3845761810676938,-5.347253077131051,-77.10213536485408
-441.8406665479272,271.9746228345799,-36.891209216838845,6.151480320113283,2.27479697350836,2.3579324332177047,-5.211578859110697,-73.38997638085523
-441.54889481062855,272.59027108785637,-36.69404487219525,6.128037630110875,2.300782389035782,2.3221253420457084,-5.077898711920724,-69.76503889225826
-441.2571230733299,273.19690265797294,-36.48187924652994,6.106174811652726,2.3264306921808973,2.277431963909511,-4.946538768506337,-66.22936763604363
-440.96535133603106,273.79347997217474,-36.25511555539293,6.085875955146592,2.351706201469542,2.224128394570246,-4.817797059859205,-62.78452223093653
-440.67357959873243,274.37904333211907,-36.01419083225287,6.067124326810384,2.376576421989299,2.1624982178250165,-4.691949288679884,-59.431514415019194
-440.3818078614338,274.9526865690872,-35.75957047727113,6.049901612904236,2.4010116788205265,2.0928421361262863,-4.569250057048247,-56.170999299558495
-440.09003612413505,275.51356833431896,-35.49174607744963,6.034189771813044,2.424983877998179,2.01545711863172,-4.449926952437503,-53.00319726536269
-439.7982643868363,276.0609033709832,-35.21124467434279,6.019967894149977,2.4484690375219533,1.9306600308464728,-4.334192528037619,-49.92804226073419
-439.5064926495377,276.59398394686605,-34.91861191089795,6.0072149852796,2.4714451875021157,1.8387723937755718,-4.222233094062669,-46.945184788631344
-439.21472091223893,277.112138798121,-34.6143941386674,5.995911608818617,2.4938888301430118,1.7401066500356872,-4.114212927535028,-44.053949017397855
-438.9229491749402,277.61478058118223,-34.29917142050747,5.986035198464432,2.515781884527563,1.6349999172245087,-4.010277353661227,-41.25350919932774
-438.63117743764144,278.1013729725149,-33.97353040206315,5.977564061475474,2.537106183649831,1.5237833048978697,-3.9105501958233484,-38.54279863720339
-438.3394057003428,278.5714375649971,-33.638064961233496,5.970476479968395,2.5578446265277313,1.4067885215667402,-3.815133691411131,-35.920556385224394
-438.0476339630442,279.02455868256317,-33.29337958270293,5.964749067788872,2.5779828850241717,1.2843532734852734,-3.7241103096832755,-33.385443175892085
-437.7558622257453,279.46037388832514,-32.940100951715834,5.960358476214451,2.5975078560606812,1.1568168908527496,-3.6375448669313024,-30.93599431492775
-437.4640904884467,279.87856568957847,-32.578841815682686,5.957280988079576,2.6164068090784474,1.024511840310965,-3.55548456556258,-28.57059251197318
-437.17231875114805,280.2788784852154,-32.2102166014988,5.955493127399702,2.6346683593207727,0.8877716254069732,-3.4779549176752913,-26.287564016594693
-436.8805470138493,280.66110037621064,-31.834838538999804,5.954972120014589,2.6522812388125634,0.7469242551710097,-3.404965172609676,-24.085036497174062
-436.58877527655056,281.02506495553814,-31.453325511699013,5.955692803690788,2.669236857837948,0.6022989570805861,-3.336514568306076,-21.96128430346737
-436.29700353925193,281.3706489853734,-31.066284557380747,5.957631938942795,2.685525875471193,0.4542176076144692,-3.272581322353358,-19.91429992698188
-436.0052318019532,281.6977661487564,-30.67430558081979,5.960765722268829,2.7011398618748195,0.3029922362442441,-3.2131316711107645,-17.942093020719778
-435.71346006465456,282.0063818157798,-30.2779951869534,5.9650691941365706,2.7160729541361963,0.1489371467262788,-3.158121900769657,-16.042617469126988
-435.4216883273558,282.29649911185396,-29.877941529443923,5.970517225903543,2.7303201610241157,-0.007642272878297983,-3.1074956528502677,-14.213759381218065
-435.12991659005706,282.56813332790733,-29.474709424801258,5.977086652731968,2.743874475018615,-0.1664608033854064,-3.061185220668752,-12.453359281425373
-434.83814485275843,282.821345060883,-29.0688620010293,5.984752906177711,2.7567315456696417,-0.3272345472127129,-3.0191147576322934,-10.759217714392078
-434.5463731154597,283.0562204170657,-28.66094704899907,5.993491771668681,2.768887298871971,-0.48969152422922035,-2.9812014268096942,-9.129085543230469
-434.25460137816094,283.2728642805639,-28.251497269693544,6.003279214361977,2.78033776457673,-0.6535709095592575,-2.947355345091511,-7.56067401095139
-433.9628296408623,283.4714230050224,-27.841028820124475,6.01409131101506,2.7910808453654394,-0.8186209327206616,-2.9174829465109853,-6.051716586854376
-433.6710579035637,283.65204110117384,-27.430046306792907,6.0259045479155695,2.801113260393013,-0.9846035028594772,-2.8914862590999335,-4.599869091293235
-433.3792861662648,283.8149117321643,-27.019047819429293,6.0386939323711495,2.8104352698006463,-1.1512812446735132,-2.8692626817923332,-3.202782838746865
-433.0875144289662,283.96022501569433,-26.60849866329432,6.052436086243724,2.8190455706056516,-1.3184355865351363,-2.8507095091660295,-1.8581125780554129
-432.79574269166756,284.08817434101525,-26.198853452287693,6.067108483447147,2.8269420839884374,-1.4858632021628166,-2.8357207428050435,-0.5635141682442495
-432.5039709543688,284.198991659899,-25.790545132332184,6.0826881618452,2.8341256246639897,-1.653362813275038,-2.824192689023803,0.6834099049810015
-432.21219921707007,284.2929020849098,-25.38400014295689,6.099152550669699,2.8405959155601863,-1.8207476218399556,-2.8160206308327047,1.8850419880513387
-431.92042747977143,284.3701533448405,-24.979626790745833,6.116478666019743,2.8463545202861504,-1.9878371952754028,-2.8111022088917714,3.0437296131164686
-431.6286557424727,284.43099122300043,-24.57779565380409,6.134644978594815,2.851402616751867,-2.1544663999354365,-2.8093325040688204,4.161801886241274
-431.33688400517406,284.4756904464112,-24.178907624524967,6.153628383585648,2.855743323273303,-2.3204681430505567,-2.8106148826534487,5.241687043808819
-431.0451122678753,284.5045032793958,-23.783300706241747,6.173408710459569,2.85937790586217,-2.485700199448439,-2.814848061771457,6.28557405025532
-430.75334053057657,284.51770556765126,-23.39131663324295,6.193963687078351,2.8623103864005963,-2.6500186836586037,-2.821938526766702,7.295809816581081
-430.46156879327793,284.51558233229053,-23.003287897192774,6.215272539003675,2.8645447914641213,-2.8132906592362557,-2.8317902935887656,8.274599530274246
-430.1697970559792,284.4983917475725,-22.619514559129527,6.237315664876328,2.8660835339404387,-2.975396636344103,-2.844314465178085,9.224151561889816
-429.87802531868044,284.46644016456304,-22.240301459095967,6.260071476866373,2.8669336011726636,-3.136209118153009,-2.859423909973572,10.146652082208593
-429.5862535813818,284.41999832808665,-21.865926417935825,6.283521435683865,2.8670986777894827,-3.2956174249083268,-2.8770376703534475,11.044238460147291
-429.2944818440832,284.3593547838844,-21.496656596815033,6.307645726718929,2.8665850231267513,-3.4535078981226683,-2.8970780350881724,11.91905285580637
-429.0027101067843,284.28479454963286,-21.132743589320288,6.332425531184845,2.865398906545695,-3.6097712037455296,-2.9194740394909324,12.773223453259197
-428.7109383694857,284.19660965323266,-20.77443406903544,6.357842107417171,2.863547470153018,-3.7642980953560383,-2.9441596358494726,13.608857663862107
-428.41916663218706,284.09510414574913,-20.421960850863968,6.383876681863585,2.861039611637751,-3.916978718168771,-2.9710740729409175,14.428079764566055
-428.1273948948883,283.98054599299473,-20.07553940567593,6.410512611839228,2.8578814512659947,-4.067716705640744,-3.0001613542197276,15.232976282577464
-427.83562315758957,283.8532448902969,-19.735380832011014,6.4377319398080575,2.8540834848833763,-4.216407797967789,-3.0313681161834802,16.025657385097833
-427.54385142029093,283.7134884212129,-19.401684006132175,6.465518304172862,2.8496546373598406,-4.362957778625259,-3.064645466329624,16.80820406125555
-427.2520796829922,283.5615685407363,-19.074636515746963,6.493855059383529,2.8446052238790274,-4.5072770378083495,-3.0999433531704335,17.58264999073197
-426.96030794569356,283.3977977362584,-18.75442343249182,6.522725840438471,2.8389474771561667,-4.649275838713994,-3.1372140514376987,18.35097357674042
-426.6685362083948,283.2224640804191,-18.441215163059027,6.552115238660405,2.8326924626783105,-4.788874648418714,-3.17640898863264,19.11513287655994
-426.37676447109607,283.0358593089022,-18.13517157536125,6.582008901138474,2.8258521145946607,-4.926000820014644,-3.2174813012665853,19.87694147632802
-426.08499273379743,282.8382812858812,-17.836448463292626,6.612391910976578,2.818439704001407,-5.060567709021555,-3.2603900718712637,20.638235733743528
-425.7932209964987,282.630023005787,-17.545192660177673,6.6432503246512224,2.8104686836134105,-5.192475809930713,-3.3051058075365396,21.40091838496788
-425.50144925919994,282.41139397800464,-17.2615447174555,6.6745704653403095,2.8019544966502443,-5.321618997148049,-3.3516018978986675,22.166967241293047
-425.2096775219013,282.1826960044779,-16.985640607299683,6.706338640224769,2.7929126579056938,-5.447894780721203,-3.399852608979131,22.9383811846262
-424.91790578460257,281.94422729721845,-16.717608398014644,6.738543004220096,2.783358675414485,-5.571205641212972,-3.44983010002914,23.71729464793679
-424.6261340473038,281.69629346963717,-16.457568611067323,6.771171491342574,2.7733096681278804,-5.691454956100513,-3.5015079622116208,24.505660705230326
-424.3343623100052,281.4392234408891,-16.20563916200825,6.804211441167695,2.7627852830025703,-5.808539526556208,-3.5548550956818166,25.305536522556235
-424.04259057270644,281.17330608425465,-15.961938381875292,6.83765405014225,2.7518011461094822,-5.922357001911429,-3.609857420901023,26.118748193181766
-423.7508188354078,280.8988684926555,-15.72657213925857,6.87148761378619,2.7403780723783653,-6.0327865395557705,-3.666501699927621,26.947288910355024
-423.45904709810907,280.6162412389955,-15.499644316971189,6.905702606660804,2.7285369089574294,-6.139703882467569,-3.7247765392593486,27.79307981137603
-423.1672753608103,280.3257498683561,-15.281254368249844,6.940289880299375,2.7162986714332416,-6.2429778027459175,-3.784670129640079,28.65797947693445
-422.8755036235117,280.02771813051146,-15.071504865523522,6.975240583262814,2.7036841267477656,-6.342467327195912,-3.8461766190842455,29.543781897720958
-422.58373188621306,279.7225067334945,-14.870487980676927,7.010547013961809,2.6907175249618076,-6.438023898169392,-3.909296824960882,30.451919908164857
-422.2919601489142,279.41045976856145,-14.678300671228346,7.046201150268545,2.6774216511516804,-6.52946321674729,-3.9740521117887155,31.383761323876037
-422.00018841161557,279.0919519343981,-14.495038042342925,7.082195308686059,2.663821537701695,-6.616571294180337,-4.04047008690421,32.340391594703796
-421.70841667431694,278.767348760186,-14.32079644717648,7.118523177857656,2.649940981245685,-6.699151698896697,-4.108573827822107,33.322347375587505
-421.4166449370182,278.4370384978398,-14.155672541523348,7.155177622623133,2.635805274998982,-6.776947431833647,-4.178419648069104,34.32982126926755
-421.12487319971945,278.10144383117625,-13.999772077081396,7.192151764765879,2.6214406064868276,-6.84960652901655,-4.250108996534191,35.362448400889406
-420.8331014624208,277.76099529339064,-13.853200679647774,7.229438443994561,2.606872975949248,-6.916842446529886,-4.3237133087604205,36.419078601971364
-420.54132972512207,277.4161626379507,-13.716073995162038,7.267030921870222,2.592128829391174,-6.97818844021277,-4.399395947687431,37.49788756617557
-420.2495579878233,277.06743710618986,-13.588518793682965,7.30492092729195,2.5772336669067655,-7.033193097738417,-4.477328704068831,38.5961153447951
-419.9577862505247,276.7153465043465,-13.470687010024145,7.343100009804666,2.562210735044205,-7.0812672990298475,-4.557759484678877,39.709974524598735
-419.66601451322595,276.3604781829641,-13.362739296086287,7.381558050796059,2.5470837790905367,-7.121779014245968,-4.640974785437777,40.83459114419923
-419.3742427759273,276.00347527081294,-13.264863910477752,7.42028371556853,2.531873826251279,-7.154017644183832,-4.727323391052902,41.96380562638281
-419.08247103862857,275.6450055858466,-13.177278717675813,7.459263614186166,2.516596307364502,-7.177514464325375,-4.817053489735622,43.090206526348176
-418.7906993013298,275.28576352470304,-13.100186359900379,7.4984821122260765,2.501265626897617,-7.192843445580114,-4.909861183083918,44.20588421894991
-418.4989275640312,274.9263439803121,-13.03377100324674,7.537921999276987,2.485888229074188,-7.200971208523873,-5.005230949892439,45.303788363416295
-418.20715582673256,274.567260347979,-12.978164188717253,7.577564053741508,2.470468380535911,-7.202756091419599,-5.102690216093045,46.37762693881603
-417.9153840894337,274.2089726128929,-12.933456824899157,7.617387094933338,2.455009004232589,-7.198939865231022,-5.20181208231234,47.4221516491368
-417.62361235213507,273.85187946783503,-12.899714210390409,7.657368550218145,2.439509978202629,-7.1901202834963724,-5.302248249890001,48.4330556881034
-417.33184061483644,273.496327427643,-12.876972777220795,7.697485730171274,2.4239695231982585,-7.176803587351097,-5.40369198263149,49.406875264840636
-417.0400688775377,273.14263144313287,-12.865241962601988,7.737714802732582,2.4083855528648477,-7.159428822727242,-5.505867988338931,50.341027158021205
-416.74829714023895,272.7910717193432,-12.864512773443725,7.778031658831027,2.3927548209875003,-7.138363243960887,-5.608554681697009,51.23371421684262
-416.4565254029403,272.4418936184008,-12.874762885979047,7.818411580084484,2.377072666191857,-7.11390877194118,-5.711554251831553,52.083811640069634
-416.16475366564157,272.09532737181644,-12.895946930188442,7.858830338301017,2.361335479994554,-7.086380097656159,-5.814672047077799,52.89086562023321
-415.8729819283428,271.751568487513,-12.928016010569946,7.899263449806145,2.3455376802168315,-7.056023328986876,-5.917765093848618,53.65490610928489
-415.5812101910442,271.4108088895303,-12.970899023923492,7.939687074670097,2.3296757304088533,-7.023035866327812,-6.020709799075289,54.37621827101058
-415.28943845374545,271.0732170064953,-13.024519551922197,7.9800775670155355,2.3137453849325818,-6.987624595731656,-6.123384281814297,55.05553523388056
-414.9976667164468,270.73894356310444,-13.088802005025752,8.020411762658181,2.2977413645461717,-6.9499862257550795,-6.2256815674809625,55.69380689340605
-414.70589497914807,270.40813055649653,-13.163648999463101,8.060667131561807,2.2816609636040646,-6.91027156941434,-6.327519383013608,56.29193969803468
-414.4141232418493,270.0809021802023,-13.248974043909701,8.100821756549994,2.2654995792280292,-6.868605994099597,-6.428834288109329,56.8508918833971
-414.1223515045507,269.75738752677915,-13.34466960013732,8.140853383016584,2.2492557778768183,-6.825110030991386,-6.529568874792902,57.37163016851807
-413.83057976725206,269.43769494318104,-13.45063530129331,8.180741284184846,2.2329271177020455,-6.779896652735133,-6.629671178879173,57.85509462997549
-413.5388080299532,269.12192894658523,-13.566765420292073,8.220464850558951,2.2165123537038047,-6.733062993722786,-6.729099204810172,58.30208477679781
-413.24703629265457,268.81018712284407,-13.692954292474733,8.260003777568949,2.2000107628210217,-6.684688895685337,-6.827821352792962,58.71325884764722
-412.95526455535594,268.5025623342879,-13.829091210265839,8.299338572860101,2.183423147290015,-6.634847400253214,-6.9258105473618565,59.089115067346626
-412.6634928180572,268.19914542275734,-13.97506643499929,8.338449454643222,2.1667509497479442,-6.583601307188436,-7.023047243371122,59.43008331539118
-412.37172108075845,267.90002149265393,-14.130771830666964,8.377317328968289,2.1499963997664944,-6.531007285071001,-7.119516688111751,59.736495059772125
-412.0799493434598,267.60527439158534,-14.296088343260472,8.415923993606611,2.1331645525034055,-6.477117334370911,-7.215205670989412,60.00835880756174
-411.78817760616107,267.31498038689034,-14.470914781637191,8.45425018013304,2.116258772474625,-6.421971153280707,-7.310110088551504,60.24574942466716
-411.4964058688623,267.02921849480504,-14.655140420848722,8.492277773628869,2.0992853671151117,-6.3656071153029785,-7.404226346254754,60.448577356492414
-411.2046341315637,266.7480602723282,-14.848659398584411,8.529988025327224,2.082251092482062,-6.308060071467961,-7.497556574155973,60.61659895839888
-410.91286239426495,266.4715841411881,-15.051366302103538,8.567363227190667,2.0651644399857045,-6.249356628218058,-7.590101881079443,60.74954244438246
-410.6210906569663,266.19986753323764,-15.2631504954821,8.604384876438724,2.0480358921359048,-6.1895207450987195,-7.681866693562754,60.84689597980708
-410.32931891966746,265.93297903401395,-15.48390945421683,8.641035157971992,2.030876632350389,-6.128573661714583,-7.772859427417602,60.908166947419815
-410.0375471823688,265.6709930861845,-15.713538413762354,8.677296408902448,2.0136999517081584,-6.066527725495033,-7.863086970975636,60.93272439433456
-409.7457754450702,265.41398265431786,-15.951940102532387,8.713150404808667,1.9965196972673867,-6.003391765185586,-7.952560034677126,60.919881115875725
-409.45400370777145,265.1620236459294,-16.199015269833374,8.748578819194618,1.9793518082479942,-5.939171491230245,-8.041288919990942,60.86883373245617
-409.1622319704727,264.91519131782997,-16.454667126729376,8.783563649721163,1.962213986183848,-5.873868171702481,-8.129284639652441,60.778781733105035
-408.8704602331741,264.6735638112193,-16.718801597157515,8.81808646828572,1.9451254113448804,-5.807478246627927,-8.216559011244195,60.64889483880716
-408.5786884958753,264.4372192686856,-16.99132287631158,8.852129468936743,1.9281079377715356,-5.739996933229938,-8.303122345095263,60.47823149033678
-408.2869167585767,264.20623965059565,-17.27214249996975,8.885673819243367,1.9111841480965537,-5.671411789428002,-8.388986843501865,60.265931059874426
-407.99514502127795,263.9807096934166,-17.561165506480304,8.918701411516825,1.8943801184684743,-5.601709517098215,-8.474162702183897,60.01112508530516
-407.7033732839792,263.76071809981215,-17.858306303383642,8.951193729377549,1.8777228226303604,-5.5308700969614994,-8.558660459681676,59.71294204926953
-407.4116015466806,263.5463536639512,-18.16347383975119,8.983131927475485,1.8612422984728287,-5.458872099296627,-8.64248932543346,59.370479316830796
-407.1198298093818,263.3377153891359,-18.47658738057133,9.01449776484075,1.8449699080081499,-5.385685960788212,-8.725656294307038,58.982945870135445
-406.8280580720831,263.1349008066105,-18.79756231152043,9.045271918429881,1.8289396627509027,-5.31127947014241,-8.808168068472899,58.549403239765276
-406.53628633478445,262.9380150670062,-19.126311421036164,9.075435789562205,1.813188822842052,-5.2356166733434115,-8.890025934975313,58.06891660535227
-406.2445145974858,262.7471674991633,-19.462752760663907,9.104970571574865,1.7977565728587126,-5.158657431675135,-8.9712318044311,57.540618223982
-405.95274286018696,262.5624759734253,-19.806801564468074,9.133856789787275,1.7826845966600233,-5.0803543504771875,-9.05177978343365,56.963417527042346
-405.6609711228883,262.38406137704817,-20.158381831503224,9.162075315629142,1.768016565230498,-5.000655802813029,-9.13166240661593,56.336265247632454
-405.3691993855897,262.2120548726893,-20.517402338033673,9.189607162805784,1.7538005207687646,-4.919509600541228,-9.21086250855172,55.65795859549128
-405.07742764829095,262.0465950612565,-20.883781190576673,9.216432284525416,1.740085299993882,-4.836857041339831,-9.289360609249753,54.92723888129084
-404.7856559109922,261.88782154070753,-21.257430900252608,9.242531485408428,1.726923751784667,-4.75263726504104,-9.367125854114411,54.14282031780664
-404.4938841736936,261.7358927484614,-21.638257370691825,9.267885221669491,1.7143710481260404,-4.666790287972525,-9.444122000524356,53.30336964041719
-404.2021124363948,261.5909664454727,-22.026172576749303,9.292472834956605,1.7024835930760052,-4.579250151161421,-9.520305331553455,52.407567882262875
-403.9103406990962,261.4532125178211,-22.421075706184464,9.316274681807316,1.6913216171760013,-4.489956318099677,-9.595621229345161,51.454175914214396
-403.61856896179745,261.3228155753595,-22.822875553195704,9.339269538412431,1.6809447447294656,-4.3988416834386115,-9.670010257639484,50.442207713468775
-403.3267972244987,261.19996158942854,-23.231460758668682,9.361437484785947,1.6714172677233206,-4.305845143026968,-9.743396921453849,49.3708134288277
-403.0350254872001,261.08484524767294,-23.64670781162369,9.382759006670714,1.6628058319828647,-4.210909789048548,-9.815691301139013,48.23949822873239
-402.74325374990144,260.977679015965,-24.06850536084378,9.403212994785688,1.6551749895455767,-4.113972760468385,-9.886787282044049,47.048203971628695
-402.4514820126026,260.8786756504361,-24.496710510729677,9.422780412091573,1.6485939321055627,-4.014981580716008,-9.95654744397397,45.79735851786471
-402.15971027530395,260.78806592072925,-24.93119882501192,9.441441078890952,1.6431287148123448,-3.9138799402573814,-10.024805093496392,44.48798944621678
-401.8679385380053,260.70607997412446,-25.37179261038971,9.459176991762439,1.6388500202047478,-3.8106279505913765,-10.091332661576603,43.12181644872163
-401.57616680070646,260.6329627021257,-25.81831381068179,9.475970759468193,1.6358265009917476,-3.705194030656429,-10.155850392954173,41.7014955137973
-401.2843950634078,260.5689633995836,-26.270554236416515,9.491805665096363,1.6341261752880019,-3.597564703808413,-10.218003675702455,40.23074469629074
-400.9926233261092,260.5143431264386,-26.728277919661846,9.506667099417866,1.633815668243459,-3.4877510564866103,-10.277361747649275,38.714723052687994
-400.70085158881045,260.46935850715477,-27.191203269904072,9.52054257201314,1.6349603960725687,-3.3757993129969117,-10.333421380499438,37.160465209474616
-400.4090798515117,260.43427135817905,-27.659004180972666,9.533422802003289,1.6376228726282234,-3.261791276028661,-10.38561551266312,35.57693790463554
-400.1173081142131,260.40933470918117,-28.131310440512927,9.545302185764063,1.6418620629097014,-3.145858117227326,-10.433330464327513,33.975381351730064
-399.82553637691433,260.3947972731816,-28.607700325231935,9.556178592217812,1.6477309750476798,-3.0281886525976778,-10.475927470539116,32.36915441699952
-399.5337646396157,260.39089142971716,-29.087696715858932,9.5660551922573,1.655276871907802,-2.909037465492391,-10.512761232204953,30.773540587405883
-399.24199290231695,260.3978269086314,-29.570772283752422,9.574940398060571,1.6645393735775815,-2.788715622969457,-10.543207532065939,29.205407605223733
-398.9502211650182,260.4157901870249,-30.05635251982418,9.582848787786617,1.6755493118197269,-2.6676246153433003,-10.566664377503821,27.68250894010236
-398.6584494277196,260.4449276279864,-30.543814422277553,9.589800317265622,1.6883272396591908,-2.5462857748940326,-10.582525403687498,26.22175552359025
-398.36667769042094,260.48533422433553,-31.032478187147177,9.595820946049034,1.702882674795122,-2.4252827434770543,-10.59023049283684,24.838044264331838
-398.0749059531221,260.5370568825943,-31.52163150044359,9.600941142546525,1.7192114633645872,-2.305206029695162,-10.589325790420133,23.544967917793556
-397.78313421582345,260.60007232729754,-32.01052222860784,9.605196002392542,1.7372960271099165,-2.186954608466138,-10.579259741070082,22.353577018720497
-397.4913624785248,260.67426280876344,-32.49835033166636,9.60862433684265,1.7571045545576323,-2.07137997063364,-10.55964639412545,21.270288680739547
-397.19959074122596,260.7594413525405,-32.984301134216395,9.611266720605228,1.7785884439856443,-1.959303069526026,-10.530274287404152,20.29847107889751
-396.90781900392733,260.8553256401212,-33.467545903557344,9.613164456117941,1.801683167328823,-1.8518761046723955,-10.490882138107294,19.438152893947727
-396.6160472666286,260.9615212532534,-33.947237301313706,9.614360101309488,1.8263096264887515,-1.7499430418098592,-10.441590462037766,18.684673876515433
-396.32427552932995,261.07752672538214,-34.422550283729194,9.614893659635314,1.8523737027267146,-1.654596702614384,-10.382525371956076,18.03110868717368
-396.0325037920312,261.202752392146,-34.89267836477927,9.614802912519538,1.879766948877151,-1.566811134166261,-10.314013705595826,17.4659474114782
-395.74073205473246,261.33647463601227,-35.35683775195944,9.614123456260463,1.9083706771145623,-1.4875781939255153,-10.236474012394664,16.975036946922437
-395.44896031743383,261.4778793320148,-35.81429182472558,9.612885009901458,1.9380543763633649,-1.417778520320053,-10.150405061583765,16.540420156934907
-395.1571885801352,261.6260892038726,-36.2643662254581,9.611112864009382,1.9686794131303342,-1.3572607365247162,-10.05696767427154,16.141980325641143
-394.86541684283634,261.78026340968654,-36.706495889320415,9.60882609330261,2.000100739611877,-1.305167582642271,-9.957706024288823,15.760901072817312
-394.5736451055377,261.9396566377042,-37.140254150352625,9.60603737617488,2.0321717760043714,-1.2606299993394736,-9.854067396207494,15.381196822129159
-394.2818733682391,262.1035765307763,-37.56530646684484,9.602757825356361,2.0647500869656423,-1.222732689590467,-9.747394869762275,14.990097179094745
-393.99010163094033,262.2714163253867,-37.9814322712324,9.598992984635471,2.0976984518420085,-1.190805719364934,-9.638730279937297,14.577702404791712
-393.6983298936416,262.4426368110706,-38.38849102712416,9.594746184741748,2.130887738027382,-1.1640178780460442,-9.529084989838445,14.13799248524261
-393.40655815634295,262.6167556678084,-38.78641005089673,9.59001869013382,2.164198022142864,-1.1418751870740314,-9.419123389120054,13.666490773487261
-393.1147864190442,262.79333438436146,-39.17516627678297,9.584812859754335,2.1975206365754545,-1.1237075180533023,-9.30951505586235,13.161389351267657
-392.82301468174546,262.9720031566105,-39.554782472158834,9.5791272323347,2.230754221258781,-1.109097381903332,-9.200658898470087,12.621894634493565
-392.53124294444683,263.15241280198654,-39.925312775623084,9.572962329892466,2.2638091606861996,-1.0976423018725723,-9.092887414847647,12.04796964269574
-392.2394712071481,263.33425696236105,-40.28683285465679,9.566317634363733,2.2966037208644834,-1.0889489113415372,-8.986455434491305,11.440478583838434
-391.94769946984945,263.51726261417133,-40.63943424906194,9.559193106711657,2.32906465755116,-1.082725492250887,-8.88150855639758,10.80036327471452
-391.6559277325507,263.70118411920953,-40.98322038417089,9.551587121486643,2.361125232413594,-1.0787186763997594,-8.778140235570723,10.128586992439837
-391.36415599525196,263.8857910451948,-41.31829647072223,9.543500939335829,2.392727005004737,-1.0766985883048634,-8.676411074449227,9.426287813847258
-391.07238425795333,264.07088020769186,-41.6447767744236,9.53493408691339,2.423816903716023,-1.0764687466131915,-8.576343486537985,8.69442957077759
-390.7806125206547,264.256260053117,-41.96276731654543,9.525885940703409,2.4543461440756276,-1.0778612359433424,-8.47793875029398,7.933904111987427
-390.48884078335584,264.44175321766204,-42.27238298530275,9.516356949939128,2.4842726660708134,-1.0807339517803551,-8.381181485108874,7.145613203724719
-390.1970690460572,264.62719847217886,-42.573733166493504,9.50634724415753,2.513558055284721,-1.0849621856257303,-8.286040757249602,6.330241046146386
-389.9052973087586,264.8124446319995,-42.86691836056743,9.495856969163995,2.5421670440091355,-1.0904412503752279,-8.192475535973612,5.48838417030887
-389.61352557145983,264.99734820899783,-43.15204809852409,9.484885963608859,2.5700692560794023,-1.0970808250300166,-8.100443892283034,4.6206631886862155
-389.3217538341611,265.1817766743134,-43.42921253530432,9.473434103622575,2.5972354757084077,-1.1048050132558147,-8.009895254517554,3.7275726126248085
-389.02998209686245,265.36560458104304,-43.6985072131902,9.461501528526847,2.623640684392096,-1.1135459617422716,-7.920777768420189,2.809415187680351
-388.7382103595637,265.5487051339161,-43.960024738471844,9.449088624233974,2.649262766899551,-1.1232503822001005,-7.833040818218787,1.866708773813391
-388.4464386222651,265.73095930042194,-44.21384627111593,9.436195857254207,2.6740809660086415,-1.1338728116003494,-7.746627662770434,0.8999687971581056
-388.15466688496633,265.9122652314306,-44.46005461982284,9.422821735910377,2.698076146548193,-1.1453716702484127,-7.661482614823802,-0.09067399757120831
-387.8628951476676,266.09250068515587,-44.69872310825993,9.408967797099901,2.721232241646489,-1.1577181929751001,-7.577553390861018,-1.1046390123784904
-387.57112341036895,266.2715633281585,-44.92992363412145,9.394633585375061,2.7435339710996636,-1.170885062434844,-7.494782924082587,-2.1416932954334524
-387.2793516730702,266.4493484064507,-45.15372229614382,9.379819142955698,2.7649676618986145,-1.1848529201180338,-7.413116070152853,-3.2014423893210378
-386.98757993577146,266.62575248402675,-45.370180913101876,9.364524837936273,2.785521160898501,-1.1996046233795639,-7.332498162046122,-4.2835274307572275
-386.69580819847283,266.80067729072357,-45.579353433054315,9.348750149624664,2.8051825243009403,-1.2151303792936545,-7.252873555006183,-5.387583852671621
-386.4040364611742,266.9740188032338,-45.78129626445661,9.332495667443066,2.8239424019027997,-1.2314222704818978,-7.174188315487933,-6.513193822671376
-386.11226472387534,267.14567326842234,-45.97605338852735,9.315761071041177,2.8417907643703897,-1.2484771882206893,-7.096387229268529,-7.659984374901446
-385.8204929865767,267.315548719727,-46.16367170316356,9.298547069473845,2.8587200023549055,-1.2662886177405448,-7.019418197736798,-8.82755172359055
-385.5287212492781,267.48354363316184,-46.3441866599142,9.280853926303616,2.8747219941349127,-1.2848589197027587,-6.943226859749448,-10.01540474695876
-385.23694951197933,267.6495586646124,-46.517633832786075,9.26268171686428,2.8897897770468997,-1.3041920528738111,-6.867760018128362,-11.223224844286532
-384.9451777746806,267.81349493055296,-46.68404174798346,9.244031013409625,2.9039168520696923,-1.3242928053724785,-6.79296469200705,-12.450484969689123
-384.65340603738196,267.9752501364217,-46.843436887740424,9.224902564810012,2.917097594108405,-1.3451671731499717,-6.718788172071878,-13.696710574529238
-384.3616343000832,268.1347291712166,-46.99583826297081,9.205296904529911,2.9293263152903553,-1.3668242976363445,-6.645176903132486,-14.961410614948083
-384.0698625627846,268.2918319714568,-47.14125962438397,9.185214369432487,2.9405974490867908,-1.389274050140668,-6.572076980703416,-16.244075023079237
-383.77809082548583,268.4464563358889,-47.2797140533234,9.164656164468992,2.9509066810118205,-1.4125277785257602,-6.499435904157839,-17.544180982646658
-383.4863190881871,268.5985009941863,-47.41120832226537,9.143623311851625,2.9602496139514294,-1.4365982528334702,-6.427199912375083,-18.861176873264146
-383.19454735088846,268.7478640193004,-47.53574461088355,9.122116982313209,2.9686221212730026,-1.4614990533360106,-6.355315028286753,-20.19449262986765
-382.9027756135896,268.8944414798185,-47.653323239651776,9.100138895414938,2.9760208647938393,-1.4872453533577552,-6.28372792341848,-21.543522637228644
-382.61100387629097,269.03813253342395,-47.76393186065641,9.077689785108909,2.9824410870300406,-1.5138530078388148,-6.212382657767059,-22.907673972583083
-382.31923213899233,269.1788299950374,-47.867563688129444,9.054771781767812,2.9878801459318485,-1.5413389755534315,-6.141224803612374,-24.286297843898033
-382.0274604016936,269.3164306637933,-47.964191198566084,9.03138618550176,2.992332900133437,-1.569722610669765,-6.0701953691775525,-25.67880689870912
-381.73568866439484,269.45083031863896,-48.05380467951663,9.007536157385394,2.995798232795468,-1.599021287258668,-5.99923945611144,-27.084402178951745
-381.4439169270962,269.5819205092011,-48.13637904817176,8.983223397929923,2.998272855535849,-1.6292545992474972,-5.92830022597417,-28.502386101158635
-381.15214518979747,269.70959395248326,-48.21187959681148,8.958450541984993,2.999753254312692,-1.6604436672908605,-5.857317616088131,-29.932016349648965
-380.86037345249883,269.8337424070841,-48.280270314084206,8.933220401637161,3.0002364620245228,-1.6926100951994847,-5.786231811507508,-31.372487854154365
-380.5686017152001,269.9542568547611,-48.34151006669085,8.90753605865357,2.999719561015426,-1.7257757542267393,-5.714981085036507,-32.82299572815385
-380.27682997790134,270.0710275273043,-48.39555253143296,8.881400876742093,2.998199671523546,-1.7599633798174457,-5.643503003782242,-34.28267592872057
-379.9850582406027,270.18393944857905,-48.442345388830525,8.85481861841502,2.9956738100224785,-1.7951977411425266,-5.571733732012067,-35.75059395933677
-379.6932865033041,270.2928903348444,-48.481832956375044,8.827793089547725,2.9921393938464673,-1.83150058123731,-5.4996069901872735,-37.225848909055365
-379.4015147660052,270.3977675261475,-48.51395345440128,8.800328763911583,2.9875937514368043,-1.8688964722993624,-5.427055162992304,-38.7074097920814
-379.1097430287066,270.49844900448977,-48.53863779205082,8.772430597547158,2.9820338686195664,-1.9074136851304793,-5.354009848531826,-40.194219598128335
-378.81797129140796,270.5948274379928,-48.55581102031712,8.744103472334883,2.975456789848894,-1.9470768462690693,-5.280398654419197,-41.68519270190961
-378.5261995541091,270.68679340662084,-48.56539076983097,8.71535224101978,2.967859168917282,-1.9879124237111652,-5.206147569232843,-43.17920746243478
-378.23442781681047,270.7742298211747,-48.567289098145274,8.686182877346074,2.9592378549525704,-2.029947669973964,-5.131180423708654,-44.675010551753545
-377.94265607951183,270.85702216252537,-48.561418068969786,8.656602219397955,2.94959073745279,-2.073210515262316,-5.055419711793284,-46.17128254503883
-377.6508843422131,270.93506077745644,-48.547682157225864,8.62661721490736,2.9389154767027073,-2.1177276268186147,-4.97878544266795,-47.6666832452402
-377.35911260491434,271.00822303190216,-48.52596927780996,8.59623530298358,2.9272080773049427,-2.1635294399105973,-4.901191978190931,-49.159707561550285
-377.0673408676157,271.07639685941723,-48.49616405772823,8.56546392363131,2.9144650360267748,-2.2106445307449114,-4.822552591364057,-50.64887539426599
-376.77556913031697,271.13947052579556,-48.458155044566965,8.534312039868412,2.9006846641872093,-2.2591014988402054,-4.742779148979887,-52.132493098154136
-376.48379739301834,271.1973283340775,-48.41181444798597,8.5027887816106,2.8858637604973048,-2.308929569968287,-4.661778090208598,-53.608846971583866
-376.1920256557196,271.24985621072744,-48.357000184918476,8.470903369982814,2.869998030413258,-2.3601597956722444,-4.579452221303394,-55.07609781971287
-375.90025391842084,271.2969404846789,-48.293574807462164,8.438666139984516,2.8530850182458765,-2.4128212032833973,-4.4957021932831065,-56.53228140825535
-375.6084821811222,271.33846789833274,-48.221384412915356,8.406089051782516,2.83512133374717,-2.4669447237094486,-4.410424116240441,-57.975281450481965
-375.3167104438236,271.3743259337626,-48.14027156352501,8.373183706678454,2.816103917229242,-2.522560044358098,-4.323509950983964,-59.402872519258445
-375.0249387065247,271.40440645656804,-48.050071412158196,8.339963257059972,2.7960301445222373,-2.579696566186003,-4.234848951609112,-60.81266682390303
-374.7331669692261,271.4285915316383,-47.95060198242497,8.306440758921237,2.7748957988094425,-2.6383859497115654,-4.144323317380248,-62.202097168059275
-374.44139523192746,271.44677387985956,-47.84167686539379,8.272630999553556,2.7526977583721317,-2.69865759348002,-4.051812419148839,-63.56844158133899
-374.1496234946287,271.45884960613796,-47.7231091168772,8.238549998613907,2.7294342665259475,-2.7605400036076126,-3.9571930983216914,-64.90870698559169
-373.85785175732997,271.4647022438333,-47.59468347137838,8.20421477418673,2.7051007605952373,-2.8240620842076893,-3.8603329073357386,-66.21983534727327
-373.56608002003134,271.4642428215988,-47.4561980807257,8.169642721376691,2.6796964149028297,-2.889249931719788,-3.761100135184532,-67.49840080088067
-373.2743082827326,271.4573530137035,-47.30742088399583,8.134853754363887,2.6532173801211223,-2.956132991652184,-3.6593535221420597,-68.74079180965545
-372.98253654543385,271.44393263635385,-47.1481095032746,8.099867407508853,2.6256600991221473,-3.024737595997554,-3.5549453424659854,-69.94310923326557
-372.6907648081352,271.4238817894989,-46.97801913247739,8.0647059537531,2.597022602704613,-3.0950867355432234,-3.447726039528593,-71.10116445207159
-372.39899307083647,271.3971178856017,-46.79690505031961,8.029393513684616,2.5673050995075433,-3.1672019506838094,-3.337542849589765,-72.21037980634242
-372.10722133353784,271.3635411095819,-46.60449265922913,7.993955445885246,2.5365051237303056,-3.2411046756001087,-3.2242332524972577,-73.26588041857896
-371.8154495962391,271.3230589139097,-46.40049018944656,7.958417346628834,2.5046198674336853,-3.316813542140349,-3.1076284096218028,-74.26246329010712
-371.52367785894035,271.275588453152,-46.18461516269858,7.9228084917120345,2.471650283807078,-3.3943414852355005,-2.987557997704069,-75.19436974631317
-371.2319061216417,271.22104430362776,-45.95656616625014,7.887160248613862,2.4375968783901256,-3.4737017381254285,-2.8638458229447243,-76.0554227046202
-370.9401343843431,271.1593491011094,-45.716019599356365,7.851505609662551,2.402459651788225,-3.554901236421304,-2.736307833351808,-76.83896616333209
-370.6483626470442,271.09042591777205,-45.46264097184487,7.815880270870692,2.3662396703180892,-3.6379421984083864,-2.604755601230968,-77.53776194293701
-370.3565909097456,271.0142060021246,-45.196083760219295,7.780322287540795,2.3289392438618406,-3.7228226106838487,-2.468996285334385,-78.14394987387097
-370.06481917244696,270.93063077256176,-44.91601032112772,7.744871683466117,2.2905649491614284,-3.8095294001137603,-2.3288380111027918,-78.64898314544152
-369.7730474351482,270.8396518929294,-44.62204587882735,7.709572826577287,2.2511217894519846,-3.8980455851613756,-2.18408098718216,-79.04362924414028
-369.48127569784947,270.7412154015224,-44.31380867676327,7.674472518244698,2.2106170716115883,-3.9883457896190424,-2.034523808287998,-79.31778278867957
-369.18950396055084,270.635277548669,-43.990898417053565,7.639621660560401,2.1690595437010316,-4.080393152311768,-1.879962282619201,-79.46046080972638
-368.8977322232521,270.52180844516795,-43.65291849919346,7.605073769690495,2.126462839567667,-4.174136345777006,-1.7201952213814047,-79.45955816669806
-368.60596048595335,270.40078998121965,-43.299460237193834,7.570888255117011,2.0828435152043734,-4.269510324625075,-1.5550259076094002,-79.30206588365344
-368.3141887486546,270.2722033612603,-42.93008417454578,7.5371278408732,2.0382191538554277,-4.366436461172246,-1.3842554225265744,-78.97361565089754
-368.02241701135597,270.136062438925,-42.54436542200051,7.50385934043905,1.99261555694232,-4.46481323749319,-1.2077004049293607,-78.45857412684659
-367.73064527405734,269.9923762926102,-42.14185801461904,7.471156912219304,1.9460615408159583,-4.564515296936748,-1.0251844679118234,-77.73967379012137
-367.4388735367585,269.8411761231312,-41.72211230673244,7.4390990688826495,1.8985931591043168,-4.665390059634882,-0.8365511766522061,-76.79799649390952
-367.14710179945985,269.6825192873324,-41.28468734182648,7.407770991146426,1.8502559741678797,-4.767250898038763,-0.6416720959678504,-75.61290629027546
-366.8553300621612,269.51646182078804,-40.82910826205257,7.3772653864949085,1.8011003628233042,-4.86987256955383,-0.44044234789070963,-74.16138327546686
-366.56355832486247,269.34310772549577,-40.35493977073216,7.347681171912437,1.7511935213837666,-4.972978141940751,-0.23281062925826393,-72.41827049018471
-366.2717865875637,269.16257852622743,-39.86174399665188,7.319127627819785,1.7006143121436201,-5.076233002414052,-0.018782147972111394,-70.35574708696144
-365.9800148502651,268.97502103092035,-39.34908839249266,7.2917209804308,1.6494579684473254,-5.179230240087669,0.20155733370018122,-67.94310513222882
-365.68824311296635,268.7806435201945,-38.816574830612566,7.265589356161026,1.5978412291496427,-5.281473262699069,0.4280146427820445,-65.14660592148437
-365.3964713756677,268.5796829321705,-38.263837184285826,7.240870180030389,1.5459057771971687,-5.382358575322541,0.6602606747359618,-61.92908169218491
-365.10469963836897,268.37241222148833,-37.69055419171135,7.217715080757407,1.493821713180332,-5.481142895681105,0.8977873990702713,-58.24980486406471
-364.8129279010702,268.1592241596189,-37.096473382353736,7.196285596565088,1.4417983587561745,-5.576915447368119,1.1398335375159798,-54.06477665077013
-364.5211561637716,267.94056180151046,-36.481449921811254,7.176758901906826,1.3900893467751811,-5.668556807028977,1.3853267302950378,-49.32700902430003
-364.22938442647285,267.71695666610367,-35.845423992694606,7.159326584495512,1.3389973529510657,-5.754705557473926,1.632791010229002,-43.98712588568234
-363.9376126891741,267.48908144903595,-35.18852816612993,7.144195668644198,1.2888903415352841,-5.833686810739598,1.880199715021591,-37.99543069220826
-363.64584095187547,267.25773880271913,-34.51108667719616,7.131587407254684,1.2402066823515825,-5.903476566193796,2.1248477382867548,-31.304262813856635
-363.35406921457684,267.0239255478131,-33.81370486851954,7.121735465259652,1.1934676544116636,-5.961669008058152,2.3631633713603812,-23.87260165796085
-363.062297477278,266.7888281879838,-33.097339959055425,7.114884141242479,1.149281974078596,-6.0054495821248075,2.590544277996356,-15.672337149278754
-362.77052573997935,266.5538729653106,-32.363393550438055,7.111281873638494,1.1083473972500673,-6.031660361445519,2.8012396800377477,-6.697656833386044
-362.4787540026807,266.3207268664808,-31.613783649069905,7.11117381494581,1.0714383227712887,-6.03694298272663,2.9883731801509,3.0240874352929707
-362.18698226538197,266.0913090518554,-30.85105757618807,7.114787399260278,1.0393837820154426,-6.018029919703458,3.1442051292592295,13.419466658498525
-361.8952105280832,265.86773330204164,-30.078394930354087,7.122319826739713,1.0130168495509784,-5.972158474893759,3.26073585683671,24.359025350524245
-361.6034387907846,265.6522600665855,-29.29963349749156,7.133915950937292,0.9931144211898487,-5.897661324117074,3.3306655672121326,35.65318026888844
-361.31166705348585,265.4471311295365,-28.51911194844606,7.149653346567915,0.9803149338918202,-5.79509576377903,3.3488861901859717,47.05859128870935
-361.0198953161872,265.2543604915686,-27.741455454451238,7.169527732905983,0.9750457453992277,-5.667013710106378,3.313132271477608,58.29598177826555
-360.72812357888847,265.07562998267997,-26.971355519016267,7.193443690519954,0.9774717611376991,-5.517333611700957,3.224146000428513,69.07936420485991
-360.4363518415897,264.91217789023455,-26.213278921840217,7.221222198750267,0.9874718604767004,-5.350889987664473,3.0855612341343965,79.14931636779463
-360.1445801042911,264.76478104527183,-25.47127820521746,7.25260846777115,1.004660396216628,-5.172907878415425,2.9033590723266784,88.29931436856297
-359.85280836699235,264.63376160510177,-24.748819211586664,7.287293417395803,1.028435706847063,-4.9884569886343115,2.6850678009849482,96.39206629279366
-359.5610366296936,264.5190389918345,-24.048675707038928,7.324934543609255,1.0580523099344292,-4.802098714770972,2.4389459204817325,103.36404149644355
-359.269264892395,264.42019760411466,-23.37292674181441,7.365178564683474,1.0926923760367842,-4.617566074284887,2.1731983108975848,109.21801809622572
-358.97749315509634,264.33658450062916,-22.72296422309188,7.407678885878347,1.131532424578575,-4.437755538482491,1.8953783735017584,114.00941864520199
-358.6857214177975,264.2673695102395,-22.09959064141843,7.452109367228747,1.1737896082392716,-4.264680002282483,1.6119379204798512,117.82782057224753
-358.39394968049885,264.2116327510032,-21.50309679938033,7.498172615226702,1.2187533032346016,-4.099585988462179,1.3280531184518476,120.77902895813959
-358.1021779432002,264.1684169457977,-20.933385526295957,7.545603714849145,1.2657978647266366,-3.943100720610272,1.0476222732026002,122.97099593404037
-357.8104062059015,264.1367735580612,-20.39006719762261,7.5941686097150045,1.3143864718270761,-3.7953980531994116,0.7734227065079878,124.50504263504669
-357.5186344686027,264.11578781103054,-19.872550971014025,7.6436619007068325,1.364065797551128,-3.6563244050071075,0.5073083247668753,125.47184351473179
-357.2268627313041,264.1046003394441,-19.380107248119316,7.693904468736589,1.4144578542768016,-3.5255238236135655,0.25042398052577375,125.94988643545456
-356.93509099400535,264.1024152556155,-18.911929716150624,7.744738687689803,1.4652491906876426,-3.402527820930473,0.003398329356396266,126.00595362954896
-356.6433192567067,264.1085029167828,-18.4671643414517,7.796026613986551,1.5161817370868573,-3.2868141318727546,-0.23350897261483122,125.69713828921554
-356.351547519408,264.12219749605885,-18.044934663810896,7.8476454490779,1.5670442824006807,-3.1778522290157256,-0.4602879515466806,125.07198342788276
-356.0597757821092,264.1428955368045,-17.644369055993028,7.899487204542785,1.6176630228158417,-3.075123198094919,-0.6771100880749352,124.1720871351465
-355.7680040448106,264.17005174638575,-17.26460514549125,7.95145697172851,1.667896092427919,-2.9781322058907826,-0.8842664150744843,123.03295884183228
-355.47623230751196,264.20317013847966,-16.904803042937704,8.00346891888764,1.7176274856313358,-2.886422597518607,-1.0821161378893622,121.68569122826806
-355.1844605702131,264.241806228,-16.564156839531403,8.055447479695683,1.766761343674313,-2.7995772236193153,-1.271073853653255,120.15677342063229
-354.8926888329145,264.2855555885331,-16.241886592725855,8.107324690585841,1.815219898645252,-2.7172125415618074,-1.4515708772085825,118.46946889261692
-354.6009170956157,264.3340531484272,-15.93724868195396,8.159040016348587,1.8629391604333139,-2.6389812477655217,-1.624050451593918,116.64399504653018
-354.309145358317,264.3869652171205,-15.64953014980364,8.21053870072995,1.909867284223902,-2.5645691186136377,-1.7889514289964517,114.69812335013003
-354.01737362101835,264.4439909776534,-15.378056076616586,8.261772048722033,1.9559615147546454,-2.4936914245767396,-1.9467063497406163,112.6473351740544
-353.7256018837196,264.504854486343,-15.122182946178352,8.312696033079877,2.001187363227378,-2.426089182084495,-2.0977324240202004,110.50530764589888
-353.433830146421,264.5693084713929,-14.881305502898877,8.363271385919665,2.04551616188451,-2.361527799414492,-2.2424327505851847,108.28389655334738
-353.1420584091222,264.6371225882131,-14.654842246112416,8.413462006298815,2.0889257395229817,-2.2997931503318516,-2.381186153188462,105.99380165309526
-352.8502866718235,264.70808787162554,-14.442247209951217,8.463235843591018,2.13139784355069,-2.240688346637831,-2.514355407150663,103.64443386550847
-352.55851493452485,264.78201324657755,-14.243001712006436,8.512563738868065,2.1729182093919786,-2.184037116916235,-2.6422827690834683,101.24391263644368
-352.2667431972262,264.85872498583575,-14.056619607348962,8.561419521766174,2.2134751038343694,-2.129675755072025,-2.7652916931268168,98.79951901313122
-351.97497145992736,264.9380605037279,-13.88263138216127,8.609778808487523,2.2530606249535285,-2.077456895292758,-2.88368294664104,96.31781796017752
-351.68319972262873,265.0198727577786,-13.720600087862604,8.657620443987225,2.2916683071280546,-2.0272375647517977,-2.9977442521855577,93.80467182007494
-351.3914279853301,265.1040271158033,-13.570112007226186,8.704924635779948,2.329293396022668,-1.9788937649311915,-3.1077445915697486,91.26507888670295
-351.09965624803135,265.1903962765081,-13.43076866109023,8.751673539766543,2.3659337863331986,-1.9323093341737452,-3.2139352496782445,88.70363128485671
-350.8078845107326,265.27886623581537,-13.3021997921256,8.797850945765802,2.401587660737433,-1.8873766491936166,-3.3165540908781135,86.12433121857586
-350.516112773434,265.36933079401086,-13.184052581004112,8.843442095131204,2.4362546745681866,-1.8439968062610477,-3.4158235308530225,83.53076428131878
-350.22434103613523,265.46169352078596,-13.07599191989468,8.888433417918261,2.4699355082029055,-1.8020771427237314,-3.511952791801429,80.92614086677672
-349.9325692988365,265.55586076887005,-12.977703354904563,8.932812936266426,2.5026314391727276,-1.7615352121296113,-3.605138583860999,78.31326540445313
-349.64079756153785,265.651750823759,-12.88888635591486,8.976569775342691,2.5343447998869593,-1.722290867514255,-3.695565722644305,75.6947398227311
-349.3490258242391,265.7492852938706,-12.809256684726918,9.019692889582307,2.565077914403722,-1.68427263266337,-3.783407781244519,73.07275498987406
-349.0572540869405,265.8483931367275,-12.738542411517978,9.06217352930386,2.5948345855136012,-1.6474125058142652,-3.8688267854182854,70.44936668407557
-348.76548234964173,265.9490054736039,-12.676488555532243,9.104003114954356,2.6236183519688163,-1.6116490277990334,-3.9519767823895613,67.82640773535226
-348.473710612343,266.0510645920372,-12.622864729130487,9.145173400479415,2.65143132224688,-1.5769225223930432,-4.033005743530834,65.20546650783491
-348.18193887504435,266.15451023940625,-12.577429503693281,9.185678091580847,2.6782798285857012,-1.5431812264399396,-4.112046584657594,62.588051047413046
-347.8901671377457,266.2592921823456,-12.539971937582006,9.225510192207121,2.7041672255681557,-1.5103734611459974,-4.189229119041116,59.97537310559007
-347.59839540044686,266.3653594883203,-12.510284291720833,9.264663879695316,2.7290985177330103,-1.4784531505388199,-4.264674099623972,57.368625882674564
-347.30662366314823,266.47266621879146,-12.488171468696123,9.30313371202724,2.753078558830897,-1.4473771037586531,-4.338496368433374,54.7688446389793
-347.0148519258496,266.5811696365081,-12.47344852548618,9.340914706077783,2.7761123575138344,-1.4171048474436179,-4.410803686312465,52.17695679873893
-346.72308018855085,266.6908299187916,-12.465940123218012,9.378002299025608,2.798205060770137,-1.3875989762126237,-4.481698267434656,49.59380703209059
-346.4313084512521,266.80161010430845,-12.465483424544011,9.414392363865094,2.8193615124830016,-1.358825105653525,-4.55127732276438,47.02012134855697
-346.1395367139535,266.91347422898355,-12.4719210120492,9.450080980241562,2.8395870157304572,-1.3307501056278794,-4.619631744319836,44.4565542491823
-345.84776497665473,267.02639035332106,-12.485089655015013,9.485065291980277,2.8588892817205362,-1.3033444324629664,-4.6868461949163525,41.903831744010894
-345.555993239356,267.14033073548967,-12.504863304295077,9.519340298886613,2.877270753081728,-1.2765806464436666,-4.753005240379647,39.362271255402604
-345.26422150205735,267.25526338972446,-12.531103980823746,9.55290452974065,2.894738447388074,-1.2504325887746108,-4.8181851132491635,36.83245424844539
-344.9724497647586,267.37116226752056,-12.563683447834547,9.585754786096057,2.9112979488539117,-1.2248762505564643,-4.882460190796448,34.31482125270975
-344.68067802746,267.4880053340873,-12.602478610114233,9.617889039335012,2.926955719860941,-1.1998887258450268,-4.945899169045419,31.80974403295729
-344.38890629016123,267.6057669232868,-12.647378282619346,9.649304682648543,2.941717063009981,-1.1754498007860676,-5.008569482255902,29.317540974419128
-344.0971345528625,267.72442438540656,-12.698277962976112,9.679999540389067,2.9555874463484635,-1.1515403397596362,-5.070534683673785,26.838508537839832
-343.80536281556385,267.84395749251536,-12.755068989071479,9.709971793448252,2.968573845855738,-1.1281436776345939,-5.131853014071305,24.37293813033497
-343.5135910782652,267.96434583284446,-12.81765813172863,9.739219820674947,2.980682055157,-1.1052442004519099,-5.192580922667375,21.92103728072797
-343.22181934096636,268.0855704803048,-12.885952036680864,9.767741901357724,2.9919185097421743,-1.0828287435178758,-5.252773098832478,19.4830848701808
-342.93004760366773,268.20761255604526,-12.959870102796788,9.795535566162913,3.0022881611759025,-1.0608861597125154,-5.312479977864188,17.0591431664579
-342.6382758663691,268.33045488529,-13.039329122433081,9.822600711742329,3.011798511389851,-1.0394066537871145,-5.37174904689801,14.649492888043511
-342.34650412907035,268.4540799709014,-13.124245399680706,9.848935358674959,3.0204564903614854,-1.018382499506888,-5.430624457864205,12.25423574337089
-342.0547323917716,268.578470899923,-13.214550039878095,9.874538432433242,3.0282683569186126,-0.9978076429957073,-5.489149333328258,9.873533117076459
-341.762960654473,268.7036109459742,-13.310173971652011,9.899408803481556,3.035240952252705,-0.977677253081832,-5.547363604876998,7.507484969649033
-341.47118891717423,268.829483509698,-13.411051926984722,9.92354541724402,3.0413812696416795,-0.9579879983041564,-5.605305894540352,5.1562144771808915
-341.1794171798756,268.95607199049607,-13.517122257698665,9.94694729392347,3.04669646857598,-0.9387378778757608,-5.663012161376296,2.8198331298567063
-340.88764544257674,269.08335968961575,-13.62832671118578,9.969613515194936,3.0511938863974217,-0.9199265692306051,-5.720516154529921,0.4984244153083227
-340.5958737052781,269.2113297383572,-13.74461026820577,9.991543219062281,3.05488104923009,-0.9015538505727948,-5.777850280196284,-1.8079254828148352
-340.3041019679795,269.33996775689076,-13.865923879389479,10.012735263654683,3.0577651530358603,-0.8836225227578228,-5.835044979754819,-4.09917696853364
-340.0123302306806,269.46925174228824,-13.99221543291765,10.033189282121263,3.0598547059351175,-0.8661404619307215,-5.892125277356936,-6.375263499109571
-339.720558493382,269.5991632962636,-14.12343539691081,10.052904685246336,3.061158342877497,-0.8491175697012062,-5.949113836013261,-8.636107334098181
-339.42878675608335,269.72968386483905,-14.259542156211115,10.071880537430449,3.0616840288055154,-0.8325676440089997,-6.006032270265998,-10.881642901363842
-339.1370150187846,269.86079229334354,-14.400493326102001,10.090116170143864,3.0614404862864895,-0.8165061886352899,-6.062899334357515,-13.111807621686948
-338.84524328148586,269.9924658924049,-14.54624841562837,10.107610952694717,3.0604367275254134,-0.8009515767912135,-6.119731356690376,-15.326479179061252
-338.55347154418723,270.12468021754603,-14.696768602037189,10.124364290141664,3.0586820704885627,-0.7859246131094235,-6.1765427513893165,-17.52557836805512
-338.2616998068885,270.2574112056678,-14.852018219693157,10.140375974031114,3.0561862834087608,-0.7714497030060308,-6.233345449624797,-19.709020848412457
-337.96992806958986,270.3906206034179,-15.011961666732942,10.155645243669644,3.052958852536274,-0.7575572866285666,-6.290146836194903,-21.876729250998782
-337.6781563322911,270.5242889628663,-15.176553396213299,10.170170871960572,3.049011040307847,-0.7442827908438858,-6.34694997171845,-24.028726985867735
-337.38638459499236,270.6583757491923,-15.34577100304225,10.183952957326445,3.0443523962895007,-0.7316682712158323,-6.4037557934372975,-26.164877449389433
-337.09461285769373,270.7928408178384,-15.519580094729948,10.196990889148564,3.038993796181844,-0.7197597505074307,-6.460562485938127,-28.285076197409534
-336.8028411203951,270.92764484383815,-15.697937737670495,10.209284305101804,3.0329477398525153,-0.7086112026477182,-6.5173630123731385,-30.38920066379503
-336.51106938309624,271.06273944071773,-15.880816429276475,10.220832608436343,3.0262250202662897,-0.698287208644105,-6.574145052535951,-32.47718617908537
-336.2192976457976,271.19806991763585,-16.06817831850379,10.231635741504599,3.018838221569425,-0.6888595047969116,-6.630890939039103,-34.54889159078868
-335.927525908499,271.3335726630437,-16.259982193838443,10.24169289874183,3.010799808630934,-0.6804081154071637,-6.68757813544468,-36.60430381785004
-335.6357541712001,271.46918388191494,-16.45619309454431,10.251003607217429,3.002122198255306,-0.6730255774939806,-6.744180978943016,-38.64331799410637
-335.3439824339015,271.60482513282113,-16.656771208702082,10.25956689635251,2.9928177725492984,-0.6668274043799698,-6.800661157391888,-40.66587439312804
-335.05221069660286,271.7404121509252,-16.861671201290005,10.267383845953258,2.98290118278834,-0.6619391375327104,-6.856970075079293,-42.67190661339537
-334.7604389593041,271.8758483235967,-17.07084433000414,10.27445375785959,2.9723858193315547,-0.6585007625450556,-6.913056564533725,-44.661436741836376
-334.46866722200537,272.01102001207653,-17.28424541148084,10.280774772797953,2.96128329954852,-0.6566916077155366,-6.9688517491690645,-46.63453955291646
-334.17689548470673,272.1457986533382,-17.501809212030754,10.28634736757383,2.949608594242585,-0.6567152451930262,-7.024267544284527,-48.59129445718794
-333.885123747408,272.28003939939333,-17.72348062566912,10.291169722022081,2.937373135412315,-0.6588106214681804,-7.079202967061415,-50.53203875861874
-333.59335201010936,272.4135758857935,-17.949175005366893,10.29524218892235,2.924591936140312,-0.6632793555645139,-7.133518501666471,-52.45713381408712
-333.3015802728106,272.54620374685874,-18.178809749268797,10.298564876122697,2.9112776174482073,-0.6704788528535817,-7.187047269517174,-54.36723795714617
-333.00980853551187,272.67769103405806,-18.412282042146963,10.301135847369512,2.8974412782876797,-0.6808587737907034,-7.239574679865755,-56.263499076394886
-332.71803679821323,272.8077747239493,-18.64947136440581,10.30295420450291,2.883094269306068,-0.6949209715467246,-7.290858534484912,-58.1476224377063
-332.4262650609146,272.9361296127755,-18.890245849328796,10.30401560233212,2.8682421465951218,-0.7130999267436515,-7.340701750665437,-60.021955641947166
-332.13449332361574,273.0624247812667,-19.134455565852985,10.30431852559434,2.8528926922195383,-0.7352790964833518,-7.389203230601235,-61.88900516109196
-331.8427215863171,273.18636141835293,-19.381988901711782,10.303857972252338,2.8370475736106937,-0.7610568267336163,-7.43661973260946,-63.750943041357495
-331.5509498490185,273.3076597476465,-19.632727077531847,10.30263123762274,2.820710762224604,-0.7900590923426861,-7.483182521646442,-65.60935698703105
-331.2591781117196,273.4260818376664,-19.886599186468942,10.30063192325598,2.8038802638713456,-0.8219920123107923,-7.529077588623462,-67.46560179653756
-330.967406374421,273.54139496763804,-20.14351725362187,10.297854761195834,2.7865560745149165,-0.8566235909126599,-7.5744520898673215,-69.32065608254315
-330.67563463712236,273.65340755166585,-20.40343159440071,10.294295596044364,2.7687376475447834,-0.893777914293467,-7.6194177958906675,-71.17534846051434
-330.3838628998236,273.76191955604,-20.66627833741872,10.28994856835077,2.7504234671149628,-0.9333297329570774,-7.664058414219216,-73.03046035976949
-330.09209116252487,273.86675164479243,-20.932017557039813,10.284806663987636,2.7316101197741487,-0.9751636247529895,-7.708451174150429,-74.8866447516559
-329.80031942522623,273.96772949400435,-21.200607815946043,10.27886360185772,2.712295233513862,-1.0192127070375852,-7.752643488396537,-76.74445298274358
-329.5085476879275,274.0646795498251,-21.472003595927603,10.27211433001053,2.6924779122404505,-1.0654265682498054,-7.796672556769135,-78.60444285334721
-329.21677595062886,274.1574372135375,-21.746178800259933,10.264550728961789,2.672153979443296,-1.1137627442718931,-7.840572851921925,-80.4671548568061
-328.9250042133301,274.2458361249753,-22.02309294292037,10.256166826288707,2.651322329660268,-1.1641933392787764,-7.884367891284114,-82.33289408854861
-328.63323247603137,274.32971336154657,-22.302714976075094,10.246956158003952,2.62998137960529,-1.2167155220410604,-7.928065070390792,-84.20212424415709
-328.34146073873274,274.40890343670713,-22.585018041228807,10.23691059535153,2.608128216172958,-1.271333840319014,-7.9716729125301615,-86.07530734144095
-328.0496890014341,274.48324257499604,-22.86997145171995,10.226022817606372,2.585761585525175,-1.328062445171808,-8.015193524791899,-87.95272279526372
-327.75791726413524,274.5525600871404,-23.157542648323446,10.21428631042763,2.5628812943267527,-1.386920951438196,-8.058622307191957,-89.83474644809364
-327.4661455268366,274.6166858544274,-23.447702095701125,10.201693258680255,2.539486671595393,-1.4479435997799293,-8.101949241985894,-91.7217376362493
-327.174373789538,274.67544454148856,-23.740418296753777,10.188236034980138,2.5155778821591013,-1.5111726771983158,-8.14516086643648,-93.61404481688294
-326.88260205223924,274.72865589581477,-24.035658593314153,10.173906882545483,2.4911557159395388,-1.5766591539593566,-8.188239165828934,-95.51198867427011
-326.5908303149405,274.77613394640747,-24.333388741747786,10.158697926253987,2.4662216682922606,-1.6444622463668979,-8.231160553778757,-97.41587355419006
-326.29905857764174,274.817686211098,-24.633572531625507,10.142601174926629,2.440778014339785,-1.7146484746921262,-8.273897494089518,-99.32596495023039
-326.0072868403431,274.85311301831587,-24.93617146143309,10.125608533201811,2.4148279019833234,-1.7872922923157792,-8.316418039807646,-101.2425256331635
-325.71551510304437,274.8822080296825,-25.241143523401206,10.107712287688836,2.388375985165784,-1.8624757959104954,-8.358685134966917,-103.1657466091581
-325.4237433657456,274.9047519379586,-25.54844612860212,10.088903209525132,2.3614263474156947,-1.9402930430819803,-8.400655326372972,-105.09585317829061
-325.131971628447,274.9205175895793,-25.858032957963353,10.069173009962471,2.3339852754439483,-2.020846571132844,-8.442277310975777,-107.03289837388337
-324.84019989114836,274.92927113200085,-26.1698480675179,10.048513702854546,2.3060611461172997,-2.10424720986297,-8.48349371015133,-108.97713094082089
-324.5484281538495,274.93076436242444,-26.4838325468516,10.026917624436653,2.277663794218299,-2.190613530890806,-8.524235658619173,-110.92859662731308
-324.25665641655087,274.92472998122884,-26.799927238542438,10.00437486633787,2.24880206164958,-2.2800781938726997,-8.564429792259324,-112.8872634156563
-323.96488467925224,274.9108975511724,-27.118061029979906,9.980877678115839,2.2194893400391953,-2.3727776125569964,-8.60398858651305,-114.85306109639865
-323.6731129419535,274.88897399660624,-27.438161977550415,9.9564173531892,2.1897393544213095,-2.4688611096613857,-8.642813544688865,-116.8258417672605
-323.38134120465475,274.85865384922795,-27.760144030401435,9.93098504899965,2.1595681829635898,-2.568487562925493,-8.680791745207067,-118.80529059858193
-323.0895694673561,274.819616281521,-28.083910929211804,9.904573282914845,2.1289954553457737,-2.671825381799442,-8.717794981427964,-120.79089465647999
-322.79779773005737,274.77151902578566,-28.40935788960368,9.87717289589167,2.0980415086451627,-2.779053444956333,-8.753676686442324,-122.7820611392478
-322.50602599275874,274.71400434168595,-28.73637182903318,9.848776850239489,2.0667314759798088,-2.890356473153196,-8.78827122873911,-124.77790010244473
-322.21425425546,274.6466963952299,-29.064816312838033,9.81937743289584,2.0350930878634887,-3.005926629133146,-8.82138947805666,-126.77729255119944
-321.92248251816125,274.5691911759079,-29.3945499155568,9.788967026509292,2.0031568042633263,-3.125964908946542,-8.85281680797742,-128.77870278123368
-321.6307107808626,274.48106828154965,-29.7254064454051,9.757538603456451,1.97095759018415,-3.250675738334276,-8.882311347409452,-130.78031453026298
-321.33893904356387,274.381885687261,-30.057203658533613,9.725086288520998,1.938535365454068,-3.3802641256013732,-8.90959831759182,-132.7798269566805
-321.0471673062651,274.2711870503563,-30.389728976323507,9.691605603006487,1.9059360436410975,-3.514930808390769,-8.934368113582483,-134.7743523679592
-320.7553955689665,274.1484829000133,-30.722751665314213,9.657092084004715,1.873209447772441,-3.6548760559805955,-8.956271255298445,-136.76038301317672
-320.46362383166786,274.0132673519932,-31.056009676404784,9.621542041895948,1.840411509462267,-3.800287669965577,-8.974912749893194,-138.73374965030683
-320.171852094369,273.8650148224254,-31.38920781119658,9.584954307293122,1.8076058310971963,-3.9513369699391685,-8.989852586028361,-140.68941170596145
-319.88008035707037,273.70318231218306,-31.72201717229149,9.547329010358633,1.7748631794484633,-4.108171234383243,-9.000600493283645,-142.62143408459755
-319.58830861977174,273.52720931814645,-32.05405995782242,9.50866786737612,1.7422615581002148,-4.270907481659153,-9.006612259672991,-144.52302609504846
-319.296536882473,273.3365279771351,-32.384923636135795,9.468977245525242,1.7098901652591039,-4.43961349242788,-9.0072924977028,-146.38630652637292
-319.00476514517425,273.13056174911014,-32.7141405675491,9.428264036878813,1.6778452445273,-4.614308734612356,-9.001994311383354,-148.20253916023412
-318.7129934078756,272.9087349446106,-33.04119704139703,9.386538880612147,1.6462337626583246,-4.794943160755539,-8.990025716696012,-149.96187537552987
-318.42122167057687,272.67047407585244,-33.36551578387859,9.343815081942132,1.6151715255743637,-4.981389701255621,-8.970650092773333,-151.65366256351325
-318.12944993327824,272.4152228172953,-33.68646891838832,9.300110068868277,1.5847855628703436,-5.173425558661865,-8.943104865783363,-153.26638368479712
-317.8376781959795,272.14246141691837,-34.00336006088138,9.255446620225893,1.5552144086035857,-5.370717894731008,-8.906609937709085,-154.78773028075074
-317.54590645868075,271.85169693171923,-34.31543785046706,9.20985019165891,1.5266049796428265,-5.572822803494223,-8.860387793612363,-156.2048640965518
-317.2541347213821,271.54249795276064,-34.621890440403234,9.163351854847662,1.4991150469778465,-5.779170282648364,-8.803688367946666,-157.50459294102376
-316.96236298408337,271.2144902208415,-34.92184750845284,9.115986328313975,1.4729093967459803,-5.98906778327504,-8.735808390388549,-158.67375016764458
-316.6705912467846,270.86738822486683,-35.21439002350896,9.067795150637194,1.4481620210417476,-6.201695605562904,-8.656125011584633,-159.6993175415545
-316.378819509486,270.5009886175639,-35.49855135234518,9.018820800232543,1.425048364133559,-6.416133857163847,-8.564112715947742,-160.56844287881202
-316.08704777218736,270.115202349682,-35.77333099453435,8.969113609891469,1.4037492869502308,-6.631353638060935,-8.459377303386633,-161.26909970547914
-315.7952760348885,269.71005699564876,-36.03771158374699,8.918728497635826,1.3844460403456218,-6.846244274239727,-8.341666214311186,-161.78977815747163
-315.50350429758987,269.2857004219768,-36.29065531261453,8.867722028263993,1.367313372669232,-7.059635201783371,-8.210887840278914,-162.1196396615437
-315.21173256029124,268.8424312521028,-36.53112897107307,8.816158328389834,1.3525216847645063,-7.270294062682499,-8.06711832277477,-162.24826396810803
-314.9199608229925,268.3806681922139,-36.75811524389671,8.76410348611269,1.3402281832453564,-7.476957051580547,-7.910606002597533,-162.16565244911908
-314.62818908569375,267.90098083223415,-36.97062355602583,8.71162770206007,1.3305748672529503,-7.6783278376333985,-7.741774042410577,-161.86219807725033
-314.3364173483951,267.4040988263777,-37.1677098719671,8.658806932379553,1.3236859545127726,-7.873092008076706,-7.561239305032903,-161.32897712977004
-314.04464561109637,266.8908953698898,-37.34848252935822,8.605719120863991,1.319660666887994,-8.059938092718905,-7.369798276919556,-160.55814130309102
-313.75287387379774,266.36239879687656,-37.51213076697996,8.552446446994768,1.318573237881785,-8.237591694282983,-7.168456392545779,-159.54377015021385
-313.461102136499,265.819766160414,-37.65792331624933,8.499072098570936,1.3204669641485276,-8.404836876860982,-6.958390663734141,-158.2822604313123
-313.16933039920025,265.2643007923312,-37.78523949816433,8.445682634201722,1.3253562843382614,-8.560555765659101,-6.740968360473866,-156.77334285823835
-312.8775586619016,264.6974235272536,-37.89357463188876,8.39236523353425,1.333224357483259,-8.703762508053252,-6.517714430831698,-155.02038242030645
-312.58578692460287,264.1206488677159,-37.98254571165713,8.339204692382719,1.3440227860102272,-8.833625828419853,-6.2902652749750425,-153.03016130320327
-312.2940151873041,263.53559593327617,-38.051919838397374,8.286286410448602,1.3576767021480374,-8.949489487217352,-6.060356142513453,-150.81352318137965
-312.0022434500055,262.94390428803166,-38.10157353667224,8.233689408922539,1.374081356057164,-9.050864067195176,-5.82973640117825,-148.38459970555434
-311.71047171270675,262.34730083259626,-38.13155945080836,8.181492390458354,1.3931133901955184,-9.137449675550343,-5.600181437094967,-145.7606858186879
-311.418699975408,261.7474904357492,-38.14204684791657,8.129766053345255,1.414628086641449,-9.209097008501738,-5.373405703436148,-142.9620833690267
-311.1269282381094,261.14618956260784,-38.13334237107585,8.078577129309847,1.4384657912668128,-9.265778987663877,-5.151068085231398,-140.01117363146042
-310.8351565008106,260.54510348291495,-38.10588950944082,8.02798478133776,1.4644559041390532,-9.307548992694448,-4.934743378876328,-136.93230066377347
-310.543384763512,259.94591378304335,-38.06024755438339,7.978040652695706,1.492418517153337,-9.334450923881908,-4.725924588478975,-133.75078987558373
-310.25161302621325,259.3502612185582,-37.997070830677934,7.928788020666731,1.5221664737364213,-9.346487954634595,-4.526010932261869,-130.49232143686606
-309.9598412889145,258.75978522600803,-37.91716031034222,7.880265120640029,1.553511659246555,-9.343764851283382,-4.3362027832817445,-127.18264375073237
-309.6680695516159,258.1760331924852,-37.821346523816494,7.832500399952915,1.586260007860462,-9.327364176736923,-4.156843218202596,-123.84588889854817
-309.37629781431724,257.60037965937755,-37.710459626192595,7.785515788651879,1.6202186636869995,-9.298722731077326,-3.987878319206997,-120.50351773152926
-309.0845260770184,257.03404194258377,-37.585333607957885,7.739327402783428,1.6552004264209728,-9.259225488187539,-3.829156087765582,-117.17385879171145
-308.79275433971975,256.4780726429263,-37.44677318611108,7.693945550608517,1.6910253118154956,-9.210126247220172,-3.6804596272982355,-113.87223773365433
-308.5009826024211,255.93337325700818,-37.29556401416241,7.64937680128042,1.7275239798165618,-9.152586069254987,-3.5415083168528607,-110.61145439189417
-308.2092108651224,255.40071704893805,-37.132474136538605,7.605623980666858,1.7645386373574266,-9.087616562530423,-3.411999185692112,-107.40231333893762
-307.9174391278236,254.8807564651797,-36.958220073013905,7.562684815372523,1.8019218974913391,-9.016128370713629,-3.291586104438786,-104.25343403856324
-307.625667390525,254.37404393316675,-36.773513034614034,7.520558027360611,1.839539165471552,-8.938913786812975,-3.179923524271995,-101.17206238342133
-307.33389565322625,253.88103890393538,-36.579009976410404,7.4792370780544655,1.8772662911664568,-8.85667456208843,-3.076645426373479,-98.16391752445598
-307.0421239159275,253.40210724209638,-36.37536526484133,7.438714450940915,1.9149932407797299,-8.770028349762915,-2.98139495385036,-95.23367486099312
-306.7503521786289,252.9375577569385,-36.16318216037442,7.398981647131217,1.9526177560783928,-8.679501544369193,-2.8938190075101735,-92.38477238312699
-306.4585804413301,252.48763984325936,-35.9430286648275,7.360027593819162,1.9900473602389177,-8.585554920740032,-2.8135747097629427,-89.61997156139914
-306.1668087040315,252.05253928951788,-35.71545981411708,7.32184152828425,2.027200293705504,-8.4885926923781,-2.740333639124521,-86.94113347448284
-305.87503696673275,251.63239705683043,-35.480999656858344,7.284411623332038,2.064002926302262,-8.388959578908672,-2.673783621084221,-84.34954856574083
-305.583265229434,251.2273178445632,-35.24014720190181,7.247725172431624,2.100389119353099,-8.28695468511391,-2.6136231296793686,-81.84594252040101
-305.2914934921354,250.83737789930092,-34.99336506204062,7.211769473415939,2.13629856164074,-8.1828291305697,-2.5595719483650785,-79.43023135059406
-304.99972175483674,250.46261448679846,-34.74111914334679,7.176531083897734,2.1716794531643453,-8.076812178285795,-2.5113609901599365,-77.10210664342716
-304.7079500175379,250.10304129125734,-34.4838243450012,7.141996793981635,2.206484234810989,-7.969089119670864,-2.4687363946352052,-74.8608023257409
-304.41617828023925,249.75865095897169,-34.22190290821316,7.108153818646071,2.240671383456657,-7.859829301749321,-2.431457620305735,-72.7053792468219
-304.1244065429406,249.4294271298902,-33.95574127035689,7.0749892477527725,2.274202546267487,-7.749168104430469,-2.3993041801951778,-70.63435184849709
-303.8326348056419,249.11533166086284,-33.68571358030963,7.042489531253921,2.3070445682218472,-7.6372252998541565,-2.3720616374731347,-68.64619249046001
-303.5408630683431,248.81630501941356,-33.41217905119008,7.010642478377129,2.339168450408132,-7.524109655143299,-2.3495244199102445,-66.73903107348968
-303.2490913310445,248.53229346350284,-33.135481713450176,6.979435895884714,2.370547030579947,-7.409908115481825,-2.331501296568568,-64.91098420970245
-302.95731959374575,248.2632301077052,-32.855947689940066,6.94885794491636,2.401156407615443,-7.294695188869253,-2.317813120822626,-63.15994935827844
-302.665547856447,248.00902769458625,-32.57389295707205,6.918897016418705,2.430976674324672,-7.178539320096184,-2.308284777464183,-61.48373937143773
-302.3737761191484,247.7696155633591,-32.289615227410216,6.8895422081374145,2.4599879752024387,-7.061490234963447,-2.3027563414243737,-59.88013111001965
-302.08200438184963,247.54490400950402,-32.003406692535805,6.860783054174325,2.4881740209799306,-6.943594687285629,-2.30107334134058,-58.34680105733669
-301.790232644551,247.3348055231051,-31.715546158030644,6.832609679826995,2.515519770764242,-6.824892362892092,-2.3030883487116784,-56.88140351872495
-301.49846090725225,247.13922517087565,-31.42630220691085,6.80501241992358,2.542012414549906,-6.705412122367681,-2.3086626063771636,-55.481476873108335
-301.2066891699535,246.95807267340578,-31.13593407313468,6.777982593683967,2.567639851846195,-6.585181460032755,-2.317661291519323,-54.14463548678973
-300.9149174326549,246.7912623077079,-30.84468531765373,6.751512125632468,2.592390732454344,-6.4642182707477644,-2.3299608524017654,-52.86841848789934
-300.62314569535624,246.63868938453925,-30.5528035691916,6.725592291097837,2.616257139073746,-6.3425451442498915,-2.3454360986012306,-51.650308653079925
-300.3313739580574,246.50025312673955,-30.260522050034243,6.7002163310757235,2.6392312528767277,-6.220175965437393,-2.363970905243645,-50.487885026047195
-300.03960222075875,246.37587215641602,-29.968062981929283,6.675377651891675,2.6613046073235167,-6.097116294967331,-2.3854583643887226,-49.37867380015417
-299.7478304834601,246.2654424073084,-29.67564307808661,6.651069950166625,2.682471890589595,-5.973376457868608,-2.4097875564565396,-48.32015653872752
-299.4560587461614,246.16888870620872,-29.383475495462136,6.627288086903606,2.702725743326246,-5.848953936531472,-2.4368634444429493,-47.30975715530987
-299.16428700886263,246.08611129701413,-29.09176154986547,6.604026709924009,2.722062241121434,-5.7238533427950005,-2.466590604955149,-46.34500688584817
-298.8725152715639,246.0170186473633,-28.80070245245577,6.581281533631304,2.740477230782346,-5.598073777216347,-2.498873257429156,-45.423316288013176
-298.58074353426525,245.9615396140582,-28.510489667641455,6.559049447015332,2.7579652055160975,-5.471608442026069,-2.533628867352413,-44.542191380042915
-298.2889717969665,245.9195798976269,-28.22131163653915,6.537326929177835,2.7745238439158655,-5.344455906432583,-2.5707699951515104,-43.69903778096402
-297.99720005966776,245.89105846993937,-27.93334965945003,6.516111079075391,2.790150274952828,-5.2166112108446985,-2.6102195348307826,-42.891370020027956
-297.70542832236913,245.87588555675856,-27.646782801824443,6.495400010968984,2.8048428017705964,-5.088069309977093,-2.651897314994376,-42.11657922578531
-297.4136565850705,245.87400862793532,-27.361785910567065,6.475192944259825,2.8185967343269063,-4.958816775899214,-2.6957377228337998,-41.37202422319524
-297.12188484777164,245.88534079955727,-27.07852906694382,6.455488939075548,2.8314113313623333,-4.82884776163279,-2.741668648922023,-40.65512135487533
-296.830113110473,245.90981816077044,-26.79718367532946,6.43628819758263,2.8432839721506884,-4.6981515942875625,-2.789626197815628,-39.963220932655936
-296.5383413731744,245.9473546567541,-26.517903657082925,6.417590433446967,2.854215220411183,-4.566723038760918,-2.8395438373256643,-39.29362804191125
-296.24656963587563,245.99788837100184,-26.240852712541123,6.399398024293958,2.8642027826071983,-4.434548882691228,-2.891362541864352,-38.64364241996272
-295.9547978985769,246.0613534845146,-25.966191203096077,6.381712062740985,2.8732459763563094,-4.30162215358778,-2.945027312926152,-38.010647687260615
-295.66302616127825,246.13768631086714,-25.694068795029054,6.36453528081353,2.881344045322591,-4.16793257233523,-3.0004819738115285,-37.39183588427697
-295.3712544239795,246.2268241467705,-25.424645797402796,6.347870797412405,2.8884962998111745,-4.0334716824813235,-3.057677726451998,-36.78443117149898
-295.0794826866809,246.32870627317135,-25.158069107097784,6.331722466826028,2.894702437778414,-3.8982311185332517,-3.1165646239160676,-36.185614552987445
-294.78771094938213,246.44327334686938,-24.894487513605842,6.3160947944629955,2.8999622516576005,-3.762203679487899,-3.1770959538667,-35.59255488728615
-294.4959392120834,246.5704672804237,-24.63404821538571,6.300992966368343,2.9042756931714577,-3.6253832670050787,-3.2392281772363796,-35.002363046040095
-294.20416747478475,246.71023112866285,-24.376896978529007,6.286422856825487,2.9076428622668384,-3.487764032996612,-3.302919051762707,-34.412118118689165
-293.9123957374861,246.86250276599804,-24.123178500452656,6.272390989195082,2.910064521035194,-3.3493435572606503,-3.3681284225121133,-33.818851397640685
-293.62062400018726,247.02724351480134,-23.873037008050044,6.258904882826064,2.9115395525636107,-3.210116070035704,-3.4348217291542387,-33.21956360037377
-293.32885226288863,247.20437805751882,-23.62661101959464,6.245972186498211,2.9120704615053987,-3.070084438830882,-3.5029587103541084,-32.61120152107011
-293.03708052559,247.39386405680906,-23.384049429497114,6.233602041526906,2.91165647759585,-2.9292470433736106,-3.5725088756254557,-31.990692850717032
-292.74530878829114,247.59564016908575,-23.14548980242826,6.2218034307483965,2.9102993247045763,-2.7876094039000168,-3.6434402873937444,-31.35485030453393
-292.4535370509925,247.8096660243082,-22.911070497047884,6.210587045903551,2.907998682838037,-2.6451729475248587,-3.715722989906904,-30.700453448247547
-292.1617653136939,248.03586034466602,-22.680932893633617,6.199962876029736,2.9047581971493264,-2.501951595239273,-3.789325433332434,-30.024284322089315
-291.86999357639513,248.27420994862206,-22.455229890584565,6.189943904751685,2.9005747209606465,-2.357944850135682,-3.8642290212237955,-29.323018589023036
-291.5782218390964,248.52460878095752,-22.23408850169583,6.180541630425874,2.895454535616841,-2.213178086957427,-3.9403996738947678,-28.593284900313552
-291.28645010179775,248.787016324472,-22.0176545829715,6.1717696779489986,2.889397548499089,-2.0676626972857037,-4.0178173089916465,-27.831648236154585
-290.994678364499,249.0613711521197,-21.80606973370548,6.163642107512049,2.882405723838917,-1.9214181044927823,-4.096459840945968,-27.034626131654868
-290.7029066272004,249.34759802752532,-21.5994727470209,6.156173971301589,2.8744821498262736,-1.7744689827445006,-4.176304887738798,-26.198661300763355
-290.41113488990163,249.64565438153502,-21.398014639543536,6.149380581205655,2.865627433612352,-1.6268378933163459,-4.25733708962337,-25.320138673760734
-290.1193631526029,249.95544919979793,-21.201820061036802,6.1432784022903455,2.8558467936760015,-1.4785597892017528,-4.339536193951907,-24.39542647031449
-289.82759141530425,250.2769288828104,-21.011059300055845,6.137885188071863,2.845140620858345,-1.3296643865555156,-4.422887206689612,-23.420662321309006
-289.5358196780056,250.6100145217262,-20.825869349742977,6.133218932986291,2.8335130863989497,-1.1801917022695134,-4.50737557535239,-22.392047912606156
-289.24404794070676,250.95461690641548,-20.646395139314507,6.129298943367728,2.8209686232630116,-1.0301871289198297,-4.592987565248366,-21.305711127769975
-288.95227620340813,251.3106410616618,-20.472775817679352,6.126144199317751,2.8075132237149187,-0.8797016948201605,-4.679708810952498,-20.157734032832053
-288.6605044661095,251.6780108248658,-20.30516295531205,6.123775906777303,2.793150498500115,-0.7287877128792052,-4.7675327690573805,-18.944004065833948
-288.36873272881064,252.05663976348987,-20.143714951963695,6.122216778138607,2.7778843411777228,-0.57750171344259,-4.856451267039421,-17.660424215839715
-288.076960991512,252.4464261226402,-19.988582921167538,6.121489298367506,2.761721023175392,-0.42591056995776205,-4.946458871367317,-16.302795781511342
-287.7851892542134,252.84725071528834,-19.83991765168714,6.121615949966192,2.744668897273798,-0.2740900320647676,-5.0375488411835425,-14.866908096930398
-287.49341751691463,253.2589998308907,-19.697872488620575,6.122621367057379,2.7267355528661197,-0.12212042818323006,-5.129718029170384,-13.348405192670226
-287.2016457796159,253.68154490318673,-19.56260122393633,6.1245304167217265,2.70793045469682,0.029908873740283164,-5.222963586930573,-11.74295729104137
-286.90987404231726,254.11477889473124,-19.43428070744087,6.1273707722787005,2.6882600338087546,0.1819022774357739,-5.317294954369425,-10.046013888763987
-286.6181023050185,254.55854604007337,-19.313056936662424,6.1311686943581885,2.6677375156345517,0.33374802333581727,-5.4127142850239105,-8.253180284051863
-286.3263305677199,255.01271007471996,-19.19910424605145,6.135952753110457,2.6463734653814868,0.48533021370833557,-5.509230760168661,-6.359880621860643
-286.03455883042113,255.47710240601762,-19.09258699965714,6.141751762940136,2.6241822770029124,0.6365168031295966,-5.606854971241652,-4.3616289706869
-285.7427870931224,255.95157314041788,-18.993680299919678,6.148595526611129,2.601177924763356,0.7871670196039953,-5.705606641357902,-2.253836821015063
-285.45101535582376,256.4359226566779,-18.902555580747958,6.156515477811942,2.5773780977632104,0.9371205945470319,-5.805502599368098,-0.03206966496442594
-285.1592436185251,256.92995583623843,-18.81938991377205,6.1655427768285715,2.5528022482092596,1.0862019596655976,-5.90656618314544,2.3080924654811668
-284.86747188122627,257.43345421212814,-18.744360937037445,6.175709532706113,2.527472689653697,1.234215488250076,-6.008820825977727,4.77088009618313
-284.57570014392763,257.94622230638316,-18.67766220976044,6.187049810891893,2.5014110762428015,1.3809449159968483,-6.112301403992667,7.360515047621175
-284.2839284066289,258.46800050700836,-18.619491387255387,6.199597138293049,2.4746449818192406,1.5261370603853206,-6.217030688682265,10.080891582628828
-283.99215666933014,258.9985340960837,-18.570033259664413,6.213386308830567,2.447204881966495,1.6695005675591903,-6.323031179704655,12.935700125422283
-283.7003849320315,259.5375196532761,-18.529479433512474,6.228451716984499,2.419126554207968,1.8107063071683058,-6.430332668566565,15.92820778192483
-283.40861319473277,260.0846521739943,-18.498037540866296,6.244828412743299,2.39044806992696,1.9494055715616025,-6.53897155230785,19.061167265825567
-283.11684145743413,260.63959270467006,-18.47591175041606,6.262552675494538,2.3612121988551835,2.0852154214960845,-6.648986034317829,22.336666996752847
-282.8250697201354,261.2019589473514,-18.463310745128997,6.281658746588216,2.331468672445037,2.2177046782428897,-6.760407069717768,25.755736806473912
-282.53329798283664,261.7713563631187,-18.460453032848044,6.302181926144083,2.301270858930738,2.346381232727312,-6.873246150478942,29.318582748687216
-282.241526245538,262.3473223185255,-18.467545966518088,6.3241553616231245,2.2706813462589985,2.470654597739522,-6.98747946097631,33.02423528970314
-281.9497545082394,262.9293676363451,-18.48479481779215,6.347611811317175,2.2397689736797264,2.589822433874713,-7.103041102481593,36.87103604320564
-281.6579827709405,263.5169481364535,-18.51241650325759,6.3725826766599845,2.2086093187999074,2.703144553064079,-7.21987403849096,40.856054751319256
-281.3662110336419,264.109427541328,-18.55059076905703,6.399097078708159,2.1772893347365194,2.8098410113553207,-7.337902190410877,44.97398438633573
-281.07443929634326,264.7061518625431,-18.59952937877697,6.427182280275504,2.1459003114926793,2.909027669862282,-7.456976876133361,49.21755970085141
-280.7826675590445,265.3063522260654,-18.659378738893455,6.456860044703287,2.1145487940198824,2.999621587253876,-7.576817380624632,53.57748193966798
-280.49089582174577,265.90920852088254,-18.730334399253646,6.488151790922534,2.083342375873313,3.080396061934469,-7.6970836838322185,58.04442619646697
-280.19912408444713,266.5137733134732,-18.81247873632697,6.521072185903179,2.0524061783648713,3.1501953481518625,-7.817437273628203,62.60547208916783
-279.9073523471484,267.1190191540926,-18.90590035671737,6.555631470962631,2.021869839329354,3.2077159155944797,-7.937354808042928,67.24450147641218
-279.61558060984976,267.72379740021034,-19.010628797284486,6.5918337880788815,1.9918715918990357,3.2514123205009207,-8.056135695432651,71.94549389934517
-279.323808872551,268.3268624534588,-19.126649324510538,6.629679222524019,1.9625528653645423,3.27993109497218,-8.17312017125096,76.69058018263273
-279.03203713525227,268.9268448790132,-19.253872406624186,6.66915881198379,1.934060688439678,3.2918239806932763,-8.287382013843091,81.45812891580636
-278.74026539795364,269.52226575225393,-19.392125369125505,6.710257993205559,1.9065420161187405,3.285689117382622,-8.397985111496869,86.22823191956198
-278.4484936606549,270.11153949913046,-19.541157601481473,6.752954203983853,1.8801405176394008,3.2603316710506984,-8.503838556495126,90.97667288278716
-278.15672192335614,270.6930020042362,-19.700624635104962,6.797218145321147,1.8549928834766447,3.214637559666814,-8.603805545606443,95.68035143356762
-277.8649501860575,271.26492081902154,-19.870090522810184,6.843012743849384,1.8312248505747384,3.147763751491148,-8.696685641806825,100.31417492693612
-277.5731784487589,271.8254753655111,-20.049010274704298,6.890292561794287,1.8089471896884501,3.0590311845398555,-8.781245339013163,104.8521186979729
-277.28140671146,272.37283101292314,-20.236727524064882,6.939002763666704,1.788254154451259,2.9480807599944456,-8.856343655696866,109.26758559357151
-276.9896349741614,272.90518354134474,-20.43254898891986,6.989082935177806,1.7692131547868806,2.8162759406391236,-8.92174698193739,113.5344603329443
-276.69786323686276,273.42092680661835,-20.635773111789934,7.040463568996669,1.7518713363450664,2.666356668548732,-8.97789661557545,117.62872977670233
-276.406091499564,273.9187029770984,-20.845733960242463,7.093069625786032,1.7362549119599548,2.501085833140064,-9.025205113502492,121.52914706343604
-276.11431976226527,274.39738017685164,-21.061788717336306,7.146820252814165,1.7223727149782508,2.323000286656094,-9.063983854314786,125.217248897825
-275.82254802496664,274.8560487763496,-21.28331538471292,7.201628970249858,1.7102196378066654,2.1345263359258357,-9.094549702326626,128.67741096790493
-275.5307762876679,275.29400087908056,-21.509722436239908,7.2574076416723825,1.6997763663075054,1.9378884925328494,-9.117224137159603,131.89766274061586
-275.23900455036926,275.7107144052324,-21.740415512796332,7.314063287591378,1.6910160815290805,1.7350834830324409,-9.132321338913151,134.86861102069506
-274.9472328130705,276.1058331594948,-21.974839739154937,7.371503225361401,1.6839007477229804,1.5279084815402744,-9.140196023034305,137.58520539293235
-274.65546107577177,276.4791480305834,-22.21245629411542,7.429634158226242,1.6783853401596922,1.3179836045670512,-9.141231306783551,140.04532681828712
-274.36368933847314,276.8305803453049,-22.452760967765293,7.488363251679065,1.6744177183751414,1.1066823067187197,-9.135813126613312,142.25003338844215
-274.0719176011744,277.16016551830137,-22.695263707560233,7.547599189571054,1.6719413670259198,0.895221392355477,-9.124369979467,144.20335479873745
-273.78014586387565,277.4680307514056,-22.93951537850849,7.607253632981264,1.670893676168868,0.6846197558640518,-9.107324007859539,145.91126490410343
-273.488374126577,277.75438901493357,-23.185083594173744,7.667240151986898,1.6712099564476695,0.4757410284041876,-9.085105987048163,147.38153268919703
-273.1966023892784,278.01951988257645,-23.43156872669449,7.727475886384444,1.6728222634808776,0.2692859533848013,-9.058139225741996,148.62308206145917
-272.9048306519795,278.2637443468961,-23.678614748149943,7.7878827824017876,1.6756580664475555,0.0658163183427197,-9.026831561764155,149.64546881234554
-272.6130589146809,278.487443502938,-23.92587608739268,7.848385575291328,1.6796466950358193,-0.13422082650632233,-8.991571783286346,150.45884028362158
-272.32128717738226,278.6910165423374,-24.17304303525838,7.908913189135516,1.6847145662115202,-0.33048539510228375,-8.952728260123829,151.07367741516725
-272.0295154400835,278.8748970296025,-24.419825275211156,7.969397719072169,1.6907895168732465,-0.5227231413584879,-8.910648726982041,151.50063250337507
-271.73774370278477,279.03952884729375,-24.665960445499934,8.02977570584809,1.6977988034588063,-0.710759970064389,-8.865652242163272,151.75025510448677
-271.44597196548614,279.18536813654015,-24.911207148659123,8.089987380052074,1.7056708831972918,-0.8944818101444588,-8.81803595958192,151.83294038920562
-271.1542002281874,279.312874370952,-25.15534401920908,8.14997631301777,1.7143353187856176,-1.0738308354064954,-8.768069513592291,151.75876908692405
-270.86242849088876,279.4225152043977,-25.39817057906681,8.209690701942346,1.7237242799536623,-1.2487925334727732,-8.715998008611875,151.5375331163088
-270.5706567535899,279.5147450213445,-25.639500213787716,8.269080878128502,1.7337707374925455,-1.419391236368144,-8.66204008531361,151.17832710757887
-270.27888501629127,279.5900249221602,-25.879159913912208,8.328101463703705,1.7444116636657787,-1.5856768025723986,-8.606397568577597,150.68998964967258
-269.98711327899264,279.648799200513,-26.11699260728708,8.38670867057129,1.7555850351799227,-1.7477243572930332,-8.549249324593879,150.0805133156235
-269.6953415416938,279.6915048877231,-26.352856108464596,8.4448627523249,1.7672318811209935,-1.9056276582061007,-8.490754911139204,149.35755393663544
-269.40356980439515,279.718570679301,-26.586620412998233,8.502526772046943,1.7792963661605736,-2.0594926215723213,-8.43105731785915,148.52818656709346
-269.1117980670965,279.730411892857,-26.81815502674681,8.559664354802818,1.7917250546137895,-2.209435789173877,-8.37028876879505,147.59899316104682
-268.82002632979777,279.72742960256704,-27.04735046790114,8.616243507943487,1.8044673195170595,-2.3555821894898554,-8.308562407096383,146.57616287951063
-268.528254592499,279.7100216040561,-27.274100941537572,8.672233196333684,1.817476329125888,-2.4980579284211624,-8.245984516269848,145.46548805791568
-268.2364828552004,279.6785597278043,-27.498306381102598,8.727604827972037,1.830706700711811,-2.6369974820997384,-8.18264364120328,144.27235853390397
-267.94471111790165,279.6334099300999,-27.71987638751367,8.782331616415698,1.8441166332112113,-2.772535299585757,-8.118622979933019,143.00183996138637
-267.652939380603,279.5749232410658,-27.938725333295093,8.836388473976703,1.8576668771379807,-2.9048066792821716,-8.0539944887304,141.65867217357473
-267.36116764330427,279.5034346032118,-28.154773502160804,8.889751915597028,1.8713204924383213,-3.033948061730864,-7.988821121196636,140.24725904257758
-267.0693959060055,279.41927351456184,-28.36794559076946,8.942400083553919,1.8850441045427093,-3.160091719669043,-7.9231570587954,138.77168848060623
-266.7776241687069,279.3227555670739,-28.578167632775124,8.99431245965011,1.8988067183195745,-3.2833688830905676,-7.857052805961392,137.23583664481342
-266.48585243140826,279.2141665395081,-28.785374575101372,9.04546962601338,1.9125775995094945,-3.403913180861701,-7.79054459456797,135.64310897409254
-266.1940806941094,279.09379603772186,-28.98949930949156,9.095853286362967,1.9263302407477947,-3.5218510266526524,-7.723666340844726,133.99671973193793
-265.90230895681077,278.9619251347942,-29.190480713457795,9.145447008652422,1.9400411501329198,-3.6373028913170056,-7.656445945857048,132.29965285308828
-265.61053721951214,278.81881535203473,-29.38825923451623,9.194234946475733,1.9536878626676504,-3.7503883116740644,-7.588905592868597,130.55460820158748
-265.3187654822134,278.6647194792623,-29.582777247493304,9.242202059506724,1.967250180188065,-3.8612216927733694,-7.521061673358397,128.76402136947155
-265.02699374491465,278.4998734777535,-29.77397692471617,9.289333651903291,1.9807088936247172,-3.969914795797862,-7.4529255912508106,126.93001373652466
-264.735222007616,278.32451192663063,-29.96180377565819,9.335617013297849,1.9940484344362892,-4.076570960510241,-7.3845066511399455,125.05463153914516
-264.44345027031727,278.13885382959756,-30.146203034311807,9.38103906801199,2.007253739917952,-4.181292170943691,-7.315809515901455,123.13963940990698
-264.1516785330185,277.943107956773,-30.327122061561777,9.42558781666633,2.020311713067346,-4.284175541103028,-7.24683589987308,121.18665178668905
-263.8599067957199,277.737484881285,-30.5045050968153,9.469251875117894,2.033211994529441,-4.3853105500378,-7.177586693466262,119.19720876912787
-263.56813505842115,277.5221652644111,-30.67830197464102,9.512020188077488,2.0459436276447294,-4.484787645906524,-7.108057661745385,117.17240473251589
-263.2763633211225,277.297352869895,-30.84845977712729,9.5538827462427,2.0585006272390642,-4.582686487738727,-7.0382464831885825,115.11362673755556
-262.98459158382377,277.06321712961494,-31.014922457458763,9.594828445526593,2.070874704838289,-4.679088797124482,-6.968146532934738,113.0217716712603
-262.692819846525,276.81992315954875,-31.17763980871682,9.634848245744376,2.083060695256049,-4.774070515669988,-6.89775158014393,110.897831216095
-262.4010481092264,276.5676504109196,-31.336558315371526,9.673933333188977,2.095056601179889,-4.867700917746296,-6.827054317533821,108.74268903135133
-262.10927637192776,276.3065518923619,-31.49162520744072,9.712074067995106,2.106859088843467,-4.960049466816657,-6.756046534434503,106.5570654535289
-261.8175046346289,276.03677456406916,-31.642784563628762,9.74926089894644,2.118465938066176,-5.051183671765181,-6.684716916406511,104.3416125932493
-261.5257328973303,275.7584724793598,-31.789986045158045,9.785486922540274,2.1298793702616536,-5.141162581581682,-6.613055967494178,102.09708856927982
-261.23396116003164,275.47178889220095,-31.933172510973613,9.820743236103745,2.141100427360397,-5.230044362756549,-6.541052971243096,99.82396622693076
-260.9421894227329,275.176865157977,-32.07229119062839,9.855022708470564,2.1521330358653357,-5.317882030556626,-6.468695836127604,97.52288274615029
-260.65041768543415,274.8738319017742,-32.20728449006465,9.888317132711617,2.1629807013596785,-5.404726531071442,-6.395971274041989,95.19431549282896
-260.3586459481355,274.56281378292994,-32.33809502961397,9.920618957200125,2.1736484722444205,-5.490623718329181,-6.322863131014636,92.83874723028518
-260.0668742108368,274.24393660218385,-32.464668897027295,9.95192023059618,2.1841426454355273,-5.575613766037872,-6.249355542762906,90.45660081266749
-259.775102473538,273.91731973614907,-32.58694543471985,9.982214089160518,2.19447113742318,-5.659731409711777,-6.175430309401291,88.04839749110548
-259.4833307362394,273.5830979812109,-32.70486696954779,10.011494443673993,2.204644913124594,-5.74300201323238,-6.101071417117561,85.61480700745044
-259.19155899894065,273.2413854731499,-32.81837221763965,10.039754443230994,2.214674075822193,-5.825448492420821,-6.026256615469097,83.15642980293379
-258.899787261642,272.8922900326103,-32.92739553554806,10.066986778338217,2.224569071360131,-5.907089661487754,-5.950964595314465,80.67394931559988
-258.6080155243433,272.53593699686616,-33.03187755552331,10.093185966129631,2.2343444347566983,-5.987933960262596,-5.875173217238103,78.16841928914675
-258.3162437870445,272.1724406224559,-33.131752653128494,10.118345700727323,2.244014248447884,-6.067984065837735,-5.798859051704008,75.64088314526526
-258.0244720497459,271.8019226825511,-33.22695638106668,10.142462735860832,2.2535969371455833,-6.147233287517334,-5.721999969566805,73.09283608295891
-257.73270031244726,271.42451521632694,-33.31741392613483,10.165530649245206,2.263109006895433,-6.225669630103952,-5.644570829192242,70.52575980775069
-257.4409285751484,271.0403287865925,-33.40306006817746,10.187545998429847,2.272570196366228,-6.303280365648803,-5.566549265685405,67.94186558521706
-257.1491568378498,270.6494931141033,-33.483821040406035,10.208504904322742,2.2820012194383197,-6.380034773190578,-5.487913687784317,65.3434982363468
-256.85738510055114,270.25213596207,-33.55962567312359,10.228404591136831,2.2914247166167674,-6.455874265890529,-5.408654400527242,62.73355182335484
-256.5656133632524,269.8484000361787,-33.63040294711575,10.247244536286379,2.300866707252815,-6.530713408640372,-5.328763658719517,60.1150404031752
-256.27384162595365,269.4384301020692,-33.69607259440933,10.265022649101127,2.3103519319443597,-6.604474743343826,-5.248226843197404,57.49128882998897
-255.9820698886549,269.0223941963214,-33.7565625343523,10.281740400573561,2.3199099262328216,-6.677075451627809,-5.167026196853104,54.86647696698309
-255.69029815135627,268.60044416688083,-33.81179633564486,10.297399701018543,2.329570335277984,-6.748384027372426,-5.0851634313236325,52.24526392359117
-255.39852641405753,268.1727727392037,-33.861702596659164,10.312003661315087,2.339365147924097,-6.818119451124041,-5.002715591100109,49.63324313854079
-255.10675467675878,267.7396019798304,-33.90621803114143,10.325558499083332,2.349329808543906,-6.885976778924384,-4.919759017724576,47.03686157666381
-254.81498293946015,267.3011712137038,-33.9452724671713,10.338070765101765,2.359499119488266,-6.951770335206026,-4.836300870930027,44.46292712719541
-254.52321120216152,266.85775205213787,-33.97881342285543,10.349551149343629,2.369911854597021,-7.015151459524137,-4.752434791077264,41.918333210699636
-254.23143946486266,266.4096604959685,-34.006792727611455,10.360011189751134,2.3806062493952083,-7.075457099016117,-4.668446059226347,39.41248850170381
-253.93966772756403,265.95726931148477,-34.029191677187086,10.369467183052995,2.3916241557760722,-7.132264022285588,-4.584486245646215,36.956190054474305
-253.6478959902654,265.50099820895076,-34.045997858331326,10.377937373589031,2.403006024592483,-7.18494403469056,-4.500827205831325,34.55687985977828
-253.35612425296665,265.0413452029422,-34.057234190389245,10.385443197587687,2.414792343239973,-7.232565444685363,-4.41797378784607,32.226337980506315
-253.0643525156679,264.5788752194332,-34.0629599541792,10.392008100788745,2.4270211450659196,-7.274306204704116,-4.33636909635005,29.971517621343366
-252.77258077836927,264.114290437898,-34.063283899489086,10.397658878106004,2.4397273572166176,-7.308938519614736,-4.256766675087066,27.79867853362294
-252.48080904107053,263.64837313241173,-34.05838169956069,10.402423725500016,2.452940436771815,-7.335148127763719,-4.1800083870316715,25.707379670739865
-252.1890373037719,263.1820628679343,-34.04850056144406,10.406330314768176,2.4666792649087816,-7.3513955259511325,-4.107154283222341,23.692021395407025
-251.89726556647315,262.7164312908449,-34.03397935570598,10.409402004385196,2.4809474389073394,-7.356106885010528,-4.039353493834525,21.7376699885693
-251.6054938291744,262.2527086767839,-34.015237352133624,10.411657373473284,2.4957290947359017,-7.348047942691029,-3.9776278711887696,19.822210647872655
-251.31372209187577,261.7921180078329,-33.99275262446916,10.413106394245684,2.5109873984670315,-7.327593731443203,-3.922036532356105,17.920981653082222
-251.02195035457703,261.3358399716055,-33.96697236331699,10.413757082877924,2.5266680776063395,-7.296292373076334,-3.8719457662495,16.013198955280004
-250.73017861727828,260.88483084804477,-33.93827700349662,10.413607965694457,2.542699525872191,-7.255946170956823,-3.82658685127285,14.084339342264416
-250.43840687997965,260.43990226138396,-33.90698874197055,10.412656197039771,2.559001825357564,-7.208181411602243,-3.7853429028868826,12.126446877356779
-250.14663514268102,260.00167802848216,-33.87337838917447,10.410898561051358,2.5754930789489157,-7.1547087653307875,-3.747536964485031,10.138610478912387
-249.85486340538216,259.57064259736023,-33.83767052261611,10.408329409407642,2.5920888974051706,-7.096701396604698,-3.712805662259716,8.120028733187885
-249.56309166808353,259.1471579577935,-33.80005371567726,10.404945846486115,2.6087093282642067,-7.035480380322965,-3.6806655987791257,6.075932335507573
-249.2713199307849,258.73148904213497,-33.7606934519306,10.400744683404824,2.6252773684877386,-6.971679431861588,-3.6510284619475124,4.008681721177078
-248.97954819348615,258.3238230844634,-33.71973831762682,10.395725192435266,2.641722169712269,-6.906248164804198,-3.6235209120775402,1.9219729790371678
-248.6877764561874,257.924269842092,-33.67731364385587,10.389887431481474,2.6579783555466787,-6.839714584333015,-3.598029642185397,-0.17859068992886912
-248.39600471888878,257.5329022443389,-33.63353843112569,10.383231971416766,2.673985022847579,-6.772382804933372,-3.574524330706582,-2.2916311398002316
-248.10423298159003,257.14975751814734,-33.58852391828123,10.375759552606974,2.6896857135149568,-6.704712195516518,-3.5528156674096216,-4.415156811139046
-247.8124612442914,256.7748313596349,-33.5423680521576,10.367472992432766,2.7050305965751495,-6.637035424769165,-3.532775039213558,-6.5456134528339405
-247.52068950699265,256.4081010295719,-33.49516619744719,10.358376416971783,2.7199749824731385,-6.569449035109568,-3.5144042599831775,-8.681133072016578
-247.2289177696939,256.0495356376168,-33.447008476734894,10.348472364763252,2.734476039055316,-6.502066908709803,-3.4976625058089406,-10.821585283193352
-246.93714603239528,255.69908918841926,-33.39798137293204,10.33776423899554,2.7484954553755845,-6.4350260438478335,-3.4824632795418,-12.966457702717776
-246.64537429509653,255.35670476268447,-33.348164343872114,10.326255496091143,2.7619983128615146,-6.368429046143027,-3.4687304115015527,-15.114723124889274
-246.35360255779779,255.02232232732706,-33.297633664819614,10.313950273442467,2.7749531373557583,-6.3023203178141465,-3.456420240311521,-17.26544049073238
-246.06183082049915,254.6958768521723,-33.24645763569526,10.300852325670458,2.7873308682396556,-6.236684345450709,-3.4455173360258775,-19.41836711218171
-245.77005908320052,254.3773085839439,-33.19471237958805,10.286965461710924,2.7991048776462484,-6.1715116522377915,-3.4359930136580203,-21.573672279401652
-245.47828734590166,254.06655730515342,-33.14246235115084,10.272293300792564,2.8102503883039,-6.106797098806814,-3.4278092093599297,-23.731583351025844
-245.18651560860303,253.76356526473324,-33.089773779138895,10.256839702650204,2.8207449416052444,-6.042530835890799,-3.42092641818431,-25.892207557067827
-244.8947438713044,253.4682765158021,-33.03670867717343,10.240608287607536,2.830567729781539,-5.9786929142712575,-3.415310522019149,-28.055541714779903
-244.60297213400565,253.18063928664904,-32.983326055359036,10.223602310409305,2.8396992312235647,-5.9152518954301305,-3.4109336180181145,-30.2216710028661
-244.3112003967069,252.90060271600976,-32.92968413543355,10.205825867070386,2.8481224138709593,-5.852168756876977,-3.407771158565205,-32.39070379850595
-244.01942865940828,252.628126928479,-32.87584001869647,10.187282191152475,2.855820366173957,-5.7893973443025954,-3.4058040089303656,-34.56254744418198
-243.72765692210953,252.36317000195098,-32.82184517620207,10.167975274615292,2.8627784906457077,-5.726892530679572,-3.4050133665102233,-36.7375341432542
-243.4358851848109,252.10569805613173,-32.76774928229407,10.147906636658524,2.8689811122851028,-5.664607405531988,-3.4053790570212343,-38.91589463371453
-243.14411344751215,251.85568281749028,-32.713607987435616,10.127081168475346,2.8744163722293923,-5.602497005884828,-3.406880608413534,-41.0977992091725
-242.8523417102134,251.61310172429086,-32.65946464739982,10.10550116578779,2.879070982349261,-5.540511534423353,-3.409502483802633,-43.28343926488933
-242.56056997291478,251.37793951463448,-32.6053730504645,10.083170183926722,2.8829335816294948,-5.478599379136104,-3.413230442839937,-45.47283818971987
-242.26879823561603,251.15018423025157,-32.5513766918094,10.060091102046396,2.885993020245008,-5.4167089888325055,-3.4180492684435344,-47.66609628514126
-241.9770264983173,250.92982641538745,-32.49751967828718,10.036266843702078,2.888239220730886,-5.354788324707263,-3.423947207569936,-49.8633728080076
-241.68525476101865,250.71686716338039,-32.44384589987275,10.011700414336214,2.8896623474470835,-5.292781823066231,-3.4309133708955146,-52.064668606735886
-241.3934830237199,250.51130968058604,-32.39039870465983,9.986395139347096,2.890253724035727,-5.230634057877351,-3.4389382154210235,-54.26994889414224
-241.10171128642116,250.3131685212916,-32.33721829093808,9.960353654573614,2.8900040855026607,-5.168287075720043,-3.448014082376106,-56.479282181798915
-240.80993954912253,250.12246150172905,-32.28434352642476,9.93357804498825,2.8889044927173484,-5.105680929778585,-3.458134550550502,-58.692625917057654
-240.5181678118238,249.93921079585434,-32.231818215467165,9.906073198512502,2.8869487106709557,-5.042756392583274,-3.46929412325566,-60.90977667450431
-240.22639607452516,249.7634491563404,-32.17967812205048,9.877840645208824,2.884127872189925,-4.979450400409453,-3.4814863302924586,-63.13074235139856
-239.9346243372264,249.59521211125616,-32.12796190787249,9.848884013040236,2.8804353610385856,-4.915699606631154,-3.4947086745755467,-65.3553201840097
-239.64285259992766,249.4345432993523,-32.07670680014765,9.819206491510165,2.8758643460397524,-4.851438152613717,-3.508958994279773,-67.58331270873367
-239.35108086262903,249.28149326140448,-32.025949350892496,9.78881135979692,2.8704082732810434,-4.786597888858604,-3.524235671532626,-69.81447022603324
-239.0593091253304,249.13611819574277,-31.97572536988878,9.757702581636618,2.8640613791444904,-4.721108860875962,-3.5405382737767823,-72.04846332656749
-238.76753738803154,248.99848570274347,-31.92607041225659,9.725882547099525,2.8568165565009798,-4.654898129404943,-3.557867567401595,-74.28502278371998
-238.4757656507329,248.86866672277634,-31.87701914416648,9.693355487778696,2.8486684912485165,-4.587890532292171,-3.5762249736327605,-76.52371218304997
-238.18399391343428,248.74673861090406,-31.828605277318637,9.660125731313707,2.8396121432374564,-4.520007607579907,-3.595611357426725,-78.76408656093386
-237.89222217613553,248.6327945895208,-31.78086358731727,9.626196340860664,2.82964087731509,-4.45116946195905,-3.6160323741188254,-81.00561611204718
-237.6004504388368,248.52692977850575,-31.733827582186493,9.59157227050355,2.818749987296098,-4.381290602232225,-3.6374901150142516,-83.24768349576259
-237.30867870153816,248.42924315198283,-31.687527078385482,9.55625794088925,2.806934905631757,-4.310285706597519,-3.659988274879118,-85.48974139591745
-237.0169069642394,248.33985145986014,-31.641999428191788,9.520257857503129,2.7941902270146235,-4.238062104283629,-3.683532771683742,-87.73098913474644
-236.72513522694067,248.25887745602583,-31.59727128106096,9.483577276310438,2.7805111948635997,-4.164524724856535,-3.7081281748351116,-89.97070588376694
-236.43336348964203,248.18645250318752,-31.55337741962099,9.44622132685364,2.7658931258201327,-4.089574562368215,-3.7337807815986346,-92.20799102433358
-236.1415917523433,248.1227215243214,-31.510348404914197,9.408195732517976,2.7503311639632995,-4.01310644862557,-3.760496325084353,-94.44185373815624
-235.84982001504466,248.067833345069,-31.468214156802688,9.369506781681599,2.7338214149198614,-3.935012517833862,-3.788280733866177,-96.6712342895992
-235.5580482777459,248.02195026862972,-31.42700452092862,9.330161023040693,2.716359724115714,-3.8551793358795456,-3.817140013407805,-98.89497098237283
-235.26627654044717,247.9852490104704,-31.38675025059661,9.29016587828751,2.697941951588431,-3.773486894960795,-3.847080504989075,-101.1117508633043
-234.97450480314853,247.9579128218291,-31.347481536789477,9.24952791281612,2.6785639449995053,-3.689810291579022,-3.878109376035143,-103.32020228775892
-234.6827330658499,247.9401317284956,-31.309217728217643,9.208256053183929,2.6582232597256215,-3.6040199291872392,-3.910228637047724,-105.51881944985062
-234.39096132855104,247.93212187500123,-31.271994215638127,9.166358960208058,2.6369157514116384,-3.515976693122335,-3.943445201034467,-107.70585713284885
-234.0991895912524,247.93410128565117,-31.235832199881727,9.12384521981472,2.6146383164358142,-3.425536430068226,-3.977762497723551,-109.87954367930935
-233.80741785395378,247.9463082354247,-31.20075870997577,9.080725310119545,2.5913880188584506,-3.3325461657688638,-4.013183910707189,-112.03783144538822
-233.51564611665503,247.96899042878348,-31.16679699964722,9.037010363902317,2.5671626806288477,-3.2368469355260285,-4.0497106129827865,-114.17850717441013
-233.2238743793563,248.00241812115723,-31.133970878593896,8.99271139178876,2.5419591013076888,-3.1382675759660894,-4.087344591026785,-116.29919757552179
-232.93210264205766,248.04686733541746,-31.102302012836894,8.94784189834162,2.515776364623878,-3.0366327056235387,-4.1260833240829795,-118.39721868514049
-232.6403309047589,248.10263993039408,-31.071807315719564,8.902414213365043,2.4886118304721383,-2.9317533935977416,-4.165923119723543,-120.46975711609794
-232.34855916746017,248.17003979995388,-31.042505351414242,8.856444193542515,2.4604662860017346,-2.823435125168462,-4.206856913975764,-122.51360701643868
-232.05678743016153,248.24941807576252,-31.01441114085552,8.809946026363793,2.43133633070274,-2.7114655084203916,-4.248876843507937,-124.52536681631668
-231.7650156928628,248.34111578092555,-30.98754390486504,8.762938260949598,2.401224029213218,-2.595628558883588,-4.291968818246568,-126.50118617797769
-231.47324395556416,248.44550691064654,-30.961900417958773,8.715438667658255,2.3701295541585248,-2.4756922357014415,-4.336115248884766,-128.43701363232802
-231.1814722182654,248.56297580890106,-30.937493908442686,8.667467647970344,2.338055768143984,-2.351416034935948,-4.381292870689619,-130.32826102445435
-230.88970048096667,248.6939327228805,-30.914326988941944,8.61904741093109,2.3050059938765086,-2.222545540748421,-4.4274733438842295,-132.16992164986974
-230.59792874366804,248.8388266659226,-30.89239945187232,8.570201093900128,2.270982436233633,-2.0888076702678307,-4.474624196426794,-133.95653143054906
-230.3061570063694,248.99810643143744,-30.871698264834517,8.520953504158337,2.235991402979928,-1.949920583961378,-4.522700878187972,-135.6821059918105
-230.01438526907054,249.1722526650509,-30.852216266953903,8.471333319968076,2.2000405168767445,-1.805590082296327,-4.571652016572133,-137.33992349335205
-229.7226135317719,249.36177893648855,-30.83393269789384,8.421370147829105,2.1631378278397624,-1.6555019739041912,-4.62141725310325,-138.922688407786
-229.43084179447328,249.5672258034961,-30.81682532605316,8.371096617262316,2.1252936594479928,-1.4993282825817043,-4.671924018572214,-140.42234583765827
-229.13907005717454,249.78915575719168,-30.800859061632107,8.320548193945575,2.0865214926384192,-1.336727821042884,-4.7230856331781625,-141.82995790162772
-228.8472983198758,250.02815797708425,-30.785993357967214,8.269763484468722,2.046838003474279,-1.1673448826495936,-4.77480159414548,-143.13564763165053
-228.55552658257704,250.28483804875972,-30.77217291325764,8.218786468591892,2.00626518635164,-0.9908163551365268,-4.826950291109994,-144.32848013763723
-228.2637548452784,250.55986308871653,-30.75933201348276,8.167660967713298,1.9648245178897252,-0.8067525210141492,-4.879395018747381,-145.39634469819057
-227.97198310797978,250.85390705885214,-30.74739561606974,8.116437842058318,1.9225457250984752,-0.6147625891742411,-4.931972140100623,-146.32573445248005
-227.68021137068092,251.16767969727195,-30.73626537159427,8.065172774847895,1.8794634457217616,-0.4144452124971847,-4.984495576717688,-147.10171656879217
-227.3884396333823,251.50192282487538,-30.725837232795158,8.013925279023004,1.8356187617262258,-0.20539428854288627,-5.0367447973557065,-147.7076020301991
-227.09666789608366,251.85741478926036,-30.71597861478884,7.962762233173378,1.7910599248047834,0.012798492476827211,-5.08846764042321,-148.12484299981543
-226.8048961587848,252.23491529974459,-30.706535412304056,7.911753492486981,1.7458501190002587,0.24051958613512506,-5.139370507741967,-148.33271197667506
-226.51312442148617,252.63530812249698,-30.697345042494675,7.860980678031851,1.7000524277062172,0.4781696892677041,-5.189115964179706,-148.30797592339067
-226.22135268418754,253.05938818908632,-30.68818739132789,7.810530259162372,1.653756121453404,0.7260867442864019,-5.237312291514357,-148.0250667462485
-225.9295809468888,253.50803678488373,-30.67883299536915,7.760498306219867,1.6070585576262961,0.98458628675639,-5.283509470469049,-147.45529746485366
-225.63780920959005,253.98211852267943,-30.66900449188969,7.710989857944155,1.5600792796646943,1.2539104571711217,-5.327194474539388,-146.5667419598269
-225.3460374722914,254.48251642689087,-30.6583943572049,7.662121732686386,1.512958555321454,1.5342135271860646,-5.367774548542926,-145.32407294295095
-225.05426573499267,255.01008810388888,-30.64664249003624,7.6140214685925915,1.4658653548102683,1.8255184044729098,-5.404572773694968,-143.68814926122295
-224.76249399769404,255.5656775263976,-30.633332455675465,7.56682904581211,1.4189992575830768,2.127680440842247,-5.436816205963886,-141.6157920467137
-224.4707222603953,256.150086103135,-30.617998049288822,7.520701147113614,1.372596344623664,2.4403253754704797,-5.463627616621145,-139.05972110113157
-224.17895052309655,256.76400862242514,-30.600101526291958,7.475807072151502,1.3269406397855104,2.762760254648348,-5.484013898315218,-135.96834895726764
-223.88717878579791,257.40805553070453,-30.579027380432564,7.43233327919649,1.282363846178915,3.0938916663432723,-5.496866623043913,-132.28605308275309
-223.59540704849928,258.0826868836303,-30.55410244354043,7.390485398496217,1.239254270095871,3.432092416396708,-5.5009492839255785,-127.95374000602173
-223.30363531120042,258.7881194173271,-30.52453900180134,7.35048650850842,1.1980659323750504,3.7750377235637504,-5.494921381731897,-122.91066454338068
-223.0118635739018,259.5243119358129,-30.48947906470937,7.312578864019905,1.1593168733873922,4.119538346657513,-5.477356265545318,-117.09676339892596
-222.72009183660316,260.29081279808486,-30.44795989592841,7.277021487388691,1.1235944220126073,4.4613278020759335,-5.446806965548617,-110.45779683609761
-222.4283200993043,261.08669584468026,-30.398936993721147,7.24408816254314,1.0915442057976656,4.794890468716102,-5.401896504823361,-102.95179541132958
-222.13654836200567,261.91041273306513,-30.341294255264657,7.214062620746779,1.0638549132591633,5.113343315537539,-5.341465770688809,-94.55950754044632
-221.84477662470704,262.75967933965467,-30.273870074736205,7.18722843245039,1.0412290781694846,5.40848649470381,-5.2647652637984645,-85.2960227650067
-221.5530048874083,263.63137290120204,-30.195508423479676,7.163858578281233,1.0243380358229244,5.671145300414222,-5.171681694925468,-75.22388514136036
-221.26123315010955,264.5214821404911,-30.105124753767495,7.144195034011078,1.0137703167494723,5.891860736829767,-5.062944425351869,-64.4631852228131
-220.96946141281092,265.4251520591939,-30.001758954904563,7.128436113794593,1.0099653151739807,6.061942546374489,-4.940236982449454,-53.1936192535173
-220.67768967551217,266.33680940729784,-29.884671813738976,7.1167149774076774,1.0131635742653402,6.174712675867506,-4.806217047136809,-41.64420054079523
-220.38591793821354,267.2504597108652,-29.753423399659848,7.109089105593836,1.0233696877534157,6.2273037728948895,-4.664803483286486,-30.072160809628148
-220.0941462009148,268.1601064154117,-29.607960375154054,7.105535001780028,1.0403513637718498,6.220644926041267,-4.5205525027913716,-18.735691807550484
-219.80237446361605,269.0600457644798,-29.44860387774005,7.105953426555329,1.0636681953338338,6.158570639319582,-4.377841510193626,-7.867031737775476
-219.51060272631742,269.9451059870104,-29.276019358952773,7.1101767015684105,1.0927258686884993,6.047053495726632,-4.2405138016186985,2.346932073202855
-219.21883098901878,270.8108544584206,-29.091160406349687,7.117989370489088,1.1268323850976878,5.893276237169703,-4.111624471363952,11.773306766309178
-218.92705925171992,271.65362480874245,-28.89518215137905,7.129139663987153,1.165257776250185,5.7048839748575775,-3.9933889284214894,20.331617117862578
-218.6352875144213,272.47051893083744,-28.689374317313245,7.1433555165322025,1.2072784301228903,5.489387430110209,-3.8871728146625664,27.988285012162834
-218.34351577712266,273.2594173277815,-28.47508355610295,7.160360424536709,1.2522110676853264,5.2537525728483025,-3.7935970890390625,34.748127081844046
-218.0517440398238,274.01885289992543,-28.253666242637376,7.179880062111995,1.2994327740093794,5.004191872660608,-3.7126563533359516,40.64411135006443
-217.75997230252517,274.7479561723961,-28.026426117754436,7.201653974904372,1.3483903142182754,4.74601085956467,-3.64386925804089,45.72958717839087
-217.46820056522654,275.4463399087454,-27.7945973148485,7.225435488789639,1.3986044213603823,4.48360986085676,-3.586441001929577,50.06948874467937
-217.1764288279278,276.11401190893116,-27.55931042830682,7.250999748267079,1.4496642684095893,4.220482360441312,-3.539405640881286,53.73385429488836
-216.88465709062905,276.75127994594493,-27.321591202113563,7.278141229421902,1.5012232412540032,3.959309217926306,-3.5016892917520503,56.792084611306414
-216.59288535333042,277.35868906048546,-27.08235519754787,7.3066731549494,1.552993055625775,3.7020653353238226,-3.4722273204455605,59.310388472496605
-216.30111361603167,277.9369352316383,-26.84241759635074,7.336429997036121,1.6047322260893353,3.4501482859629333,-3.4500020695176774,61.3494783711796
-216.00934187873304,278.4868351155257,-26.602481956964194,7.367260460626368,1.6562438907340036,3.2045155104012104,-3.4340594314569244,62.96390857017163
-215.7175701414343,279.00927348984743,-26.363168994168948,7.399030107205081,1.707365466106321,2.9657513511788545,-3.4235381443907267,64.20179892905504
-215.42579840413555,279.5051726701927,-26.125013517306808,7.43161757040819,1.757964028502723,2.7341792696291805,-3.417668268844059,65.10541888053682
-215.13402666683692,279.97545960177104,-25.888473252962314,7.464914626977374,1.8079296997117114,2.5099094187566333,-3.4157796562389597,65.71132613412028
-214.84225492953829,280.4210680951935,-25.653941617677685,7.498821818776519,1.8571741102072605,2.292929538165689,-3.417277570613407,66.05157486793902
-214.55048319223943,280.84291279266085,-25.421755391009352,7.5332493330679275,1.905624626182299,2.083128817485059,-3.421650696920506,66.15419206961847
-214.2587114549408,281.24188952330877,-25.192202195981512,7.568116043013651,1.9532223543677738,1.8803234745837167,-3.4284594087643985,66.0436410572819
-213.96693971764205,281.61886775085316,-24.965518343876074,7.6033473987260045,1.999920109780237,1.6842898590496178,-3.4373191909671403,65.74160068289771
-213.67516798034342,281.97467684266115,-24.741908179661927,7.638875547010515,2.045678511482208,1.4947731322347302,-3.447909182946514,65.2668560360598
-213.38339624304467,282.3101238551674,-24.521540502436352,7.67463817723957,2.090467007344646,1.3115089948097187,-3.459949686985601,64.6364410896327
-213.09162450574593,282.625972773525,-24.304554515183707,7.710577886886478,2.1342602388394516,1.1342232676763886,-3.473204309679111,63.865344302313524
-212.7998527684473,282.92295330152746,-24.091067417635767,7.746642426712254,2.177037722150008,0.9626392693850301,-3.487471001354217,62.96696889432121
-212.50808103114855,283.201775150987,-23.881169882629774,7.782782722160351,2.218785033646928,0.796490217425271,-3.5025765305220893,61.953343779287565
-212.2163092938498,283.4631005983647,-23.674935827894572,7.818954119355203,2.259489435426886,0.6355101867290863,-3.5183738808753287,60.835356266387954
-211.92453755655117,283.70756674423603,-23.47242372870296,7.855115056685289,2.2991418118905464,0.47944436669063895,-3.5347382563131156,59.62286369194073
-211.63276581925254,283.93577387838496,-23.27367362243931,7.891227154178501,2.337734978896711,0.32804393070409826,-3.5515630012365507,58.32469836515331
-211.34099408195368,284.14829745839535,-23.078716334648046,7.927254874556122,2.375264141100071,0.18107282596680963,-3.568756440057315,56.94894857976984
-211.04922234465505,284.34568286526013,-22.887571016297898,7.963165724435818,2.4117260648961594,0.03830254968642969,-3.586241745851298,55.502985361245095
-210.75745060735642,284.5284484319224,-22.70024984093298,7.998928386611701,2.4471186925570683,-0.10048304356095857,-3.6039539334785005,53.993486418751466
-210.46567887005767,284.6970806598531,-22.516753171335026,8.034515310532287,2.4814407864584265,-0.23549451478384467,-3.6218385759511302,52.42671190783486
-210.17390713275893,284.8520519946985,-22.33707838223185,8.069899538854266,2.514692946803236,-0.3669268063877351,-3.639849181853489,50.808170933773724
-209.8821353954603,284.99380581512094,-22.161210632656044,8.10505630331827,2.546876319116201,-0.49497080410401045,-3.657946736785623,49.14311692269611
-209.59036365816155,285.122765555052,-21.989135339513137,8.139963470755319,2.5779928239043524,-0.6198057904016249,-3.6760983360833213,47.43636004134601
-209.29859192086292,285.2393297135352,-21.820833148571314,8.174599299885877,2.608044360345717,-0.7416034969199065,-3.694279138765503,45.692281852946564
-209.00682018356417,285.3438767613271,-21.65627564377167,8.208944270582816,2.637033769525998,-0.8605292585989862,-3.7124654881083488,43.914884699501705
-208.71504844626543,285.4367705564519,-21.495439651795657,8.242980129330544,2.664964285112153,-0.9767374749408761,-3.730641459185119,42.10788381986294
-208.4232767089668,285.5183455017367,-21.338293290657415,8.276689681829273,2.691838505685062,-1.090379662697113,-3.7487940446702086,40.274769178527414
-208.13150497166805,285.5889370659041,-21.18480663252003,8.310056721595847,2.717661128054011,-1.2015945848073255,-3.7669139985426985,38.41876694343596
-207.8397332343693,285.64883071532057,-21.03494259058386,8.343066959045146,2.742433716950571,-1.3105235044580608,-3.7849924555400003,36.54275718409468
-207.54796149707067,285.69833942076104,-20.888665500472086,8.37570628716501,2.7661626709127756,-1.41729017865892,-3.803026276113885,34.64957838534185
-207.25618975977204,285.73773284205737,-20.74594026670229,8.40796190636515,2.7888512075894325,-1.5220202960365155,-3.821013555669319,32.74170985072031
-206.96441802247318,285.76727365272615,-20.60672877633656,8.439822215541746,2.810503742743024,-1.6248323680007528,-3.8389531263893653,30.821562426875108
-206.67264628517455,285.7872092232766,-20.47099549317312,8.471275394199287,2.8311240822686004,-1.7258388972066825,-3.8568474377452793,28.891254303481674
-206.38087454787592,285.79777554562565,-20.33870159463807,8.502311435358791,2.8507167682843457,-1.8251477960016749,-3.8746992443362784,26.952885797397617
-206.08910281057717,285.79919564976325,-20.20980921491479,8.532920714492496,2.8692861603736373,-1.9228623152577304,-3.8925126584727643,25.00836294674766
-205.79733107327843,285.7916807461338,-20.084280623675788,8.56309428417782,2.8868366474930025,-2.019080697585887,-3.9102931329790067,23.059467198265892
-205.5055593359798,285.77543077247054,-19.9620783899646,8.592823830402514,2.9033726374657665,-2.113897959211076,-3.928047476007476,21.107869872551777
-205.21378759868105,285.7506326945587,-19.843168854542196,8.622100656444832,2.9188977249196784,-2.2074049458835776,-3.9457839797939886,19.155061983697834
-204.92201586138242,285.71746979886404,-19.72750900922502,8.650919526086376,2.9334179528968205,-2.2996870190083527,-3.9635089643267576,17.202625206803713
-204.63024412408367,285.67610769409004,-19.615068272308473,8.67927257415973,2.9469365645719146,-2.3908290821357427,-3.981232937800893,15.251865291820026
-204.33847238678493,285.626708736526,-19.50580804954337,8.70715416937509,2.9594587361416256,-2.4809090090293244,-3.9989642716131666,13.304068266921592
-204.0467006494863,285.5694196524098,-19.399697862705043,8.734557893089974,2.9709879041064235,-2.5700053386257524,-4.016714286899382,11.360446461418466
-203.75492891218755,285.5043882641661,-19.29670112740883,8.761479387363972,2.9815297205834126,-2.6581896388097896,-4.034492782324082,9.42213244203106
-203.4631571748888,285.4317418455741,-19.19678946685151,8.787913334457006,2.991087406040747,-2.7455345427308133,-4.052311470251454,7.490206403224338
-203.17138543759017,285.3516178396428,-19.09992616619329,8.81385536693007,2.999667144764283,-2.8321050385282756,-4.070181768837813,5.5656839370380995
-202.87961370029154,285.26412792944393,-19.006086701089835,8.839301315393303,3.007272172291593,-2.9179690591920875,-4.088115094303259,3.6495645983952367
-202.58784196299268,285.16937930354806,-18.915240481272193,8.864246485248996,3.013906262598652,-3.0031894151416485,-4.10612486317163,1.7426457005831137
-202.29607022569405,285.0674822401033,-18.827361993601556,8.888688849752185,3.0195749744273908,-3.087825428932735,-4.124223221160354,-0.15409263829566808
-202.00429848839542,284.9585336779966,-18.74242411606719,8.912624607766405,3.0242825489002163,-3.1719357495128673,-4.142423205687723,-2.0398613499539513
-201.71252675109668,284.8426269764321,-18.660398168317137,8.936051140117192,3.0280341798587096,-3.255575678361071,-4.160737792815214,-3.9138826915791984
-201.42075501379793,284.71984492200255,-18.581269082013474,8.958965263421078,3.0308332876869444,-3.338800233776275,-4.179182056261868,-5.7754029532767
-201.1289832764993,284.59026769602633,-18.505015313238285,8.981364556018699,3.0326845542921315,-3.4216616757962584,-4.197770376575578,-7.623698116818432
-200.83721153920055,284.45397221865227,-18.431608160018104,9.0032474907372,3.0335939970008017,-3.504208533373923,-4.216515503514827,-9.45808061967502
-200.54543980190192,284.31102934198634,-18.361033661903274,9.024612330208434,3.033566388730019,-3.586489167749586,-4.235432463946982,-11.277859060443022
-200.25366806460306,284.1615001227637,-18.293273333347003,9.045455621638908,3.0326057324486975,-3.668551316242581,-4.254538140663564,-13.082484856497018
-199.96189632730443,284.0054424280811,-18.228311638953386,9.065778348853437,3.0307181589631553,-3.7504385249737786,-4.273845666391195,-14.871218514304267
-199.6701245900058,283.84290635473553,-18.166137061526626,9.085577573934657,3.0279075576741175,-3.83219557121653,-4.293373300902055,-16.64353048536449
-199.37835285270705,283.67395653894187,-18.106728632455262,9.104852642789796,3.0241819104178513,-3.9138599806391805,-4.3131358979123045,-18.398843884331466
-199.0865811154083,283.4986221640515,-18.050088801004815,9.123602150322796,3.019543816731695,-3.9954749840315307,-4.333151904024937,-20.136577109914757
-198.79480937810968,283.3169457195296,-17.996208650431587,9.141825160933225,3.0139991940046773,-4.07707835339831,-4.353438432033467,-21.856187239807177
-198.50303764081093,283.12897988703514,-17.945063972172843,9.1595219679397,3.007557677163204,-4.158700966632753,-4.3740132685632735,-23.55710421648655
-198.21126590351219,282.93474194378604,-17.896667539895926,9.176690552720121,3.0002216378873485,-4.240382018130666,-4.394896268754934,-25.23886317531508
-197.91949416621355,282.7342689787929,-17.851011032511355,9.193332826797008,2.9920000343129978,-4.322149586747738,-4.41610577027995,-26.900916319393215
-197.6277224289148,282.5275908020105,-17.808095065069086,9.2094464870462,2.9828989855070267,-4.404034157983016,-4.437664594782444,-28.542758198779822
-197.33595069161618,282.31472188512515,-17.767913438066014,9.225031360703968,2.972925516490745,-4.486064921020885,-4.4595930021194565,-30.16392722819446
-197.04417895431743,282.09569223364514,-17.730472714327608,9.240088504298672,2.9620885569534843,-4.568265447165177,-4.481913256875346,-31.763912320538605
-196.75240721701869,281.87051805685235,-17.695777843130706,9.25461804120574,2.950396174561967,-4.650660013330911,-4.504648812448908,-33.34221589483096
-196.46063547972005,281.6392122940462,-17.663837315656707,9.268619772937152,2.937856518423705,-4.733269365651844,-4.527825099050564,-34.89839430202608
-196.16886374242142,281.4017912528331,-17.634660179590984,9.282092988791648,2.9244786631050212,-4.81611181443825,-4.551468138360433,-36.43200637664167
-195.87709200512256,281.1582565595939,-17.608264953576406,9.29503852691929,2.9102711499455687,-4.8992021940914166,-4.575605639062999,-37.94260150904973
-195.58532026782393,280.90862970830176,-17.584661554217803,9.307457143326747,2.8952462007928874,-4.9825479730023865,-4.600265384895342,-39.429761891524734
-195.2935485305253,280.65290581112555,-17.563870076294158,9.319348943644272,2.8794132546515727,-5.0661571639523695,-4.62547942253979,-40.893102124311675
-195.00177679322655,280.39110907518835,-17.54591188351011,9.330715657742543,2.8627863589931457,-5.150029320021671,-4.651278353927022,-42.3322038356013
-194.7100050559278,280.1232423995051,-17.530804979183404,9.341556404841524,2.84537756161878,-5.234164363210342,-4.677696640097414,-43.74668065454437
-194.41823331862918,279.8493109470066,-17.5185828232796,9.351871865071036,2.8271996901954446,-5.3185532169861665,-4.704772594117245,-45.13613249805534
-194.12646158133043,279.5693162338787,-17.509275417981613,9.361662622315691,2.8082667563862227,-5.403178102471514,-4.732546361196709,-46.500190344963784
-193.8346898440317,279.28326987946593,-17.502918372261338,9.37092884800742,2.788594209744802,-5.488010760378954,-4.7610631651424935,-47.83855597387338
-193.54291810673305,278.9911849572098,-17.4995465182142,9.379672670476216,2.768200146574554,-5.57301328480275,-4.790368984776933,-49.15098111803149
-193.2511463694343,278.6930739722182,-17.49920454249605,9.387893933446064,2.747101755584302,-5.658146575057756,-4.820512845768673,-50.43729539036663
-192.95937463213568,278.3889596069613,-17.501935426146765,9.395593848400095,2.725319500319116,-5.743358824065102,-4.851545291848944,-51.6972612086251
-192.66760289483693,278.0788478515544,-17.507799794161063,9.402771287157366,2.702870824275126,-5.828576491126608,-4.883530715803271,-52.93070293653808
-192.3758311575382,277.76277905961956,-17.516850504483727,9.409428056745806,2.679780105874022,-5.913699872866382,-4.916539606892665,-54.13749598388814
-192.08405942023956,277.44078952354636,-17.529150898644357,9.415564460607394,2.6560710171384474,-5.998622311034056,-4.950648385706138,-55.31776649407231
-191.79228768294092,277.11290503228315,-17.54477719700215,9.421178786984557,2.6317655199963057,-6.083233379915655,-4.985935673495213,-56.47168458476482
-191.50051594564206,276.77921216959766,-17.563798565224236,9.426274202780423,2.6068956788702207,-6.167366850781768,-5.022491750969252,-57.59931183681487
-191.20874420834343,276.4397589241664,-17.586305474287403,9.43084893220217,2.581486985231659,-6.250830247532018,-5.060436757843092,-58.70098001562842
-190.9169724710448,276.0946390436572,-17.61239345930321,9.434903278995638,2.555570805393715,-6.333417580481591,-5.099889450162127,-59.77728454598324
-190.62520073374606,275.7439524432505,-17.642168160932624,9.438435913438685,2.529178441400007,-6.4148758690376875,-5.140992327722907,-60.82872227287182
-190.3334289964473,275.387817884029,-17.675753547156532,9.44144624329361,2.502342577442824,-6.494895287101656,-5.183921085607983,-61.856184926250855
-190.04165725914868,275.0263999751856,-17.713280562043494,9.443932639273223,2.475099061634809,-6.573131795203963,-5.228870351734446,-62.86074642247323
-189.74988552184993,274.6598768001993,-17.754902610958414,9.445893227729595,2.44748317474998,-6.649162542344816,-5.276082179833146,-63.84369895823151
-189.4581137845512,274.2884756558716,-17.800789493229612,9.44732600241215,2.419532443246188,-6.7224941645361795,-5.325842665582515,-64.80687689092093
-189.16634204725256,273.91245102055774,-17.851147106667035,9.448226977310306,2.3912813898559637,-6.792543293688406,-5.378502700803332,-65.75261353743397
-188.8745703099538,273.5321270512543,-17.90620561963817,9.448591648152702,2.3627657877139248,-6.858632354841704,-5.434479725502483,-66.68388048324573
-188.58279857265518,273.1478828226312,-17.966220026286916,9.448416800250458,2.3340219961512734,-6.920045384317932,-5.49422813553095,-67.60491986979862
-188.29102683535643,272.7601216759433,-18.0314967919921,9.447693636036695,2.305077048936532,-6.976608209012196,-5.5579330608002335,-68.52067038841791
-187.9992550980577,272.3692529888796,-18.102317052574655,9.446414677276985,2.27596015721054,-7.028870150291624,-5.625373346599237,-69.43544815362073
-187.70748336075906,271.97561140417304,-18.178954080579114,9.44457072548039,2.2466947760317413,-7.077375667231405,-5.696316931929211,-70.35242262547995
-187.41571162346042,271.5795017578088,-18.261655238471153,9.44215158347799,2.217304110988942,-7.1225456301944465,-5.7705826921437655,-71.27368465676861
-187.12393988616157,271.18117374323236,-18.350665020420816,9.439143596015322,2.1878062540333367,-7.164710911505372,-5.848030538635333,-72.20050145706952
-186.83216814886293,270.7808892190783,-18.446205856553085,9.435538169685355,2.158225595745894,-7.204081587033785,-5.9285597762216575,-73.13369704332057
-186.5403964115642,270.37886058735666,-18.548502071273223,9.431322057011231,2.1285812869003236,-7.240830364676879,-6.012090756818444,-74.0734288086455
-186.24862467426556,269.97530175472224,-18.657767056222877,9.426483495144915,2.098895399601423,-7.275048270491024,-6.098567300099948,-75.01962202780203
-185.9568529369668,269.570425664044,-18.774207657854053,9.421011616028617,2.069192135730417,-7.306781852557463,-6.1879448308334615,-75.97191156541395
-185.66508119966807,269.1644244303587,-18.89803402279929,9.414893478556612,2.039494336613936,-7.336049225712143,-6.280182746897008,-76.92972712275605
-185.37330946236943,268.7575062002105,-19.029449768151196,9.408117423601292,2.009828326514974,-7.36282194401648,-6.375249631676616,-77.89231237343239
-185.0815377250707,268.3498772826178,-19.168649766532052,9.400673402496274,1.980224052663793,-7.387041082317583,-6.473112884928594,-78.85889485359715
-184.78976598777194,267.94173553208896,-19.31584262630488,9.39254717512775,1.9507086184764293,-7.4086310395081245,-6.573748363314029,-79.82832357435751
-184.4979942504733,267.53330539572903,-19.471217327503265,9.38372924256127,1.9213172488045915,-7.427491703093154,-6.67712129492285,-80.79945482368579
-184.20622251317468,267.124807568217,-19.63497216277142,9.374208188778248,1.892084867994851,-7.443500918048251,-6.783200304232289,-81.77105789776645
-183.91445077587582,266.7164881425924,-19.80728406131612,9.363975568352808,1.8630535748844514,-7.45652225682743,-6.891944712375985,-82.74162613259263
-183.6226790385772,266.30858244397564,-19.98835641076619,9.353018866494224,1.8342620176042381,-7.4664046581295525,-7.003321164902551,-83.70957371947908
-183.33090730127856,265.90135624122996,-20.178365517303515,9.341329993733687,1.80575794986484,-7.472981921792204,-7.117280941695593,-84.67292207238813
-183.0391355639798,265.49508321094805,-20.37749336597592,9.328898927270798,1.777589871186565,-7.476076301584506,-7.233775046520374,-85.62944807957467
-182.74736382668107,265.0900572249316,-20.5859155950902,9.31571906778072,1.7498123032170099,-7.475493901662702,-7.35273989404797,-86.57654222054168
-182.45559208938244,264.68658237340503,-20.803806351972142,9.301782469567042,1.7224818868726397,-7.471032814747256,-7.474105293653106,-87.51126277543905
-182.1638203520837,264.28498280925965,-21.031330502855038,9.287083072049867,1.695660495567324,-7.462476136573065,-7.597787837496954,-88.43021684961312
-181.87204861478506,263.8856111174578,-21.268640355440038,9.271616294840346,1.6694149066280153,-7.449593988528643,-7.723687336468843,-89.32948019069113
-181.5802768774863,263.48883128863145,-21.515886142821532,9.255378379591498,1.643815371325021,-7.432141233200024,-7.851686152081456,-90.20447841341918
-181.28850514018757,263.0950305370856,-21.77321212693987,9.238367103019817,1.6189361151416353,-7.409866815375331,-7.981645981615533,-91.05005569628058
-180.99673340288894,262.7046211854383,-22.040743600085655,9.220582278895591,1.5948565761006988,-7.382511478171704,-8.113402261021832,-91.86046002248342
-180.7049616655902,262.318038497637,-22.318597096825748,9.202025568417575,1.5716597698817054,-7.349809711142185,-8.24676686389633,-92.62924090795431
-180.41318992829144,261.9357460343346,-22.60687066067814,9.182701778176712,1.5494333290332376,-7.31149320085494,-8.381521479276676,-93.34932470171134
-180.1214181909928,261.55822703350753,-22.90563995247034,9.162617259997637,1.5282682626586042,-7.267298120232635,-8.517416911964048,-94.0129408195352
-179.82964645369418,261.18599597132044,-23.214967179271074,9.141781157156581,1.5082574634238424,-7.216961589147827,-8.654173335133272,-94.61185186127882
-179.53787471639532,260.8195870228939,-23.53488405458717,9.120206798056026,1.4894977181983706,-7.160236838307494,-8.7914710824001,-95.1373650006444
-179.2461029790967,260.4595593806367,-23.86540075188993,9.097909237038852,1.4720854675466264,-7.0968861808840416,-8.92895481751838,-95.58056229293872
-178.95433124179806,260.1064999588378,-24.206498193012315,9.074907280941664,1.4561171479186936,-7.026693342963641,-9.066228902735492,-95.93239221851476
-178.6625595044993,259.7610143990328,-24.558124497496124,9.051222397030292,1.4416875476109872,-6.949470199163921,-9.202855992315085,-96.18387046261068
-178.37078776720057,259.42372821733693,-24.92019367362759,9.02687883917173,1.4288880455214952,-6.865065562246606,-9.338355468919362,-96.3264554091656
-178.07901602990194,259.0952923192092,-25.292571705808164,9.001905864759543,1.4178064304435136,-6.773376810394468,-9.472200420764109,-96.3521206428153
-177.7872442926032,258.7763603799312,-25.675087978228063,8.976333891372128,1.4085232153488536,-6.674356620314938,-9.603832215770765,-96.25362582519269
-177.49547255530456,258.4675919328056,-26.06752781442229,8.95019619739947,1.4011110755662046,-6.56801566700051,-9.732654213315637,-96.02445723485472
-177.2037008180058,258.1696613384007,-26.469620947661674,8.92353083134107,1.3956335569273932,-6.454441693861516,-9.85804830657292,-95.65946994953691
-176.91192908070707,257.88323214938777,-26.88106053559363,8.896374781064207,1.3921408717337573,-6.333794284779302,-9.979394305374408,-95.15456269858271
-176.62015734340844,257.60896618414955,-27.30147730731083,8.868769571511146,1.3906719967474475,-6.206314022619368,-10.096078841703662,-94.50696407976076
-176.3283856061098,257.34749204777296,-27.730458073330446,8.840757057914102,1.3912530288490632,-6.072321957219186,-10.207512682252322,-93.7152711965133
-176.03661386881095,257.09943992705365,-28.167535052075365,8.812381742191143,1.3938940539375937,-5.932202849570601,-10.313155314886329,-92.7792542845779
-175.7448421315123,256.865393434233,-28.612226524177117,8.783686135118066,1.3985903204627688,-5.786405664864968,-10.412526742764612,-91.69971203107983
-175.45307039421368,256.6459017864872,-29.063987992452923,8.754716424556928,1.4053250447925174,-5.635440962569659,-10.505213206439596,-90.47868751672961
-175.16129865691482,256.44149322137685,-29.522263459158093,8.725515850421287,1.4140637461191201,-5.479842774120513,-10.59088581281359,-89.11897711345864
-174.8695269196162,256.25263677223523,-29.986461205999042,8.696130222728277,1.42476257956141,-5.320186402104437,-10.669286109424855,-87.62405899801045
-174.57775518231756,256.0797706490451,-30.455980212747235,8.666603985376106,1.4373641017264198,-5.157054565804135,-10.740230905172831,-85.99806966147351
-174.28598344501881,255.92327922161746,-30.930195144529748,8.63698223832237,1.4518021336504519,-4.991045664842012,-10.803601987871197,-84.24550520986193
-173.99421170772007,255.78349591332125,-31.408481134892963,8.60730916941269,1.4680024792461115,-4.822755844402852,-10.859339374064373,-82.37121640672751
-173.70243997042144,255.6607187933819,-31.89021673644895,8.577627224999535,1.4858827637707648,-4.652765243920483,-10.907432352004024,-80.38076049531723
-173.4106682331227,255.55518474580543,-32.3747686182149,8.547979301370354,1.5053574201019608,-4.481654517060444,-10.947918667539827,-78.28002404127574
-173.11889649582406,255.46709487664376,-32.86150893939342,8.51840648631777,1.526335824264415,-4.3099813378613465,-10.980869214476696,-76.0754712682149
-172.82712475852531,255.3966034775223,-33.34982746861033,8.488947622569368,1.5487256132846678,-4.138278938176561,-11.006395674869557,-73.77400892982108
-172.53535302122657,255.34381822396782,-33.83911884822092,8.459641580853022,1.5724342773987143,-3.9670598232659593,-11.024630077209865,-71.38304790398016
-172.24358128392794,255.30879834414174,-34.32878479259382,8.43052484533022,1.597369632689931,-3.796814046358297,-11.03572721224137,-68.91042990824648
-171.9518095466292,255.29155893793987,-34.81823709751157,8.401632210892325,1.6234406347894221,-3.6280050900143155,-11.039858894523228,-66.36410162309201
-171.66003780933045,255.29207613567107,-35.306902797332924,8.372996564586886,1.650557880013243,-3.4610662822967924,-11.037209854317226,-63.75247557181562
-171.36826607203182,255.31028812111268,-35.794229768701484,8.344648300193093,1.6786344908558377,-3.296404344519928,-11.027954722196363,-61.08394774635848
-171.07649433473307,255.34608148802045,-36.27966784026614,8.316616720302136,1.7075868217982653,-3.134412569550764,-11.012276523627333,-58.36714501788565
-170.78472259743432,255.39931625257475,-36.762687981226016,8.288927519354388,1.7373331282848246,-2.975460166879891,-10.990352878957337,-55.610951903013465
-170.4929508601357,255.46980082689308,-37.24277205510125,8.26160454357356,1.7677957750921267,-2.8199153084887767,-10.962351362548262,-52.82434784134297
-170.20117912283695,255.5573145502905,-37.71941472240456,8.2346689502133,1.7988991423873004,-2.66813374114901,-10.928426257482013,-50.01655439131723
-169.90940738553832,255.661604080184,-38.192124563051514,8.208138612385557,1.8305700524137094,-2.5204760507332065,-10.88870993040024,-47.19681288552573
-169.61763564823957,255.7823349781063,-38.66040525044395,8.18203074521404,1.8627401258689873,-2.37733732924791,-10.843306041121407,-44.374643295882855
-169.32586391094083,255.91915616446275,-39.123779900963356,8.156358307057845,1.895341737236438,-2.2391337304371204,-10.792273096071703,-41.55957128370557
-169.0340921736422,256.0716467742842,-39.58176518430592,8.131131873246845,1.9283097258221127,-2.1063531015568118,-10.735604431707179,-38.76098228667149
-168.74232043634356,256.23931855368517,-40.03388128303117,8.106359057697908,1.9615812915176722,-1.9795688731206424,-10.67321103480027,-35.98860451296259
-168.4505486990447,256.4216070779031,-40.47962521538042,8.082044587151819,1.995092938688715,-1.8594767076416154,-10.604882772441345,-33.25210429572775
-168.15877696174607,256.6178360685362,-40.918478612749055,8.058191076359762,2.0287825686095755,-1.746893667364352,-10.530300209919616,-30.561669622962306
-167.86700522444744,256.82730112557596,-41.34990756412681,8.034795789837938,2.0625826554188267,-1.6422567668250152,-10.449374093636385,-27.92757073102832
-167.5752334871487,257.0491929760259,-41.77338349201054,8.011855348147405,2.0964274432572845,-1.5449895589881788,-10.362818410484484,-25.359104046058007
-167.28346174984995,257.2828476070032,-42.18846077491275,7.98936249131884,2.1302471688386238,-1.4543693076129678,-10.271407719469792,-22.86331290804831
-166.99169001255132,257.5276146069781,-42.59474779535543,7.967308749990177,2.163974872417533,-1.3697726449564485,-10.175845122850133,-20.445390207940562
-166.69991827525257,257.78289500202305,-42.991912228092,7.945683252862804,2.1975459882000026,-1.2906633426214833,-10.076760248595688,-18.109112562468827
-166.40814653795383,258.04813618227433,-43.379645733434906,7.924475934531097,2.230895764614448,-1.2165943632707759,-9.974677094003434,-15.857109066752058
-166.1163748006552,258.32282032282444,-43.75770599237065,7.903673860615201,2.2639656117995943,-1.1471680648316365,-9.870066418687625,-13.690991951693556
-165.82460306335645,258.6064359169071,-44.12587437056806,7.883265073272315,2.296700086878409,-1.0820605800468517,-9.763328417106072,-11.611707166119968
-165.53283132605782,258.8985183083647,-44.483960444470846,7.863236625967979,2.329045944232815,-1.0209734231587344,-9.654815050498902,-9.619596158199025
-165.24105958875907,259.19861652721613,-44.831804243160995,7.843574712719781,2.360954301798701,-0.9636543862097068,-9.544827908400704,-7.714669853887323
-164.94928785146033,259.50628942214195,-45.16926456181158,7.82426686975054,2.392379556241037,-0.9098861867501795,-9.433630460034065,-5.896545314690254
-164.6575161141617,259.8211040109603,-45.49622355084221,7.805299947190343,2.4232800257617937,-0.8594684081367358,-9.321461325079506,-4.164542355207574
-164.36574437686306,260.1426567780112,-45.81257608934035,7.7866605280153465,2.4536160254087123,-0.812232430947814,-9.208516783033174,-2.5178733118268974
-164.0739726395642,260.47052889253865,-46.118237476741804,7.76833560649547,2.483352362931174,-0.7680295980897672,-9.09497714103028,-0.9555776129544357
-163.78220090226557,260.80432393510614,-46.41313073820238,7.750312211701438,2.5124554815027804,-0.7267334728745268,-8.980994054625306,0.5235168683388861
-163.49042916496694,261.1436455502235,-46.69719842205515,7.732577691048657,2.540895668097209,-0.6882285502428909,-8.866707308684955,1.9205945846990027
-163.1986574276682,261.48809905397815,-46.970391334512435,7.715119935491263,2.568645472810154,-0.652416212617713,-8.752234508100988,3.2371207701360807
-162.90688569036945,261.83729658743107,-47.232665006204996,7.697926008261669,2.59567906172492,-0.6192134293512849,-8.637677587577663,4.474500997857663
-162.61511395307082,262.190858998784,-47.48397986839924,7.680984354731165,2.6219721920870733,-0.5885480834086401,-8.523124342782666,5.63423524344623
-162.32334221577207,262.54838577796056,-47.7243115175069,7.664283640850316,2.647504036192199,-0.560360497813664,-8.408657314291318,6.717913137653558
-162.03157047847344,262.90949515151186,-47.9536451551811,7.647812236727041,2.6722556153582326,-0.5345983862048337,-8.294347117833647,7.727183777524427
-161.7397987411747,263.2738017751703,-48.17196132268624,7.631559473395789,2.696208295328736,-0.5112174581193313,-8.180251903914193,8.663754851995423
-161.44802700387595,263.64091501016674,-48.37925549499111,7.615514499275126,2.7193462925488303,-0.4901849713291796,-8.066423564893954,9.529361078621521
-161.15625526657732,264.0104490694631,-48.575523914614074,7.599666856431526,2.7416546048328683,-0.47146793959422884,-7.952908174337039,10.325834779564051
-160.86448352927857,264.38201110805426,-48.760757321888114,7.5840077659834835,2.7631182349127625,-0.45504713265376573,-7.839742538387344,11.055025559404427
-160.57271179197983,264.7552084881799,-48.9349695558117,7.568527264967543,2.783725851493832,-0.44089843873562323,-7.726966586800213,11.718586254787567
-160.2809400546812,265.1296553134015,-49.09816326529622,7.553216802666875,2.803465146619182,-0.42900793076742905,-7.614605349584138,12.318519783954223
-159.98916831738256,265.5049591919656,-49.25035499481153,7.538067369737548,2.822326226295372,-0.41936398167286726,-7.502684029994081,12.856637538673866
-159.6973965800837,265.88072231758196,-49.39155275084953,7.523071465584186,2.8402985141583463,-0.4119630812343594,-7.391223071455451,13.334880039196197
-159.40562484278507,266.25655208457175,-49.52176547141256,7.508221371436127,2.857371958505429,-0.4068031403591683,-7.280235420800158,13.754973719124925
-159.11385310548644,266.6320539721361,-49.64102433600801,7.4935098901711195,2.8735397937146026,-0.4038761223036989,-7.169741463461032,14.119112198629555
-158.8220813681877,267.0068345803513,-49.749345557348114,7.478930468874735,2.8887936075291845,-0.4031832154669963,-7.059747734810152,14.42908046376623
-158.53030963088895,267.3805000141517,-49.84674727989444,7.464477090232052,2.9031255272690406,-0.40472556448912383,-6.950260694517076,14.686778263431453
-158.2385378935902,267.7526603746883,-49.933261550815025,7.450144194945083,2.9165297546370956,-0.408505415299155,-6.841288167743845,14.894201714660655
-157.94676615629157,268.12292861000964,-50.00891548290869,7.4359258925582505,2.9290001245472146,-0.4145227815390125,-6.732829680570957,15.053205541199128
-157.65499441899294,268.49090834276166,-50.07373220349113,7.4218181221765125,2.9405300292669643,-0.42278547252025367,-6.6248849736464415,15.16579196926416
-157.36322268169408,268.85621427999956,-50.12774166213452,7.407816635224393,2.951113982940722,-0.43330079755509326,-6.5174524597543115,15.233893490574571
-157.07145094439545,269.21847358104174,-50.170975887680335,7.3939178182142875,2.9607470065903216,-0.4460654919642173,-6.41052573126974,15.25939021842021
-156.77967920709682,269.5773090641828,-50.203461245389875,7.380118422137477,2.969423501191879,-0.46108908972676715,-6.304097283900164,15.24426184530861
-156.48790746979796,269.93233845976397,-50.225237574654244,7.366415552542722,2.9771396174266993,-0.47837652970712574,-6.198158928983365,15.190471874184317
-156.19613573249933,270.28319812997984,-50.23633421101517,7.352807284261889,2.9838903939878225,-0.49793332440077104,-6.092697760053218,15.099960424982411
-155.9043639952007,270.6295227244868,-50.23678820029901,7.33929201280677,2.9896718871327734,-0.5197643301604139,-5.987700636994291,14.974704525745615
-155.61259225790195,270.9709687047405,-50.22662512106954,7.325868199457039,2.9944790801822245,-0.5438739564566499,-5.883148391336621,14.81658769562897
-155.3208205206032,271.3071714717083,-50.20588026701542,7.312535960497905,2.9983078036937716,-0.5702702104027333,-5.779025469052101,14.6277585152853
-155.02904878330457,271.63779136965456,-50.17459551678893,7.299295378742584,3.0011550869496566,-0.5989549038813933,-5.675311496396129,14.410133155501624
-154.73727704600583,271.962493936909,-50.13279630495583,7.286146645320846,3.0030160142716094,-0.6299334507652256,-5.571982928776365,14.165726789848735
-154.4455053087072,272.28096261383405,-50.080527570396754,7.273091286363665,3.0038883113259103,-0.6632045093463068,-5.469015091985144,13.896630437587037
-154.15373357140845,272.5928641506138,-50.017813101556996,7.260130566521092,3.0037667861232022,-0.6987786455103587,-5.3663828766894435,13.60482597425591
-153.8619618341097,272.89788897767124,-49.94468783474147,7.247266851007384,3.002647939791115,-0.7366577855193212,-5.264056959019575,13.292420639312674
-153.57019009681107,273.1957552193078,-49.86118576324247,7.234503033539572,3.0005286826229955,-0.776839867674838,-5.162006067806789,12.961522019736824
-153.27841835951244,273.48615568303927,-49.76733682015226,7.221842765612235,2.9974047656453138,-0.8193317874076544,-5.060198879420902,12.61428239816671
-152.98664662221358,273.7688142417853,-49.66317190335362,7.209290016268655,2.993272660039883,-0.8641343761083239,-4.958600513232184,12.2528611402474
-152.69487488491495,274.0434598370265,-49.548720447348266,7.1968495040395615,2.9881286540845804,-0.9112493406643967,-4.857175095600128,11.879463372454964
-152.40310314761632,274.30983028848067,-49.424012779979094,7.184526513609513,2.9819692303838616,-0.960678661787894,-4.75588515729926,11.496349057912155
-152.11133141031746,274.5676734435279,-49.28906736644687,7.1723271408503875,2.974789568190113,-1.0124241974835828,-4.654688958181833,11.105761958821644
-151.81955967301883,274.8167547042706,-49.14392499641441,7.160258167579357,2.96658777505772,-1.0664848809876677,-4.553548468570384,10.710110856966347
-151.5277879357202,275.0568363894564,-48.98859878818083,7.14832651381647,2.957358550378194,-1.1228646261014563,-4.4524185403935705,10.311783046188527
-151.23601619842145,275.2877084897765,-48.82311177767383,7.136540903158536,2.94709822906988,-1.1815627670541162,-4.3512546830377135,9.913171766253361
-150.9442444611227,275.5091575311442,-48.64748460064136,7.1249098533881865,2.9358027294640623,-1.2425796866562249,-4.250010894029058,9.516780769308586
-150.65247272382408,275.7209879896336,-48.461745178809245,7.113442482535288,2.9234691791149565,-1.3059178189575433,-4.148642067241513,9.125266838462933
-150.36070098652533,275.9230009802009,-48.26590495701572,7.102149690931487,2.9100923658673277,-1.3715786599448407,-4.0470984637182505,8.741235149257545
-150.0689292492267,276.11502777600566,-48.05997875290185,7.091042554788301,2.895668344450932,-1.4395634286690617,-3.9453307481350377,8.367424487782811
-149.77715751192795,276.2968933587477,-47.84398106235292,7.080132764873205,2.8801927717218305,-1.5098739790291473,-3.843288326052819,8.00660743645674
-149.4853857746292,276.4684338195534,-47.617921267041964,7.069433192077643,2.863660845596331,-1.5825136936776476,-3.7409200255057082,7.661732339395266
-149.19361403733058,276.62950894237946,-47.38181124513277,7.058957151652658,2.8460687626705696,-1.657482894155882,-3.6381735705708174,7.33576822165777
-148.90184230003194,276.77995993809253,-47.13566120847826,7.0487197831775905,2.8274114641043697,-1.7347875441660128,-3.5349977166669726,7.031853664590221
-148.61007056273309,276.91967351892333,-46.87948653816765,7.038736109286377,2.807686119396966,-1.8144267807414505,-3.4313408459770436,6.753196554413219
-148.31829882543445,277.04851281290706,-46.61327267162893,7.029022992571667,2.78688546487611,-1.8964086663477357,-3.3271463611295884,6.503141029343389
-148.02652708813582,277.16637485001957,-46.33705001302165,7.019596513415362,2.7650084985793417,-1.980735263706109,-3.222367076623838,6.285137391346676
-147.73475535083708,277.27313415929973,-46.05080026673054,7.010475761516595,2.742047595702979,-2.0674151533733323,-3.116946513201685,6.102788972834767
-147.44298361353833,277.36870201077767,-45.754537436118035,7.001680523997319,2.717999878493382,-2.1564527178643145,-3.0108345219918378,5.959898314836117
-147.1512118762397,277.45297934292216,-45.44825842650266,6.993231187581093,2.6928602485577358,-2.2478567764481983,-2.903979613803307,5.8603548161386145
-146.85944013894095,277.5258795144612,-45.13196764990044,6.985149283549357,2.6666247616857546,-2.3416351443650196,-2.796332544493805,5.80825684001083
-146.5676684016422,277.5873074329688,-44.80565384240616,6.977458407303407,2.6392871816867642,-2.4378014291546526,-2.687842223973487,5.807909482333715
-146.27589666434358,277.637204934405,-44.469324120166696,6.970182090020231,2.610845019950838,-2.536365168170276,-2.5784646306928685,5.863759525776816
-145.98412492704483,277.67548980379416,-44.122965639593744,6.963346092231729,2.581292475731123,-2.637343392098151,-2.468153198270152,5.980499876075895
-145.6923531897462,277.70209457898363,-43.76659765153446,6.956977285780264,2.550627571267216,-2.7407469994674423,-2.35686610175561,6.163116401127576
-145.40058145244745,277.71694594163984,-43.40019479995953,6.951103955121222,2.5188438487258584,-2.8466008019965656,-2.2445616033123725,6.416791588632345
-145.1088097151487,277.7199918436874,-43.02378402658341,6.9457560164974135,2.485940890005932,-2.9549178424114504,-2.1312049246454854,6.746945142731662
-144.81703797785008,277.7111797889584,-42.63736002027873,6.9409657352985175,2.4519151717858154,-3.065723199940905,-2.016762704384068,7.15933756190526
-144.52526624055133,277.6904403030033,-42.24092814470491,6.936764532066224,2.4167644806727684,-3.179043937545347,-1.901206473683224,7.660051880731196
-144.2334945032526,277.6577153721468,-41.834477383445986,6.9331884616335415,2.3804851722728517,-3.2949133235095864,-1.7845090522264597,8.255511183404959
-143.94172276595395,277.6129597111058,-41.41803923244499,6.930273250842677,2.3430794089114713,-3.413361418197194,-1.6666565909733162,8.952476720143721
-143.6499510286552,277.55610568980336,-40.99162353448525,6.928057647042317,2.304546626139209,-3.5344277781716023,-1.5476345776025417,9.758171433656749
-143.35817929135658,277.48708799294644,-40.55523159292456,6.926582789666041,2.2648865343386313,-3.6581596396459393,-1.4274358189165584,10.680259446077509
-143.06640755405783,277.4058482350106,-40.108896148572484,6.925891474190312,2.2241033587210355,-3.7846053561512742,-1.3060649109122646,11.726881166457536
-142.7746358167591,277.3123185931783,-39.65264083094367,6.926028896261819,2.182201605672016,-3.9138220694683983,-1.1835339584843245,12.906711046169017
-142.48286407946046,277.2064454810221,-39.186511804314314,6.927041925220554,2.139190782780758,-4.045870897179779,-1.059869061898923,14.228871518684082
-142.1910923421617,277.0881352926258,-38.7105363336891,6.928981813006781,2.0950783592926796,-4.180829873020902,-0.9351054951957125,15.70329367774019
-141.89932060486296,276.9573303884597,-38.22477962275558,6.931900822015334,2.0498807836514596,-4.318776981582384,-0.8093008265427643,17.340393625296507
-141.60754886756433,276.81389675573763,-37.729294273695494,6.935854999198183,2.0036125039747215,-4.459809031375752,-0.6825230529461788,19.151549785314902
-141.3157771302657,276.6577554277008,-37.22414686638345,6.940903773230152,1.9562970538773623,-4.604031800482484,-0.5548700848879918,21.148685847975447
-141.02400539296684,276.4888079006715,-36.70944676958036,6.947109583683246,1.9079659472007382,-4.751558209538262,-0.4264727407911179,23.34457566720123
-140.7322336556682,276.306913893123,-36.18529667148264,6.9545385631354755,1.858654875920562,-4.902517906441553,-0.2974939585407698,25.753020572105083
-140.44046191836958,276.1119611033225,-35.65182934104444,6.963259324612834,1.808413163774479,-5.057051008615368,-0.16814999045541923,28.388616458093537
-140.14869018107083,275.9037713297525,-35.10918760801389,6.973347140382615,1.7572964032825333,-5.21531029482498,-0.03871184348630406,31.26716981118713
-139.8569184437721,275.6821767334525,-34.55756401338215,6.984879308391283,1.7053790085567309,-5.377452547822203,0.09046240699834131,34.40544794505256
-139.56514670647346,275.4469982202752,-33.99718693507739,6.997938934655716,1.6527530896914207,-5.5436308390941225,0.21890723564539058,37.82129319271908
-139.2733749691747,275.1980308766192,-33.428320114417446,7.012613940430104,1.5995320867344693,-5.713986606286893,0.3460140351146821,41.53380140038399
-138.98160323187608,274.9350633377624,-32.851300181056146,7.028997025555491,1.5458588440866579,-5.8886269606466675,0.4709826054122384,45.56275341744492
-138.68983149457733,274.65787226497855,-32.26655971414103,7.047184341008759,1.4919126249544947,-6.067584914026298,0.5927599422608132,49.928767831113035
-138.3980597572786,274.3662201718894,-31.6746066400104,7.067280740940554,1.4379112827943015,-6.250793680511941,0.7099613718637753,54.65269998802068
-138.10628801997996,274.05989110734157,-31.07609818417348,7.0893934261544675,1.3841282979069145,-6.438009763925344,0.8207847678405817,59.75452943743159
-137.8145162826812,273.7386916045811,-30.471854171947964,7.113635417009828,1.3308987920052446,-6.628737610008772,0.9229196864836385,65.25146921212566
-137.52274454538247,273.4024972011339,-29.86292485015846,7.140121187290602,1.278635363627489,-6.8221095732696195,1.0134650842040316,71.15534093097227
-137.23097280808383,273.05124696541617,-29.25059949402366,7.168967330986547,1.2278338729316551,-7.016781569818606,1.0888975425674654,77.46956730945286
-136.9392010707852,272.68504212555354,-28.63648636873408,7.2002864785155305,1.1790894408060941,-7.2107835713147646,1.1450967074000562,84.18372433568592
-136.64742933348634,272.30415991237896,-28.022546931677255,7.234183537880614,1.1330969425518622,-7.401393948814674,1.1774864949078767,91.26839375317785
-136.3556575961877,271.9091444196482,-27.411126237906267,7.270748360377756,1.0906489916443163,-7.585048636448141,1.1812886367727573,98.66906160279966
-136.06388585888908,271.50087202522104,-26.804931676439434,7.3100482522899615,1.0526173455966188,-7.757308944677518,1.1518781401172653,106.30109706791445
-135.77211412159033,271.0806425471809,-26.207024012875525,7.352115066005842,1.0199193580369783,-7.9129391408638,1.085268073395916,114.04505104951286
-135.4803423842916,270.6501627106811,-25.620716287606474,7.396937950435531,0.9934524933741391,-8.04615784617053,0.9786584653422875,121.7473878767555
-135.18857064699296,270.2116303687701,-25.049454954481018,7.444453842342071,0.9740192959799447,-8.151111460333277,0.8310347992930527,129.22436331296737
-134.8967989096942,269.76768749524075,-24.49664565726992,7.494538608316739,0.9622377665849204,-8.222603290899468,0.6436967984469721,136.2766016580325
-134.60502717239558,269.3213438141729,-23.96547560938473,7.547005518144825,0.9584570119287755,-8.25698254905236,0.4205523639984329,142.7128186592011
-134.31325543509683,268.8757421785785,-23.45865751365594,7.6016153172137475,0.9627026448090203,-8.253547032508015,0.16828367306728628,148.37898888265258
-134.0214836977981,268.43388730405866,-22.97822452670292,7.658091415965544,0.9746765216953701,-8.21463112108478,-0.10440970417514973,153.17998132433718
-133.72971196049946,267.9984682881687,-22.52545722414811,7.716137205786975,0.9938075004778623,-8.14449098818469,-0.3884408587032973,157.08778173492362
-133.4379402232007,267.5717285875298,-22.100890204548165,7.775458837194121,1.019334139872049,-8.048489242669998,-0.6755544722536599,160.13364012371903
-133.14616848590197,267.15540409087464,-21.70442964186302,7.835779843389727,1.0503950960320658,-7.932274516401835,-0.9590921996479393,162.38832831210826
-132.85439674860334,266.7507694350906,-21.335490110077778,7.8968489761580685,1.086111331667082,-7.80117268451586,-1.234209250386569,163.94176061614223
-132.5626250113047,266.3586821783262,-20.99315752460424,7.958445095008618,1.1256417624276376,-7.659768711454575,-1.4977517015419197,164.8875702366826
-132.27085327400584,265.9796308237504,-20.67630364380256,8.020376653799945,1.168220696049995,-7.511810868607658,-1.747962577617159,165.3133063986655
-131.9790815367072,265.6138569077558,-20.3836916988051,8.082477636744155,1.2131733397535962,-7.360250031431861,-1.984063285119842,165.2969658475521
-131.68730979940858,265.2613845495083,-20.114045087096674,8.144606220479488,1.259918837093161,-7.207307627976645,-2.205974846562812,164.90567637041974
-131.39553806210984,264.92208976366607,-19.86610669273579,8.206641526944422,1.307963795684741,-7.054625472241139,-2.414045602007667,164.19636032003223
-131.1037663248111,264.5957554904435,-19.63864200477967,8.268478647645244,1.3568965237745556,-6.9033986977286705,-2.608876588097281,163.2166928367358
-130.81199458751246,264.2820900864577,-19.430481941534882,8.330026880626551,1.406373115783677,-6.754481658718305,-2.7912089249495007,162.00712381421542
-130.5202228502137,263.98075320317264,-19.240532185434542,8.391209597139957,1.4561076529773567,-6.6084507639811925,-2.961849265356708,160.60093785199314
-130.22845111291508,263.69138045826105,-19.06774103356824,8.451959383910228,1.5058669244889313,-6.4656985717756585,-3.1216091164436457,159.0268414204662
-129.93667937561622,263.41359408455503,-18.91114105268511,8.512217537752573,1.5554565063012418,-6.3264750852900375,-3.2712901712309406,157.3089135769012
-129.6449076383176,263.14700942130554,-18.769830408719077,8.571933392361855,1.604716314482588,-6.190918040487844,-3.411656493470625,155.46748012565084
-129.35313590101896,262.89124697769313,-18.642965600847777,8.631063046879932,1.6535150278991546,-6.059085007320828,-3.543430127315116,153.52016180422206
-129.0613641637202,262.6459341297431,-18.52976077394182,8.689567582759633,1.7017444785411173,-5.930986146932426,-3.667283595655222,151.48188103357018
-128.76959242642147,262.4107023221065,-18.429498134867956,8.747413642530043,1.7493144754506016,-5.8065839264135,-3.7838492976067837,149.36552726883653
-128.47782068912284,262.1851980705727,-18.3414996679274,8.804571749577725,1.7961519518829006,-5.685812685502933,-3.893704797271362,147.18202648870778
-128.1860489518241,261.9690858300922,-18.265144959990888,8.861015555088466,1.8421951650998514,-5.568582065394871,-3.9973848837880395,144.94069498705042
-127.89427721452535,261.76203303658986,-18.199847967292595,8.916722716696533,1.8873952931957414,-5.454795658320586,-4.095378719671043,142.65005521490076
-127.60250547722671,261.5637305853152,-18.14507074883512,8.97167322684578,1.931710950576485,-5.344341863265053,-4.188138280479091,140.317217038054
-127.31073373992797,261.3738823347265,-18.10031419364997,9.02584918966157,1.9751079456028893,-5.2371022295802305,-4.276078504069045,137.94816079032037
-127.01896200262934,261.1922002027174,-18.065109195677135,9.079235961666692,2.017559778888075,-5.132955563434228,-4.359577659783663,135.54837391103626
-126.72719026533059,261.01841799918117,-18.039029526637567,9.131819959741517,2.0590430330633174,-5.0317788679579944,-4.438986011222645,133.12237893492824
-126.43541852803185,260.852276142579,-18.021662333255733,9.183588750243983,2.099540623082684,-4.933454053158635,-4.514622355509722,130.67421923870316
-126.14364679073321,260.69353708390554,-18.012636259516032,9.234532094857,2.1390373705882926,-4.837858219681139,-4.5867805535315185,128.20738027587555
-125.85187505343458,260.5419660007163,-18.01159372018125,9.28464133452767,2.177523191611169,-4.744876581386962,-4.655729503676567,125.72500846830667
-125.56010331613572,260.39734905139574,-18.018220497764737,9.33390722796397,2.2149867474227913,-4.654391762197148,-4.721719243108969,123.22952417682833
-125.26833157883709,260.25947561592017,-18.0322048812451,9.382322980535479,2.2514223873269366,-4.566296296093427,-4.7849785670667195,120.72338646403378
-124.97655984153846,260.1281535584323,-18.05325774062921,9.429882544681925,2.28682550736188,-4.48048015444299,-4.845717786644407,118.20859644289908
-124.68478810423971,260.0031968643182,-18.081114584831933,9.476580167870223,2.321192272196389,-4.396841119359017,-4.904131867074318,115.6868570653847
-124.39301636694097,259.88442992704495,-18.11552648316108,9.522411219092515,2.354520604625459,-4.315276685523449,-4.9604005766045995,113.1597232817529
-124.10124462964234,259.7716891399878,-18.156262656646973,9.5673711926787,2.3868088463357227,-4.235691435813819,-5.0146912011424245,110.62848723435582
-123.80947289234359,259.66481500614276,-18.203093624501857,9.611456352267647,2.4180581474664273,-4.1579940492967,-5.067155613989582,108.09427756507644
-123.51770115504485,259.5636635834802,-18.255828703805992,9.654664205859673,2.448267944406362,-4.082093281764021,-5.117941214323833,105.5582252174331
-123.22592941774622,259.46809584811047,-18.31426901554523,9.696990617524031,2.4774393388564118,-4.00790427452816,-5.167178061273998,103.02098863721902
-122.93415768044747,259.3779802652046,-18.378236033306546,9.738433568221389,2.505574352341327,-3.9353445602202437,-5.214991061426849,100.48335556471845
-122.64238594314884,259.293195150028,-18.447561845417034,9.778990454672073,2.5326747837603145,-3.8643349727765957,-5.261495956141363,97.94591477346991
-122.35061420585009,259.21362029167966,-18.522087138481552,9.818660085358196,2.558744174112974,-3.7947990345369913,-5.306799445917358,95.40922736331893
-122.05884246855135,259.13915004944937,-18.60166582573515,9.857440316221687,2.5837847707104658,-3.7266635447324603,-5.35100416296591,92.87374960076869
-121.76707073125272,259.0696791710205,-18.686159343258037,9.895329837210499,2.607800092862787,-3.659858649880033,-5.394204440944952,90.33981162131025
-121.47529899395408,259.00511552839663,-18.775434023723015,9.932327330056369,2.6307937446726135,-3.594315028689869,-5.436486502662213,87.80765101958862
-121.18352725665522,258.94536806931507,-18.869375390939236,9.968430804975453,2.65276813174689,-3.5299671489916524,-5.477935935399245,85.27746499055412
-120.8917555193566,258.8903503203237,-18.96786391038513,10.00363999920146,2.6737283454239247,-3.466753330091841,-5.518629873759949,82.74944335260867
-120.59998378205796,258.8399876258576,-19.07079536954405,10.037954031741421,2.6936779615673228,-3.4046112254238445,-5.558641813601626,80.22367748201759
-120.30821204475922,258.7942012617029,-19.17806746491533,10.071371812603626,2.7126214621560854,-3.3434831765581823,-5.598041058999444,77.70024310219915
-120.01644030746047,258.75292521265163,-19.289587906215207,10.103892731641547,2.730563005542872,-3.283312085504829,-5.636894374776929,75.17915624661075
-119.72466857016184,258.71609964398704,-19.405265701994853,10.135514915405595,2.7475061753834895,-3.2240418494850007,-5.67526162330556,72.66023120673701
-119.4328968328631,258.68366606729694,-19.5250318168327,10.166237970616331,2.76345456553147,-3.1656187366850523,-5.713205023578716,70.14346079717056
-119.14112509556435,258.6555697711485,-19.648797657645137,10.196061630931617,2.7784142100791183,-3.107991888556734,-5.750777740893798,67.62872882653468
-118.84935335826572,258.6317636503327,-19.77650251789878,10.224985105444686,2.79238866060766,-3.0511097478681646,-5.788034929969164,65.11592586781288
-118.55758162096697,258.61220112275066,-19.90807265670334,10.253007650023342,2.805383362398743,-2.994923414331006,-5.82502564064502,62.60484922750923
-118.26580988366834,258.5968415594062,-20.043449193989954,10.280129396611814,2.8174036198453827,-2.939385516842671,-5.861798041621954,60.09532469049283
-117.9740381463696,258.5856532346187,-20.182571774078696,10.306347987966214,2.8284530271636785,-2.884448764160705,-5.89839954404119,57.58704515061815
-117.68226640907085,258.5786053720485,-20.325401013420567,10.331662000872605,2.8385349026902547,-2.8300666121119953,-5.9348766470902055,55.07971192654164
-117.39049467177222,258.5756677817395,-20.471876216943393,10.356072253749323,2.84765680903615,-2.776195743241386,-5.971268498038748,52.573061924587044
-117.09872293447359,258.576820335819,-20.621967203433766,10.37957680763128,2.855821740861001,-2.7227908076144267,-6.007619690693359,50.06680136339702
-116.80695119717473,258.58204229856483,-20.77561884695597,10.402174134465525,2.863035681074904,-2.669809666312782,-6.0439674726480295,47.56048633461946
-116.5151794598761,258.5913167452148,-20.932800911372045,10.42386349400067,2.8693038377296,-2.617209516157506,-6.080351694651455,45.05381350493707
-116.22340772257735,258.60462957239287,-21.093474285858004,10.444644841251113,2.8746332222319375,-2.5649498375366426,-6.116807602555886,42.546401045966405
-115.93163598527872,258.62198114202283,-21.25762374233156,10.464514203757775,2.8790256470721802,-2.5129866486848,-6.153374890701459,40.03770486928814
-115.63986424797997,258.6433614444624,-21.425211721976485,10.483472499746139,2.882490031493814,-2.461281588867722,-6.190085803328599,37.527380272775645
-115.34809251068123,258.6687663852639,-21.596214681652775,10.501517787580523,2.8850322264421653,-2.409793981154789,-6.2269744946454795,35.014939293093924
-115.0563207733826,258.6982101913102,-21.770618570545757,10.518646884112822,2.886656071039513,-2.358483427384443,-6.26407724570565,32.499768085299195
-114.76454903608396,258.7316946953028,-21.94840419426991,10.534857857648337,2.887368312902142,-2.307310540420952,-6.301426386903421,29.981343676356772
-114.4727772987851,258.76922840766167,-22.129556667082,10.550150367930453,2.8871772283571167,-2.256235863077399,-6.33905268622908,27.45920672680642
-114.18100556148647,258.8108274449587,-22.31405662803601,10.564521041438152,2.886089099024591,-2.2052223140684575,-6.376989069005454,24.932633977869013
-113.88923382418784,258.85651490354485,-22.501911275187656,10.577966548606621,2.8841090548170434,-2.1542277567393304,-6.415268001905049,22.40098040089067
-113.59746208688898,258.9063121851613,-22.693106168110187,10.59048537174264,2.881246173609735,-2.1032150183023486,-6.45391959491678,19.863630010118914
-113.30569034959035,258.9602396331852,-22.887638717570425,10.60207380423976,2.8775078480219944,-2.052145210321565,-6.492975843421684,17.31986346640135
-113.01391861229172,259.01832547287455,-23.085502483844547,10.612730356323224,2.8729042081313163,-2.0009817107942336,-6.532465307773169,14.769020917821978
-112.72214687499297,259.08060472016314,-23.286701237003367,10.622450788031022,2.867442994988507,-1.9496853358588133,-6.572419594283862,12.210276575104762
-112.43037513769423,259.1471193985267,-23.49124621638494,10.63123101226077,2.8611324098057302,-1.8982166359952688,-6.612870377908058,9.642765406658071
-112.1386034003956,259.2179102253562,-23.69913822895681,10.639068306628964,2.8539836748263947,-1.846539276819357,-6.653846054268953,7.065682041483689
-111.84683166309685,259.2930178931966,-23.910390076586996,10.645957825987036,2.8460066779483975,-1.7946139495922713,-6.695378348763235,4.478140072286988
-111.55505992579822,259.3724905126403,-24.125013574610264,10.651894044402939,2.837211629979887,-1.7424034743265744,-6.73749884579173,1.8792035631081614
-111.26328818849947,259.45638371738943,-24.343015913252355,10.656874045483429,2.8276123123127075,-1.6898696686024735,-6.780236015710933,-0.7320232337268134
-110.97151645120073,259.54475127189227,-24.56441364668852,10.660893345982933,2.817222184518143,-1.6369785425740673,-6.82362025772985,-3.3565295709254728
-110.6797447139021,259.6376569496425,-24.789226704819995,10.663945836016609,2.8060541001725654,-1.5836911107107592,-6.867682826224461,-5.995354584357884
-110.38797297660346,259.73516427571434,-25.017473096527564,10.666026743134006,2.7941239013554093,-1.5299725619637927,-6.9124541916433735,-8.649528089126889
-110.0962012393046,259.8373397725205,-25.249188704432566,10.66712814100685,2.78144542803583,-1.4757864299226424,-6.957966028525441,-11.320155592797356
-109.80442950200597,259.94425428341543,-25.48438692276005,10.667245683914508,2.768038401441235,-1.4211003537019111,-7.004246945529271,-14.008268061367788
-109.51265776470734,260.0559919630509,-25.723094755754346,10.666371709055866,2.753920278834878,-1.365881375721296,-7.0513289595596715,-16.715019496401478
-109.22088602740848,260.1726235182612,-25.965341259548687,10.664500441832425,2.7391130379553568,-1.3101003256499697,-7.099239531157446,-19.44135515326977
-108.92911429010985,260.2942402489342,-26.21116362452202,10.661622769354677,2.7236366011045186,-1.2537275496608686,-7.148009186882762,-22.188350931353504
-108.63734255281122,260.42092980966464,-26.460593887265766,10.657732928689486,2.7075169031155912,-1.196741605951503,-7.1976609205665305,-24.95691952755307
-108.34557081551247,260.55276306732594,-26.713652629319935,10.652823930415103,2.690782382747798,-1.139126055672895,-7.248215198153481,-27.747791907618947
-108.05379907821373,260.68985617024896,-26.97039202924918,10.646885557961612,2.6734583901446243,-1.080866761826205,-7.299691555416811,-30.561965238229643
-107.7620273409151,260.8322927121709,-27.23084006296572,10.639909128512825,2.6555768196460394,-1.0219559870008703,-7.35210248253666,-33.39988173958894
-107.47025560361635,260.98016635797524,-27.495025395524152,10.631889164475062,2.637175306790961,-0.9624003734634369,-7.405450208998734,-36.26157934891884
-107.17848386631772,261.13357750839725,-27.76299248066282,10.62281507133921,2.618289418686101,-0.9022205004567584,-7.459724697333968,-39.14669953476783
-106.88671212901897,261.29261997020024,-28.03477099788722,10.612678877950946,2.598961370189212,-0.8414619079740936,-7.514891594747785,-42.05458572924009
-106.59494039172023,261.4573849635814,-28.310390498959887,10.601471997683024,2.5792366284257557,-0.7801881220871949,-7.570894120828644,-44.98441436541134
-106.3031686544216,261.6279565421551,-28.589869697018916,10.589188271426865,2.5591672800060663,-0.7184815483927111,-7.627654217905426,-47.93410844702736
-106.01139691712297,261.80441501423655,-28.873222577885276,10.575819963834466,2.5388080312804817,-0.6564789065264974,-7.68504788973857,-50.899728743820035
-105.7196251798241,261.98682561050856,-29.16045199756597,10.561359413485752,2.5182182976201557,-0.5943808848274852,-7.7428831820274215,-53.877302292247705
-105.42785344252547,262.17522708606555,-29.451538091528604,10.545803313482965,2.4974666380738086,-0.5324368281790034,-7.800907850874538,-56.86241406372612
-105.13608170522684,262.36963983248404,-29.74643588471718,10.529150415023237,2.4766278736581833,-0.47098793740561234,-7.858786590515676,-59.84679215395604
-104.84430996792798,262.57004218142487,-30.045068742045828,10.511399821053812,2.4557816457289476,-0.41048577778084927,-7.916070059881175,-62.821973287197935
-104.55253823062935,262.7763722562101,-30.34732375448278,10.49255326124996,2.4350137226921666,-0.3515323715386907,-7.972164076511189,-65.77993235880301
-104.26076649333072,262.98850079583656,-30.653029064891097,10.472616553883737,2.4144168033451914,-0.294862634158015,-8.026350753848494,-68.70856114595712
-103.96899475603198,263.2062211201199,-30.96195204590637,10.451597602960037,2.3940870479258005,-0.2414473308188934,-8.077694272929378,-71.60047752774454
-103.67722301873323,263.42921915136117,-31.273763229881716,10.429507400144912,2.374122849200236,-0.19238545095349696,-8.12513670998563,-74.447362433112
-103.3854512814346,263.6570647145117,-31.5880531101301,10.406359826512531,2.354622168796501,-0.14904908071329695,-8.167391262955032,-77.2471896747113
-103.09367954413585,263.88919945677435,-31.90430044878098,10.382164096393108,2.3356712532802137,-0.11285257966898209,-8.203123875976873,-80.00436655274788
-102.80190780683722,264.12491496930875,-32.22188942926239,10.356934753805852,2.317351455793558,-0.08517655304684796,-8.231020355093554,-82.73008351870166
-102.51013606953848,264.36340172500854,-32.54010485496348,10.330674939353012,2.2997179703906934,-0.06646943657303345,-8.250415160922403,-85.4407828850433
-102.21836433223973,264.6038693113971,-32.8582170389317,10.303387883442495,2.2828094484954446,-0.05582472262852842,-8.261583115949467,-88.15153102065088
-101.9265925949411,264.845633424863,-33.175540884364075,10.27507121840569,2.2666435619894,-0.05210916035613506,-8.265046902733946,-90.87225480282356
-101.63482085764235,265.0880934949639,-33.49143943042053,10.245722247920432,2.25122413218288,-0.0542207297632462,-8.261426719379127,-93.6061536340784
-101.34304912034361,265.33075159534513,-33.80531679584952,10.215337638743351,2.2365419041167742,-0.06154520321294074,-8.251142084254564,-96.35304731535844
-101.05127738304498,265.5731650685965,-34.11661931575423,10.1839151696074,2.2225784430129183,-0.07297606498006942,-8.235012644483128,-99.1082130123395
-100.75950564574623,265.8149681910194,-34.42484962542549,10.151454264710935,2.2093088848192024,-0.08834194624077005,-8.21333465115163,-101.86732762992392
-100.4677339084476,266.0558256015095,-34.72954251606037,10.117957668836533,2.1967040448014385,-0.10672104892571169,-8.186927358038545,-104.62364680605255
-100.17596217114885,266.29547523656265,-35.03029772090349,10.083427779151053,2.184730370796436,-0.12792166441989108,-8.15618141011166,-107.37186246173486
-99.88419043385011,266.53365433639493,-35.32673503617374,10.047871192195458,2.1733529916124334,-0.15164190687702128,-8.121561458396151,-110.10822860093913
-99.59241869655148,266.770154839235,-35.61852519744191,10.011293936242927,2.1625344926091965,-0.1773772318951446,-8.083664715253972,-112.82756911048791
-99.30064695925273,267.00478538234285,-35.90537436344509,9.973706301616533,2.1522396123605425,-0.20501415239183104,-8.04284172354796,-115.52552873213659
-99.00887522195399,267.2373718844754,-36.18701356826553,9.935117316097543,2.142430432579958,-0.23445430342614818,-7.99941475019985,-118.1998813340005
-98.71710348465535,267.4677413112799,-36.4632025615617,9.895539481092932,2.133071677908305,-0.2654990800721222,-7.953743116358644,-120.84793889768432
-98.42533174735672,267.69574487425774,-36.73372676739558,9.854984739643939,2.124127863603784,-0.29805995767112836,-7.906114140533445,-123.46641474000575
-98.13356001005786,267.92123550463384,-36.99839210514861,9.81346500583364,2.1155639715021834,-0.33211799985692564,-7.856754266627275,-126.05253692492283
-97.84178827275923,268.14406213426497,-37.25702057650475,9.77099645709446,2.1073491288019106,-0.3676619861050454,-7.805861219782705,-128.6040912624693
-97.5500165354606,268.36407747149326,-37.50944778380609,9.727593423840847,2.0994517253362077,-0.40468997338706864,-7.753606870032417,-131.11936142093876
-97.25824479816185,268.58113283671884,-37.75552198618102,9.683269936938132,2.091841083020521,-0.443223167497735,-7.700133200312511,-133.59681273507434
-96.96647306086311,268.7950721676986,-37.99510235197845,9.638044358442942,2.0844912056784906,-0.48329193977372675,-7.645559952948676,-136.0348952645645
-96.67470132356448,269.00573785346097,-38.22805529251432,9.591932769599236,2.077375442537541,-0.5249338361188702,-7.589987084899473,-138.43258541591936
-96.38292958626573,269.2129686576672,-38.45425356542962,9.544951852271485,2.0704689710552584,-0.5681886212010269,-7.533494263629413,-140.78913733984817
-96.0911578489671,269.41659548898383,-38.67357761556566,9.497120735346268,2.0637503897705782,-0.6130917782209832,-7.476144568796626,-143.1040320578934
-95.79938611166835,269.61644909698344,-38.88590667415922,9.448454960466801,2.057196636425377,-0.6596886608916315,-7.417977347734006,-145.37692645010952
-95.50761437436961,269.8123536636096,-39.09112801656331,9.398973818388354,2.0507894313535813,-0.7080256121093643,-7.3590166598079625,-147.6074231150034
-95.21584263707098,270.0041269888721,-39.289124643662326,9.34869559134346,2.0445105227725566,-0.7581537442483858,-7.299266847945395,-149.79514283557913
-94.92407089977223,270.1915849756005,-39.47978204513025,9.29763738405124,2.038342677767427,-0.8101299699577578,-7.23871356601035,-151.93953590484801
-94.63229916247349,270.37453561117263,-39.662978598170575,9.245818698356349,2.0322708975414208,-0.8640123413650354,-7.177333205219448,-154.0400643481975
-94.34052742517486,270.5527830209695,-39.838598309243906,9.193258939780023,2.026282369493429,-0.9198613422406285,-7.115087143698333,-156.09579076082557
-94.04875568787622,270.7261252165645,-40.00650985239556,9.139976859916155,2.0203636867370705,-0.9777438346548314,-7.0519200505791755,-158.10575246965948
-93.75698395057736,270.8943519527685,-40.16658231433711,9.085992740690445,2.0145040319624092,-1.0377285344623401,-6.987769511268384,-160.06866654052521
-93.46521221327873,271.05725118783613,-40.31868050915445,9.031325947593306,2.0086934353569776,-1.0998866580384612,-6.922565568931094,-161.98319269814246
-93.1734404759801,271.2146016015322,-40.46266108511925,8.975998082127157,2.0029238743654787,-1.1642926974108636,-6.856229198599359,-163.84774723954075
-92.88166873868136,271.36617858885904,-40.59837281856018,8.92003068623884,1.9971881967921181,-1.2310191209183674,-6.788674662669943,-165.66067816680578
-92.58989700138261,271.51174464270946,-40.72565568867311,8.86344498669301,1.9914796312041227,-1.3001459485021658,-6.719808768751924,-167.4200674048364
-92.29812526408398,271.6510685379854,-40.84434911734619,8.806265438122038,1.985795252975294,-1.3717456267903894,-6.649538414415928,-169.1238950317347
-92.00635352678523,271.7839043333052,-40.95427145862405,8.748514992435382,1.9801303198814346,-1.4458981539315763,-6.577755757657228,-170.7700285889241
-91.7145817894866,271.91000232497566,-41.055242064261854,8.690218030953535,1.974482937826522,-1.5226814060470522,-6.504355932637336,-172.35622145594346
-91.42281005218786,272.02910999228385,-41.14706835490873,8.63140026778122,1.9688523561815685,-1.6021726197476303,-6.429227143429956,-173.88003405672757
-91.13103831488911,272.14096494978367,-41.22954505400253,8.572088397874579,1.9632384137865164,-1.6844530950355097,-6.352249345471008,-175.3388565519779
-90.83926657759048,272.2453129461546,-41.30246391764594,8.512308010651765,1.9576428885966581,-1.7695968265404556,-6.273302484013297,-176.72983316506335
-90.54749484029173,272.34188385679937,-41.36560068997231,8.452088207897601,1.9520684422538261,-1.8576826136985938,-6.192260368596032,-178.0499303030601
-90.25572310299299,272.4304081228971,-41.4187227405725,8.391458408271898,1.9465191316553738,-1.9487877045427242,-6.108990260717237,-179.2958553030171
-89.96395136569436,272.51061659987494,-41.461588646854196,8.330449303656971,1.9410006941094218,-2.0429858537782435,-6.023356168021196,-180.4640408914305
-89.67217962839572,272.5822315590891,-41.49394309110879,8.269092173117844,1.9355193646565434,-2.1403516284332227,-5.935216557092269,-181.55064856307638
-89.38040789109687,272.6449740853055,-41.51551626244177,8.207421706170763,1.9300826737504038,-2.240954246397566,-5.84442266883115,-182.5515197541186
-89.08863615379823,272.69856460198565,-41.52603048191235,8.145471142870838,1.9246993787455018,-2.344861380780339,-5.7508240733046625,-183.46217245808955
-88.7968644164996,272.7427351404339,-41.5252040487849,8.083278714184551,1.9193815567275767,-2.452126988754829,-5.654270763850066,-184.2778008882704
-88.50509267920086,272.7772100545641,-41.51273657422889,8.020881853909959,1.9141409262473081,-2.5628065782217004,-5.554606706496525,-184.99329773135787
-88.21332094190211,272.8017134775215,-41.48831189644802,7.958320438599023,1.908990023994168,-2.676946837757128,-5.451671185853439,-185.60314765641357
-87.92154920460337,272.81599148960856,-41.45162341910701,7.895636563916365,1.9039461981108103,-2.7945775902360985,-5.345311434766249,-186.10159066555198
-87.62977746730473,272.8197604636804,-41.40231588345736,7.832874714753213,1.8990219075168537,-2.9157309031882463,-5.235358585740523,-186.48241796252793
-87.3380057300061,272.8127668071161,-41.34004576446136,7.770080766212789,1.894234852762186,-3.0404189697161472,-5.1216538810452885,-186.73902246518176
-87.04623399270724,272.79477354093336,-41.26447278181594,7.707303902597932,1.889606038907727,-3.168635267413178,-5.004046249229437,-186.8647505412479
-86.75446225540861,272.76554420475065,-41.17521087124259,7.644592520872187,1.8851533437025887,-3.3003658762749932,-4.882375999585356,-186.85252008578976
-86.46269051810998,272.7248448918606,-41.07190552803328,7.582003311620123,1.8808998557558685,-3.43557165558718,-4.756500529625818,-186.69481821213137
-86.17091878081123,272.6724763772192,-40.95415754304906,7.519590076896413,1.8768671161559258,-3.5741981621272436,-4.626274766136458,-186.38404781623666
-85.87914704351249,272.6082499938963,-40.821587238468375,7.45741211552403,1.873080464178432,-3.7161646190642146,-4.491573772356594,-185.91213282784346
-85.58737530621386,272.5319881235632,-40.673793568711986,7.3955304271995566,1.8695645285429825,-3.861370593741963,-4.352277620503469,-185.27084151918103
-85.29560356891511,272.4435486943298,-40.51037422527953,7.33400935395719,1.866345961912627,-4.009686605210749,-4.208287300892468,-184.45164923104826
-85.00383183161637,272.3428122014271,-40.33094363247445,7.272915957186927,1.8634546046318048,-4.160951473193157,-4.0595301127189405,-183.44575908739418
-84.71206009431774,272.22967793858226,-40.13508957877741,7.212320649240201,1.8609179716208653,-4.3149760856460055,-3.905948718853246,-182.24409727793523
-84.42028835701899,272.1040823148009,-39.922417736312525,7.152296062238286,1.8587668470520573,-4.471533343719653,-3.747522715957031,-180.8374146268084
-84.12851661972036,271.96598678592704,-39.69252630339672,7.092918055053859,1.8570313168340666,-4.630363500142141,-3.5842628482282923,-179.21605171646945
-83.83674488242161,271.81541530530365,-39.445057220185305,7.034267171847154,1.855745957880562,-4.791153473176659,-3.4162363846596695,-177.37061183092766
-83.54497314512287,271.6524019983579,-39.179624540609055,6.9764253011868975,1.854941662721995,-4.953551974158041,-3.2435411022341643,-175.29129992611124
-83.25320140782424,271.47704160651324,-38.895894176941056,6.9194773035987955,1.8546539956575163,-5.117155771976645,-3.0663447475335954,-172.9686884990622
-82.9614296705256,271.2894754441915,-38.59354169355751,6.863512814153936,1.854916653186875,-5.2815093291129465,-2.8848704514941192,-170.39354013936023
-82.66965793322674,271.08989340285405,-38.272290068372484,6.80862389604658,1.855765297338314,-5.446095351220393,-2.6994135542483337,-167.55695784650956
-82.37788619592811,270.87852986296525,-37.93188280582603,6.754905005722622,1.8572342164682238,-5.6103443444872765,-2.5103375834448736,-164.45077645042971
-82.08611445862948,270.65570556127307,-37.57212659626593,6.702452544616661,1.8593604279447744,-5.773616393506523,-2.3180966010975186,-161.06782525792636
-81.79434272133074,270.4217803537712,-37.19287029144392,6.651366725677541,1.8621780573787488,-5.9352092155374745,-2.1232252229644373,-157.40171506923258
-81.50257098403199,270.17717771282224,-36.794022849468554,6.601747691618437,1.8657220420738647,-6.094353784516203,-1.9263529352719038,-153.44742237094158
-81.21079924673336,269.9223992222013,-36.37555615586795,6.553697676071617,1.8700259454556087,-6.250211690241664,-1.7282048610933054,-149.20153781739918
-80.91902750943461,269.6580075688662,-35.937528922937474,6.507320511084746,1.875122030528261,-6.401877762993426,-1.529604024153779,-144.66257483333598
-80.62725577213587,269.38467707596345,-35.480099995132825,6.462718210108205,1.8810441510346059,-6.548366593195304,-1.3314886590642863,-139.83154698354
-80.33548403483724,269.1030970567777,-35.003499132922315,6.419993991575759,1.8878201308983118,-6.688631885791666,-1.134893606491063,-134.71151715444444
-80.04371229753849,268.81407947582085,-34.50806193026039,6.379248441693611,1.8954776110692297,-6.821571545609122,-0.9409470079162443,-129.3090938328816
-79.75194056023986,268.5185089011292,-33.99425516246073,6.340579597028789,1.9040423810833789,-6.946024344953146,-0.7508730287314873,-123.63412085727224
-79.46016882294111,268.2173369518852,-33.462640779497875,6.304081753085798,1.9135359374406176,-7.060762385481102,-0.5659951784669336,-117.70019308091872
-79.16839708564237,267.91161613721073,-32.913925382203495,6.269844279687745,1.9239773332105043,-7.164534093471556,-0.3877129134821404,-111.52546699063963
-78.87662534834374,267.60247532080865,-32.348933610009965,6.237949184755707,1.9353820681113731,-7.256039764126585,-0.21750942319999397,-105.13168893103078
-78.5848536110451,267.29111700870914,-31.768622801231892,6.208471563048136,1.947760380260333,-7.333928446541627,-0.05695943622436016,-98.54562980102094
-78.29308187374625,266.97882555911127,-31.174115003118775,6.181477218012352,1.9611181665071733,-7.396834284795766,0.09229347634945233,-91.79773528836886
-78.00131013644761,266.66698887429146,-30.566653534852467,6.157021292013814,1.9754550038330316,-7.4432798057903895,0.228478266341391,-84.92263548350155
-77.70953839914898,266.3570549454034,-29.947647109021226,6.135146846975302,1.9907638908111553,-7.471728902781391,0.34972406917566146,-77.95790137947121
-77.41776666185024,266.0505924212108,-29.31866641254139,6.115885836216754,2.007027353731286,-7.480592800803872,0.454068480769585,-70.94354661622175
-77.12599492455149,265.74921945574465,-28.681444061167564,6.099255186804888,2.024218297480846,-7.469140253263771,0.5400215073654361,-63.921009553807174
-76.83422318725286,265.45448593137036,-28.0377678376059,6.085259330487807,2.0422960769378355,-7.438569277596865,0.6072929297756122,-56.93152973203396
-76.54245144995411,265.1677670472666,-27.38943143286613,6.07389007265027,2.0612085880565285,-7.390487926545293,0.6558900525024598,-50.0142903640615
-76.25067971265537,264.8902358222426,-26.738235398595485,6.065125922184616,2.080895561350308,-7.326492938238036,0.6859039398071666,-43.20599820574027
-75.95890797535674,264.6228953055507,-26.085948310151036,6.058933218678107,2.1012901190874893,-7.248126550263661,0.6975352447424857,-36.5411287490241
-75.66713623805799,264.366568515824,-25.434313467577052,6.0552691584604155,2.122318232581211,-7.157200363389348,0.6912961946054461,-30.049740044774932
-75.37536450075936,264.1219320038628,-24.7850260786976,6.054077558384922,2.1439050836958025,-7.055117729826105,0.6676492857330697,-23.760169143862566
-75.08359276346062,263.889504491694,-24.139713555481897,6.0552972291940605,2.1659697087530003,-6.943623590365814,0.6274335306537833,-17.695050082619897
-74.79182102616187,263.6696519659432,-23.499922880324036,6.0588563103041615,2.1884329594433614,-6.8242990920901985,0.5716270238657526,-11.874336264693422
-74.50004928886324,263.4626253704461,-22.86711435234032,6.06467834189894,2.2112134261873932,-6.698353650830731,0.5011078950341635,-6.313967259180167
-74.20827755156449,263.2685521536827,-22.242632069420473,6.072681469457965,2.2342314473074327,-6.567390687926473,0.41718137137337563,-1.0248370855654763
-73.91650581426575,263.08745140072415,-21.627744207811176,6.0827771914558735,2.2574100353734843,-6.432664803723197,0.32108471380128084,3.9850147825655577
-73.62473407696712,262.9192448478042,-21.02355651607012,6.094876936113554,2.2806744633283547,-6.295109707871247,0.21394981889825843,8.710513795175626
-73.33296233966837,262.7638052457799,-20.431097336465598,6.108889219354406,2.3039516822013337,-6.1557349303377595,0.09702113080345116,13.150381744608916
-73.04119060236974,262.6209233956388,-19.85126343798367,6.124721042213202,2.3271736638507003,-6.01556122224474,-0.02837461151609141,17.306482060008246
-72.749418865071,262.4903346110965,-19.284836430421205,6.142279912672131,2.3502758724339508,-5.875326846048027,-0.16104711009579603,21.182298117470157
-72.45764712777225,262.37173907008383,-18.732493752954884,6.161475248613993,2.373196377224819,-5.735586571742564,-0.29992217320247666,24.783022487439506
-72.16587539047362,262.2648134369366,-18.194807088598726,6.1822160091750975,2.395878635246512,-5.596812569004098,-0.44398833486139694,28.11542072942879
-71.87410365317487,262.1692148022967,-17.672259115027124,6.204412330920904,2.4182698662366695,-5.459463553367716,-0.5922618441741486,31.187869653458165
-71.58233191587613,262.08458012938314,-17.165239877003874,6.227978034987774,2.4403203007746668,-5.323968521363918,-0.7438026949491434,34.010096103106
-71.2905601785775,262.01053409670516,-16.67405497570999,6.252828049946627,2.461985132580934,-5.190636685427385,-0.8977772928590514,36.59224208840182
-70.99878844127886,261.94669738533617,-16.198934587417988,6.278881465676557,2.4832221950798075,-5.059676795446894,-1.0534626316154603,38.944800389410524
-70.70701670398,261.89269167586434,-15.740041790001023,6.306058484038143,2.5039938688595553,-4.931237436508333,-1.2102217089898377,41.07851929250663
-70.41524496668137,261.84814671850296,-15.297470786697737,6.334283967335283,2.524265234386709,-4.8054181978988915,-1.367494576910397,43.00416733070683
-70.12347322938274,261.8127050553267,-14.871283697414853,6.363485454680744,2.5440026891161898,-4.682284517137255,-1.524790725448223,44.73262552596432
-69.831701492084,261.78600267549245,-14.461471345209647,6.393593254617288,2.5631779546507336,-4.561894993448961,-1.6816698423873713,46.27487697269473
-69.53992975478525,261.76769921111634,-14.067993332631971,6.424540499750187,2.5817642733047093,-4.444285550037664,-1.837746336127247,47.64177214431018
-69.24815801748662,261.7574574733501,-13.690775006068352,6.45626465188563,2.5997365623136686,-4.329479932038399,-1.9926913561060573,48.84394589545807
-68.95638628018787,261.7549553830429,-13.329709492579086,6.488704967203382,2.6170725889559296,-4.217471894312811,-2.146231449561935,49.89156471759091
-68.66461454288924,261.7598754299403,-12.984654509907319,6.521804568471163,2.6337526547761465,-4.108237600957604,-2.298144104968192,50.794657105598205
-68.3728428055905,261.77192871787355,-12.65545726742361,6.55551012414205,2.649757084299837,-4.001732432366736,-2.448257307730384,51.56251192547511
-68.08107106829175,261.7908111688571,-12.341928114180568,6.589769113675825,2.6650712594066968,-3.897909377684153,-2.596419934391362,52.20435137349951
-67.78929933099312,261.8162576353751,-12.04388218427197,6.624533750335274,2.6796785199926947,-3.796711316123004,-2.7425313150567137,52.728666059285594
-67.49752759369449,261.84800220373614,-11.761112762136833,6.659757864258395,2.693565286998435,-3.698077033374369,-2.8865092431911252,53.14370620016921
-67.20575585639563,261.8857930501028,-11.493401013119788,6.695397919840288,2.706719379815277,-3.6019377101116117,-3.0282961073637504,53.457352515250136
-66.913984119097,261.9293879385971,-11.240518621612045,6.731412222638511,2.719130249325403,-3.5082285556438983,-3.167857336865185,53.67698637242248
-66.62221238179836,261.97856176035845,-11.00224380572491,6.7677630391194885,2.7307863736805675,-3.416880203644645,-3.305179106522292,53.809509560220874
-66.3304406444995,262.03309532616106,-10.77834146550498,6.804413239171983,2.741678922977704,-3.3278226589637883,-3.4402589032576563,53.86165061921642
-66.03866890720087,262.09277970572407,-10.568572610632948,6.841328428202613,2.7517999283281496,-3.2409879949520626,-3.57311108256295,53.83953245854412
-65.74689716990224,262.1574233374421,-10.372704423239558,6.878475950113612,2.7611413895478547,-3.15630843145406,-3.7037603576498768,53.749133804889986
-65.4551254326035,262.22683703654036,-10.190503935433899,6.915825264760832,2.769696200702431,-3.0737155064422566,-3.8322423564394406,53.595922212095466
-65.16335369530475,262.3008353524953,-10.02173442896424,6.95334778600605,2.7774586172159297,-2.9931426719767833,-3.9585991124526556,53.38521770058945
-64.87158195800612,262.3792512301022,-9.866162175911963,6.991015350352466,2.7844235794116234,-2.9145261533929343,-4.082880831841491,53.12182422900149
-64.57981022070737,262.46192156060846,-9.723561244177972,7.028802743500443,2.790585809865212,-2.8378007625529293,-4.205143903800471,52.81038023617934
-64.28803848340874,262.5486914306466,-9.593709225569286,7.066686283785224,2.7959406104266433,-2.7629036649855463,-4.325449448487447,52.45520930852304
-63.996266746109995,262.6394133304091,-9.476381630106966,7.10464208864446,2.800484892042757,-2.6897750690450373,-4.443859980823674,52.06038229248958
-63.70449500881125,262.7339449681489,-9.371362062564518,7.142649214882597,2.804215342830608,-2.6183557352195788,-4.560442612779373,51.62975864771233
-63.41272327151262,262.8321573408171,-9.278448612844274,7.180687698839668,2.8071279063690384,-2.5485876725863568,-4.675268490587269,51.166847680014044
-63.12095153421399,262.9339181435157,-9.197426513936195,7.218737491801734,2.8092215612484837,-2.480416622675005,-4.7884050968970255,50.675106672425215
-62.82917979691513,263.039111985666,-9.128104009300973,7.2567821072923575,2.8104929842359274,-2.4137878898044733,-4.89992654857874,50.157642268287915
-62.537408059616496,263.1476166685125,-9.07028481157404,7.294803481880213,2.810941141938787,-2.348654208825585,-5.009904342902224,49.61740604866254
-62.245636322317864,263.25931967580595,-9.023779217911805,7.332785849863874,2.8105650217422626,-2.284964433760165,-5.118409716708756,49.05727334531139
-61.953864585019005,263.37411823145345,-8.98842299414851,7.370714484996555,2.809361440253365,-2.222671278294091,-5.225518810853121,48.47985948873745
-61.66209284772037,263.49190943165314,-8.964002259236457,7.408574768658024,2.8073348064597274,-2.1617317190897594,-5.331294519911382,47.88755740770922
-61.37032111042174,263.6126058945072,-8.950378058340348,7.446353507182323,2.8044809299777755,-2.1021002649268175,-5.435814410791612,47.28275716298897
-61.078549373122996,263.73610608069396,-8.947378724710457,7.484038427455378,2.8008012131709537,-2.0437372417347865,-5.539146929315319,46.667637465856366
-60.78677763582425,263.8623241131293,-8.954852854886504,7.521617516708309,2.796295449283225,-1.9866042994821473,-5.641362748014802,46.04418554083603
-60.49500589852562,263.9911764144419,-8.9726466720105,7.5590795323408235,2.7909649101813176,-1.93066445080527,-5.742529027110863,45.414334619424885
-60.203234161226874,264.1225845278366,-9.000618074545754,7.59641405111956,2.78481048938727,-1.87588327205766,-5.842713916588403,44.77985148177648
-59.91146242392824,264.25646609497716,-9.038630497348555,7.6336106851415195,2.7778336263330146,-1.8222277976921133,-5.941983283965507,44.14245741500572
-59.61969068662938,264.39274951242203,-9.086541338223926,7.670660362352799,2.7700376366278965,-1.769667689928726,-6.040399270655943,43.50371324605563
-59.32791894933075,264.5313610407319,-9.144227031405999,7.707553913263054,2.7614245813393232,-1.7181752544999256,-6.138025949213818,42.86507510983887
-59.03614721203212,264.67223413325206,-9.21157813245583,7.744283453013455,2.7519957891927276,-1.6677242604309457,-6.234927717560258,42.227891041906226
-58.744375474733374,264.8153037638016,-9.288467707441786,7.780840273590121,2.741756135146241,-1.6182888519801313,-6.331162443170128,41.59344439514971
-58.45260373743463,264.9605054558507,-9.37479506118627,7.817216885245558,2.7307082387043553,-1.5698484812270925,-6.426791024325513,40.96289353535233
-58.160832000136,265.1077764325388,-9.470450608478322,7.85340611331203,2.7188571788812235,-1.5223830115548262,-6.521869344882927,40.33733811387008
-57.86906026283725,265.25705397070095,-9.575335981545674,7.889401387977738,2.706207832583091,-1.4758755049803414,-6.616453955764628,39.717806743082825
-57.577288525538506,265.4082804116378,-9.68935644961151,7.925195831632411,2.6927658130581356,-1.4303111086546199,-6.71059929980702,39.105211053758715
-57.285516788239875,265.56140040647534,-9.812432520418792,7.96078324543164,2.6785360009825894,-1.385676513939931,-6.80436010879541,38.50038677052871
-56.99374505094113,265.71635562683434,-9.944474259813928,7.99615740992075,2.663526077939794,-1.3419625583657757,-6.897786803992739,37.90409918607261
-56.7019733136425,265.8730950218844,-10.085422917153087,8.031312805428346,2.6477408408001297,-1.299160441012783,-6.990933560236192,37.317055746276424
-56.41020157634375,266.03156162473044,-10.23517550992538,8.066243577577806,2.6311926413809203,-1.2572675452148074,-7.0838437256861075,36.73988774098174
-56.11842983904501,266.19170124602704,-10.39368343171026,8.100944109619194,2.613887768302166,-1.2162808499195488,-7.176567934870917,36.17313621583473
-55.826658101746375,266.3534616517601,-10.56088028312746,8.135409308468368,2.595836577561317,-1.1762021326891983,-7.269151377070841,35.617313461144995
-55.53488636444774,266.51678853610036,-10.736706659223785,8.169633735669086,2.5770499904684647,-1.1370389736900992,-7.361638073768652,35.072816605082394
-55.243114627148884,266.6816284228082,-10.921108806596315,8.203612368086896,2.557539856915482,-1.098799770372463,-7.4540701555674955,34.540010516264275
-54.95134288985025,266.84792432472676,-11.114029385187111,8.237340148941646,2.5373202528792835,-1.0614986078248514,-7.546486550880762,34.019209773552454
-54.65957115255162,267.0156269881761,-11.31544096281872,8.27081214306135,2.516402904971928,-1.0251527256793846,-7.6389291557166175,33.510618765172104
-54.367799415252875,267.18467298838107,-11.525282934832173,8.304023311047084,2.494806053541495,-0.9897851276436468,-7.731431565740408,33.014442935323906
-54.07602767795413,267.35500703334446,-11.743527148047209,8.336967720429515,2.47254518774516,-0.955422277972616,-7.824031232333801,32.5307650203245
-53.7842559406555,267.5265664716725,-11.97012944273142,8.369642044271274,2.4496407332741357,-0.9220954703812694,-7.916756575191157,32.059623574980876
-53.49248420335675,267.69929398374705,-12.205076943194928,8.402040551945143,2.426110443033631,-0.8898430222533603,-8.00964121351356,31.601050237314006
-53.20071246605812,267.873112895018,-12.448320049256498,8.434157372284023,2.4019793956212117,-0.8587122873679107,-8.102706655185791,31.154927492085992
-52.908940728759376,268.0479618275641,-12.699850230106458,8.465987683677678,2.3772697835098118,-0.8287542673521677,-8.195976523802084,30.72103169831788
-52.61716899146063,268.2237603737119,-12.959638182790087,8.497525933887099,2.3520090117360577,-0.8000296973745519,-8.289466677631074,30.299108556272454
-52.325397254162,268.40043106687204,-13.227647071855472,8.528767714405081,2.3262287436763174,-0.7726066085605464,-8.383185098895016,29.88877587174735
-52.03362551686325,268.5778952590099,-13.50389069386554,8.559704808251093,2.299955370060651,-0.7465590068394709,-8.47714727294721,29.48960971982095
-51.74185377956451,268.7560526830817,-13.788326476118883,8.590332446786737,2.2732270972018616,-0.7219745163992582,-8.57134418603735,29.10101956265688
-51.450082042265876,268.9348092903162,-14.080945678980054,8.620644069926938,2.246080295488382,-0.6989545017084402,-8.665764308118217,28.722265782871617
-51.158310304967245,269.11405929634395,-14.381729932916697,8.650633119388036,2.2185560667202386,-0.6776134210040715,-8.760383019478981,28.352461198139817
-50.866538567668385,269.2936802681499,-14.69065785581861,8.680293088184538,2.1906993891285125,-0.6580779137424225,-8.855162768394823,27.990501862323022
-50.574766830369754,269.4735498221043,-15.007695571085762,8.709613949866066,2.1625596142291186,-0.6404879714625366,-8.95005525162075,27.63509578989664
-50.28299509307112,269.6535171561873,-15.33282915767247,8.738590058038126,2.1341884177159796,-0.6250032183598498,-9.044988719536642,27.284694303231944
-49.99122335577238,269.83343326429906,-15.666017939822988,8.76721250301809,2.105644308785023,-0.611805941690627,-9.13986965396643,26.937440722870658
-49.69945161847363,270.0131344565823,-16.007234585922024,8.795470088187676,2.0769871065931507,-0.6011051120153307,-9.23458704086277,26.59112208823781
-49.407679881175,270.1924245608278,-16.35641537094741,8.823353966306772,2.048286115073427,-0.5931348977259117,-9.328994209273555,26.243337135865758
-49.115908143876254,270.37109867472645,-16.71351164642621,8.850852178470982,2.0196115879516197,-0.5881631956297508,-9.422920040643348,25.891100119899292
-48.82413640657762,270.5489176030734,-17.078439020545606,8.877952899350174,1.9910419798174264,-0.5864850336004073,-9.516160460944675,25.531136720610114
-48.53236466927888,270.7256247505509,-17.451113482819633,8.904642470188328,1.9626586191834945,-0.5884437652159192,-9.608474693188661,25.15979931915604
-48.24059293198013,270.90092101423136,-17.831409723612648,8.930906858923668,1.9345505111169994,-0.5944275975892406,-9.699581304852053,24.77305131707727
-47.9488211946815,271.07448238314635,-18.2191986860891,8.956730457995898,1.906809027306888,-0.6048698542124824,-9.789164143898203,24.366471734982635
-47.657049457382755,271.24594462926126,-18.614330641115036,8.982094138583092,1.8795277634292114,-0.6202639771235773,-9.876867074188278,23.93539874268718
-47.36527772008401,271.4148889345275,-19.01660546445871,9.00697991497956,1.852806905247477,-0.6411750825983673,-9.962282854794976,23.47492882705345
-47.07350598278538,271.5808478051221,-19.425794550195292,9.031367990028606,1.8267478753498436,-0.6682291244793748,-10.04496084908374,22.9797591701812
-46.781734245486746,271.74329675007374,-19.841646226904967,9.055235374173934,1.8014499477693928,-0.7021459785895519,-10.124405603344204,22.44427591899582
-46.48996250818789,271.9016437293208,-20.26385796775217,9.078558201874683,1.7770123191057874,-0.7437016302915247,-10.200085814837957,21.86227041579218
-46.198190770889255,272.05522392152216,-20.692080684796974,9.101311141036627,1.7535306105601376,-0.7935193078912066,-10.271558828540687,21.227035797412668
-45.90641903359051,272.2033584817992,-21.12595928631797,9.123467201363411,1.7310936002021524,-0.8513231681532722,-10.338858255671939,20.532352728782115
-45.61464729629188,272.3454061107768,-21.565157093653784,9.14499596621598,1.7097816877147776,-0.9165753736855713,-10.40212247582605,19.77441385416187
-45.32287555899313,272.4807566955531,-22.009321626891975,9.165868748593015,1.6896728894810513,-0.988793190973684,-10.461398799792672,18.951387150060693
-45.03110382169439,272.6088416065993,-22.45813297338651,9.186054718230169,1.6708358880807275,-1.0675770830355755,-10.51665285285099,18.063321057276674
-44.739332084395755,272.72912325220017,-22.911246676649313,9.205524257204964,1.6533367888622537,-1.1525532570030725,-10.567794360114954,17.111828395213102
-44.447560347097124,272.8410843663372,-23.368312634892035,9.224248945777203,1.6372359472214089,-1.2433952666942867,-10.6146730680836,16.09947590463984
-44.155788609798265,272.94423434561196,-23.8289748493448,9.242200991571124,1.6225874892162209,-1.3397831690059774,-10.65712132935742,15.030054367816835
-43.86401687249963,273.0381023987585,-24.29286462359543,9.259353711807227,1.609439110426706,-1.441407429855448,-10.694953438725507,13.90811520610756
-43.572245135201,273.12224484328453,-24.75959156050211,9.27568310855418,1.597833701652463,-1.5479618974536957,-10.727989624527016,12.738853823747847
-43.28047339790214,273.1962340673101,-25.22876069451742,9.291166584962056,1.5878057472226705,-1.6591320521776711,-10.756054681321247,11.528086628439977
-42.98870166060351,273.2596654263711,-25.699964038959216,9.305783600845569,1.579382419507726,-1.7746043463944285,-10.778989243292914,10.282096200666881
-42.69692992330488,273.31216352944386,-26.172772302129776,9.319516224745975,1.5725843818843215,-1.8940639855428438,-10.79664989214943,9.007443973257654
-42.40515818600613,273.35336775786385,-26.64676251326113,9.332348320175466,1.567422319531051,-2.0171975443217707,-10.808914487543401,7.710939920773879
-42.11338644870739,273.3829478398229,-27.121485822178776,9.344267215512888,1.5639007599435177,-2.1436899461848804,-10.815678284246419,6.399748874617386
-41.821614711408756,273.4005907467245,-27.59650206835779,9.35526230209691,1.5620144703926273,-2.2732319682989477,-10.81685575664768,5.081132673036711
-41.52984297411001,273.40600871642687,-28.07135794528516,9.365326055401226,1.5617508664291984,-2.405515065259534,-10.812383307848668,3.7624595655385096
-41.23807123681138,273.3989347991241,-28.54560827540206,9.374452184917606,1.5630879045323303,-2.540244889703877,-10.80221371373057,2.4511650902708477
-40.946299499512634,273.37912514524254,-29.01879626484808,9.382639434243865,1.565998224765476,-2.677125776147182,-10.786319260475263,1.1546364450805826
-40.65452776221389,273.34636176197404,-29.49046403994533,9.38988784931403,1.5704465133222134,-2.8158731043836958,-10.764690330971003,-0.11978525141277112
-40.36275602491526,273.30044236211177,-29.960160998067064,9.396200139617287,1.5763905298524283,-2.956210548457513,-10.737328264651493,-1.3650534356855517
-40.070984287616625,273.24119211249473,-30.427434475304764,9.401582523554438,1.583783496183547,-3.0978630966748515,-10.70424284322134,-2.5744574628787675
-39.779212550317766,273.16845454462594,-30.89183771191146,9.406042265410164,1.592572168407254,-3.2405618806391536,-10.66544625471973,-3.741708684246355
-39.487440813019134,273.08209738593797,-31.352921615575507,9.409590589868026,1.6027003636320651,-3.384034882748638,-10.620952662709039,-4.860867219788004
-39.1956690757205,272.9820087998253,-31.810245654916827,9.412239341812514,1.6141069296616553,-3.5280084048361022,-10.570769938729105,-5.926755289174144
-38.90389733842176,272.8681070405427,-32.26336597212508,9.414003718347306,1.6267291086812437,-3.672197882222119,-10.514910084574177,-6.934699482943421
-38.61212560112301,272.7403269999357,-32.71184494963043,9.414900311592923,1.6405009440891818,-3.8163161671841066,-10.45338669396912,-7.880587263914486
-38.32035386382438,272.5986478777712,-33.15523823219899,9.414948219296628,1.6553560491185373,-3.960058044544777,-10.386229308660768,-8.761257045134174
-38.028582126525635,272.4430594633644,-33.5931232428017,9.41416626941573,1.6712251268181297,-4.103121117119994,-10.313484091575907,-9.574089885330547
-37.73681038922689,272.27359055117864,-34.02507126994966,9.412575114662152,1.6880386903112339,-4.245196258154797,-10.235220307384118,-10.317444721054454
-37.44503865192826,272.0902991203003,-34.45066262878666,9.410196852818586,1.7057273235303023,-4.385976620108614,-10.151536629111503,-10.990298229942443
-37.15326691462951,271.8932781179705,-34.8694907887763,9.407054419436587,1.7242223055356702,-4.525162176087089,-10.062565680241057,-11.592484875959206
-36.86149517733088,271.68265433316924,-35.28115513979318,9.403171078832958,1.743454984833621,-4.662465619681414,-9.968472953856258,-12.124650884635814
-36.569723440032135,271.45857820034496,-35.6852815690485,9.398569800271408,1.763357821279201,-4.797623493619473,-9.869455212406143,-12.588012932107404
-36.27795170273339,271.2212321182501,-36.08150138442691,9.393274411911799,1.7838644629241236,-4.930395542358381,-9.765734886632494,-12.984560128332397
-35.98617996543476,270.97082396726256,-36.46947446837271,9.387307601759684,1.8049102332525229,-5.060570074172115,-9.657563183906966,-13.316823392746015
-35.694408228136126,270.70760312613913,-36.84888000255018,9.380693754900594,1.8264345481169126,-5.187960907502616,-9.545209305767537,-13.587700606165146
-35.40263649083727,270.431811056506,-37.21941363533938,9.373454869985572,1.8483758678840962,-5.312424153668232,-9.428949243201293,-13.800410421452753
-35.110864753538635,270.1437312598931,-37.58080465105166,9.365612179291261,1.8706770864760591,-5.433836807203784,-9.309069898352062,-13.95865948674572
-34.819093016240004,269.8436594685775,-37.9327976267345,9.357187033452588,1.893283454183457,-5.5521070139556015,-9.185854822572727,-14.066200145125112
-34.52732127894126,269.5319095865905,-38.27516249304682,9.34820016390508,1.916143542179959,-5.6671654250794266,-9.059586269140942,-14.126915848272029
-34.23554954164251,269.20879535366606,-38.60768733068574,9.338671176083427,1.9392078865680675,-5.778968173043099,-8.930531763021934,-14.144567381197295
-33.94377780434388,268.8746704857283,-38.930188708693684,9.32861976568002,1.9624322017470512,-5.887479096165626,-8.798958618672637,-14.123081106799189
-33.652006067045136,268.5298686397417,-39.242494479163376,9.318064318566206,1.9857731730586954,-5.9926831052393235,-8.665106055880198,-14.065986306135711
-33.36023432974639,268.1747359116942,-39.54445496952429,9.30701973007522,2.0091893389399256,-6.0945772383386405,-8.529201676823726,-13.976811099204042
-33.06846259244776,267.8096408601305,-39.83593865258995,9.295503997503646,2.0326451719765375,-6.1931571822746525,-8.391461003224128,-13.858737887590673
-32.77669085514901,267.43495077024363,-40.11682809412492,9.283532724043786,2.0561065321983363,-6.28842636337672,-8.252080410021515,-13.714750666726212
-32.48491911785038,267.0510419622022,-40.387021799358806,9.271121586567086,2.0795427301256058,-6.380391415523798,-8.111244823730837,-13.547506986801446
-32.19314738055152,266.65829792515177,-40.646430372755226,9.258285362852876,2.1029253739827616,-6.469056524721223,-7.969121515551007,-13.35944823148456
-31.90137564325289,266.2570994281083,-40.89497302276563,9.245036749022498,2.1262271832191852,-6.554430638789193,-7.825865940417814,-13.152796462856202
-31.60960390595426,265.8478528374032,-41.13259029815795,9.231391435048655,2.1494267093299086,-6.636516950698908,-7.681629309879694,-12.92939938623877
-31.317832168655514,265.4309513465331,-41.359222575420596,9.217362037232068,2.1725017577512626,-6.715320766685545,-7.536545903259405,-12.690903373647384
-31.02606043135677,265.00680195610573,-41.57482457140018,9.202961144979048,2.195433070144911,-6.790844196032496,-7.390745738335403,-12.438719917398483
-30.734288694058137,264.5758157767147,-41.779358177575865,9.18820166601834,2.218203505862354,-6.863086048145483,-7.244351984230011,-12.174018957653509
-30.44251695675939,264.13841006410536,-41.97279303913071,9.173096180967997,2.240797613870364,-6.932041401900083,-7.097482617346925,-11.897765095084567
-30.15074521946076,263.69500883352214,-42.15511007458403,9.157656890686898,2.2632019442122293,-6.9977017797196455,-6.950251824098347,-11.610701792352526
-29.858973482162014,263.24604342474913,-42.3262967611176,9.141896377480574,2.285404717800184,-7.060054476628258,-6.802772311528756,-11.313403721092627
-29.56720174486327,262.79194461868235,-42.48634216558138,9.125826304899014,2.3073944908381727,-7.1190812083849275,-6.6551539631203775,-11.006313074527013
-29.275430007564637,262.3331493769826,-42.63524511908273,9.109458490806388,2.3291616135594984,-7.174750136092209,-6.507510724970201,-10.689670622923384
-28.98365827026589,261.8701242374189,-42.77302968915664,9.092807046631977,2.3507005567861268,-7.22701651257455,-6.359972602316499,-10.363615353049136
-28.691886532967146,261.40332156927,-42.89970003862266,9.075882405296978,2.3720017583159043,-7.275836495571075,-6.212655127446188,-10.02825174581055
-28.400114795668514,260.9331976683744,-43.01528146644565,9.058697117172603,2.393059568883697,-7.321167941498957,-6.065678432451302,-9.683630013774549
-28.108343058369883,260.4602265145758,-43.11981069239881,9.041263636714387,2.4138691764247957,-7.362959349748889,-5.919173084765808,-9.329764006574564
-27.816571321071024,259.9848897661538,-43.21333344993522,9.02359439351803,2.434426402309014,-7.401135998640547,-5.773286159986632,-8.966738775199287
-27.524799583772392,259.5076773013389,-43.295889585559394,9.00570140488754,2.4547254201752935,-7.435606511500451,-5.628177462710435,-8.594664810361603
-27.23302784647376,259.0290912977808,-43.36755652429236,8.987597488299949,2.474764512176968,-7.466294008935027,-5.48402067903054,-8.213678681966938
-26.941256109175015,258.5496389471945,-43.428413706965905,8.969295426369339,2.4945411532592896,-7.493105075451998,-5.340998978580641,-7.824185832936864
-26.64948437187627,258.06984086124857,-43.478549491323044,8.950807555891766,2.5140521480202165,-7.515922267790892,-5.199313122352946,-7.426867035155679
-26.357712634577638,257.590223618705,-43.518062690275855,8.932144731517273,2.5332934680681785,-7.534631796396722,-5.059180678327043,-7.022640357103736
-26.065940897278892,257.1113336596543,-43.547082903858495,8.91332001638981,2.552263488670288,-7.549089936905622,-4.920858637232997,-6.612446409095972
-25.77416915998026,256.63372608305025,-43.56574886458549,8.8943443248835,2.570958539601104,-7.559127701407664,-4.7846238293941905,-6.197976114855084
-25.482397422681515,256.15797333266954,-43.57422823127304,8.875229074433335,2.5893757459743587,-7.564585611684955,-4.650772988961716,-5.781084070846051
-25.19062568538277,255.6846647465288,-43.57270183657426,8.855984654569134,2.607510098867524,-7.565215793320093,-4.519677468616817,-5.364115530694896
-24.898853948084138,255.21440022750528,-43.56137659183993,8.836619795063744,2.6253557510207863,-7.560777001120067,-4.391719901609719,-4.9500297619971185
-24.607082210785393,254.74783758096922,-43.54052475663047,8.817144499691308,2.6429084648073706,-7.550931361442862,-4.2673924963569645,-4.542293571575482
-24.315310473486647,254.285636684662,-43.51042956943801,8.797566665661572,2.660160498615253,-7.535292635429838,-4.147231207449462,-4.145113857959994
-24.023538736188016,253.8285064567494,-43.471418237432545,8.777891613314264,2.6771009439754327,-7.51340168215356,-4.031847821360502,-3.763468110485856
-23.731766998889384,253.37719524865378,-43.42386108799322,8.75812372152662,2.6937161272631274,-7.484968094040458,-3.9217328889437266,-3.403068725601917
-23.439995261590525,252.93243488820195,-43.3681547671176,8.7382663720464,2.7099908927051777,-7.4504355276746494,-3.816789911484967,-3.0696733596390935
-23.148223524291893,252.49487457574224,-43.30466752028594,8.718320660810768,2.725906954469367,-7.4105016227276534,-3.7166946118463264,-2.7681332307770594
-22.85645178699326,252.06508742769068,-43.23374082992533,8.698286944338383,2.741444207602962,-7.365796089225989,-3.6211477946044353,-2.502122791195871
-22.564680049694516,251.6435660383333,-43.15569129245446,8.678163763423262,2.7565817638369357,-7.316876811657935,-3.5298859494158434,-2.2744391099615777
-22.27290831239577,251.23073946662646,-43.070813305967754,8.657949693857493,2.771298532446783,-7.2641940420629165,-3.442705500069334,-2.0871016764562187
-21.98113657509873,250.82699375121243,-42.97937730823234,8.637641685570534,2.7855716163035424,-7.208137340476574,-3.359424570048821,-1.9415797935040053
-21.689364837802145,250.4326457228505,-42.88165387782436,8.617238049876004,2.79938220280054,-7.149036400100193,-3.2798892969429776,-1.8386022556954777
-21.397593100505674,250.0479942848533,-42.777887000897096,8.596735463696046,2.812708492199496,-7.087168138453909,-3.2039657090876514,-1.778668991061241
-21.105821363209202,249.67329798504036,-42.668316205345334,8.576130798241689,2.8255304929158167,-7.0227653544936315,-3.1315377182471162,-1.761800138201773
-20.814049625912617,249.30877550128477,-42.55317306611833,8.555421360396238,2.8378300187167684,-6.956047911736426,-3.062482433896076,-1.7878338542563241
-20.52227788861603,248.95463751580849,-42.432666482894824,8.534603858822244,2.849586739976562,-6.887194495304231,-2.9966948657409436,-1.8563561245275937
-20.23050615131956,248.61106004192996,-42.307001651343654,8.513675414563258,2.8607825850464805,-6.816347516271024,-2.9340882544924307,-1.9667990790754912
-19.938734414023088,248.27820193380757,-42.17638063151921,8.49263339094053,2.871400448868727,-6.7436386482971065,-2.874572602275511,-2.118392057521792
-19.646962676726503,247.95620911907315,-42.04099160036765,8.471475444284636,2.881423046739972,-6.669200324420807,-2.8180445174431537,-2.3102448783851575
-19.355190939429917,247.64519830360598,-41.90101804387354,8.450198974857827,2.8908350657698394,-6.593141108455193,-2.7644152331058436,-2.541384252069301
-19.063419202133446,247.34528242804546,-41.75663774506791,8.428801986892008,2.8996212595843565,-6.515542675699844,-2.7136101802737187,-2.810822271151008
-18.771647464836974,247.0565672119608,-41.608014605009565,8.40728321686316,2.9077661813953743,-6.436470193547209,-2.6655613575948713,-3.1176223311356415
-18.47987572754039,246.7791349718881,-41.455312950683314,8.38564093250569,2.915256497290137,-6.355993944320536,-2.6201898740996645,-3.460625790929148
-18.188103990243803,246.51306943753994,-41.29868311511385,8.363873617597111,2.9220779529691203,-6.274181542186065,-2.5774108482674363,-3.838666853236469
-17.89633225294733,246.25844219627976,-41.13827904429458,8.341981306757061,2.9282182838748554,-6.191089029917642,-2.537147178287932,-4.250554073857138
-17.604560515650746,246.01531787325436,-40.97423690958008,8.319962843128746,2.93366453196893,-6.106754842472408,-2.4993307263527536,-4.695104453103844
-17.312788778354275,245.78375400107737,-40.80669473930638,8.297818841822533,2.9384052873211846,-6.021209427815385,-2.463897851475674,-5.1711326665861534
-17.02101704105769,245.5638057219202,-40.635782403209745,8.275548883513629,2.9424288726363876,-5.934476511023741,-2.430785480405932,-5.677454374428662
-16.729245303761218,245.3555164551345,-40.461628396613065,8.25315384728615,2.9457252802632543,-5.8465771112271545,-2.3999303416652236,-6.212832352277542
-16.437473566464632,245.15893631730626,-40.284348789859166,8.230634633404028,2.9482834366493123,-5.757526486671888,-2.3712694211751666,-6.776022364264615
-16.14570182916816,244.9741066534055,-40.104060957645174,8.207992516006708,2.9500936676413683,-5.667341388081278,-2.344733904576767,-7.365743310140603
-15.853930091871689,244.80106789092895,-39.920872879248705,8.18522924006991,2.9511463152439568,-5.57602833194565,-2.3202632353576194,-7.98069409509728
-15.562158354575104,244.63985814165352,-39.73488911607768,8.162346926424979,2.9514322532943167,-5.4835879011679864,-2.2977988181418145,-8.61953511402178
-15.270386617278518,244.4905144312674,-39.54620963853904,8.139348108151122,2.9509427200441367,-5.390015426371004,-2.2772842762017524,-9.280912995335239
-14.978614879981933,244.35306882148015,-39.354931063366266,8.116235729490286,2.9496697879981815,-5.295302783635843,-2.2586641108741192,-9.963441402247302
-14.686843142685575,244.2275665119673,-39.161142657678376,8.093013197701048,2.9476043770447102,-5.19943461938282,-2.2418868049393597,-10.665764243233966
-14.39507140538899,244.11403998524705,-38.9649327737456,8.069684327464923,2.944739167879268,-5.102394727614039,-2.2268990949716816,-11.386442577340013
-14.103299668092404,244.0125328448395,-38.76638247852185,8.046253317740744,2.941065903348268,-5.004161887400163,-2.213649451201827,-12.124042619261486
-13.811527930795819,243.92307170330704,-38.56557557450923,8.02272508825315,2.9365787863034183,-4.904713601088082,-2.202087276780628,-12.87702430173361
-13.519756193499461,243.84569718871865,-38.36258658279707,7.999104714926881,2.9312706736391276,-4.804023068375701,-2.192162646420369,-13.643853105700309
-13.227984456202876,243.78046078001142,-38.15748311732596,7.975398270830475,2.925133651197136,-4.702057034697559,-2.1838287187261565,-14.422987245065253
-12.93621271890629,243.72740027875903,-37.95033808478123,7.951611577857696,2.9181619324371333,-4.598782980233396,-2.1770373209141414,-15.21276679015731
-12.644440981609819,243.68656649320315,-37.74121717498049,7.9277516475079715,2.910348747954196,-4.494162348094378,-2.171745778030243,-16.011508001411734
-12.352669244313233,243.65800540565937,-37.5301812502614,7.903825825889251,2.9016881852121994,-4.388155019524864,-2.167908896630867,-16.817463610874746
-12.060897507016762,243.64176726707672,-37.31728856890944,7.879842024275392,2.8921743980841628,-4.280716761707094,-2.165481850043755,-17.628810304914104
-11.769125769720176,243.6379096071082,-37.102597058882466,7.855808866363628,2.8818013951716805,-4.1718013634823174,-2.1644271702330733,-18.44370104273621
-11.477354032423705,243.6464889661987,-36.88615954199608,7.831735491600168,2.87056368621584,-4.061359414100326,-2.164702027792708,-19.260190431212735
-11.18558229512712,243.66755779853392,-36.66803022836506,7.807632031760453,2.8584569113961855,-3.9493406601262526,-2.166266080438962,-20.07623662213763
-10.893810557830534,243.7011987018199,-36.44825113970661,7.7835083902254825,2.8454736585848326,-3.8356860528263566,-2.169083048715125,-20.88976961649748
-10.602038820534176,243.74746469276607,-36.22687693758731,7.759376276879584,2.8316107891541398,-3.7203424232325837,-2.17311393789619,-21.698614337572096
-10.31026708323759,243.80643759891788,-36.003942609522205,7.735247370618058,2.8168620308662207,-3.6032469945309873,-2.1783234106565676,-22.500446096465744
-10.018495345941005,243.87820041441466,-35.77949074637178,7.711134400253601,2.801221920923991,-3.4843361308273773,-2.1846770175198182,-23.292935130268663
-9.72672360864442,243.96282046463241,-35.55356963659992,7.687050898212765,2.7846874711676266,-3.3635484394145636,-2.192139784863948,-24.073545543371907
-9.434951871348062,244.06038640448375,-35.326211244440834,7.663011316236107,2.767253574675312,-3.2408163482314123,-2.2006791000410835,-24.83975615989655
-9.143180134051477,244.17098718803254,-35.097454959407784,7.639030846400888,2.748915981781181,-3.116070594320988,-2.210263738845612,-25.58881612904159
-8.851408396754891,244.29470539902036,-34.86734004743817,7.615125684023849,2.7296717767966605,-2.9892424768450785,-2.220863021470295,-26.31790022193892
-8.559636659458306,244.43164894965176,-34.63589757035908,7.591312796202387,2.709515794814286,-2.8602565778817954,-2.2324482137305535,-27.023986749007964
-8.267864922161834,244.58192844577636,-34.4031592004205,7.56761031393892,2.6884432965779856,-2.7290362706060987,-2.2449927974332904,-27.703973897222998
-7.976093184865363,244.74563983871488,-34.16916117108036,7.544037378126625,2.6664519249379146,-2.595507339242803,-2.258469904172583,-28.35457750798971
-7.684321447568777,244.9228928380571,-33.93393648738273,7.520614201457136,2.643538483280484,-2.459591923939078,-2.2728548954994903,-28.972328554839386
-7.392549710272306,245.11381174630912,-33.6975168698818,7.49736216791634,2.6196989149719854,-2.3212085098641246,-2.2881258798624864,-29.55359409826955
-7.10077797297572,245.31849392562972,-33.459939998280014,7.474304209569048,2.594932894751689,-2.180280949463641,-2.3042593886012264,-30.094562055469375
-6.809006235679135,245.53707073730786,-33.22123351825953,7.451463295341651,2.569237131893251,-2.036725719122953,-2.321237035318924,-30.591181641069486
-6.517234498382663,245.76966806650742,-32.98143389983165,7.4288649733082845,2.5426098105379054,-1.8904608156325016,-2.339041677368237,-31.0392009768263
-6.225462761086192,246.01641272405274,-32.74057728810179,7.406535672100713,2.515049889333551,-1.7414043074649679,-2.3576594937800004,-31.434100764463576
-5.933691023789606,246.27743559254273,-32.49869847653646,7.384503353324914,2.4865567529859556,-1.5894735158598983,-2.377075916479826,-31.771126506025308
-5.641919286493021,246.55288270102284,-32.255837763962305,7.362797715557115,2.457129161099832,-1.434584590774169,-2.3972852411405308,-32.04527611086848
-5.350147549196549,246.84289103592005,-32.012035746942956,7.341449916018222,2.426767862592754,-1.276655472678046,-2.4182818440845395,-32.25118018278822
-5.058375811900078,247.14759320408598,-31.767336977808807,7.320492316738668,2.3954752893363986,-1.1156072002190491,-2.44006272098091,-32.3832179201057
-4.766604074603492,247.46711891478185,-31.521789560611246,7.299960159694375,2.3632551804456767,-0.951363313445544,-2.462630686037508,-32.43535298175213
-4.474832337306907,247.80165637071445,-31.275442277236756,7.27988842061148,2.3301067969875326,-0.7838389301649988,-2.4859973699238878,-32.40122879582892
-4.183060600010435,248.15131187276114,-31.02835558251858,7.260317043811111,2.2960389786786286,-0.6129664762573799,-2.5101722626529446,-32.2740799877078
-3.8912888627139637,248.5162619523191,-30.78058871935907,7.241286094202286,2.2610550934055595,-0.4386696882549704,-2.5351794833938506,-32.04664183207076
-3.5995171254173783,248.89664052886047,-30.53221255526066,7.222838229890829,2.225164760704901,-0.26088570042205317,-2.5610454064961683,-31.711230030463014
-3.307745388120793,249.29260401216507,-30.28329950514534,7.205018734486803,2.188377149819426,-0.07955092126163138,-2.587807931091597,-31.259646380427693
-3.0159736508243213,249.70430388181904,-30.033938557342477,7.187874773528817,2.1507044319934363,0.10538891994844782,-2.615512791203498,-30.683122002584764
-2.724201913527736,250.1318777892669,-29.784217182525538,7.171457516680353,2.112162361488223,0.29397870274292154,-2.644216993864034,-29.97227214731081
-2.4324301762312643,250.57547041293415,-29.53424343378559,7.155819452968763,2.0727693825231146,0.4862545540525076,-2.673990106708369,-29.11708955397713
-2.1406584389347927,251.03522233605216,-29.284131595323117,7.141016405274985,2.0325476883868796,0.6822420015883853,-2.7049148014768183,-28.106887548062037
-1.8488867016382073,251.5112581559047,-29.034016008628218,7.127107857094104,1.9915248261974525,0.881949511361457,-2.737089156900884,-26.930208647837578
-1.557114964341622,252.00372289252567,-28.78404058538098,7.114156620379083,1.9497309004462937,1.0853755355984083,-2.770631310157931,-25.574767548259434
-1.2653432270451503,252.51273181062595,-28.53436688288145,7.102228687643052,1.9072045378956135,1.2924936076213276,-2.80567795376635,-24.027469786756647
-0.9735714897486787,253.03839118135573,-28.28518043352664,7.0913938198100075,1.863991516651881,1.503253055544338,-2.842389006153391,-22.274336458324555
-0.6817997524520933,253.58081102323726,-28.036682635443526,7.081726416096535,1.8201444749480513,1.717576309413778,-2.880951010339907,-20.300414342379515
-0.390028015155508,254.14006481868253,-27.789103432484538,7.073304369265258,1.775728649302634,1.9353452392405022,-2.9215802890147096,-18.089902478553835
-0.09825627785892266,254.71623429114223,-27.542704767246093,7.066210788153268,1.7308184732464231,2.1564022558755407,-2.964526807343103,-15.625906644673442
